# This file is brought to you by Roblox Corporation
# Generated by Roblox Studio

mtllib cross.mtl

g Top11

v 26.8741 27.8609 -79.1759 
v 26.8741 27.8609 -75.1759 
v 26.8741 23.8609 -79.1759 
v 26.8741 23.8609 -75.1759 
v 24.8741 27.8609 -75.1759 
v 26.8741 27.8609 -75.1759 
v 24.8741 27.8609 -79.1759 
v 26.8741 27.8609 -79.1759 
v 26.8741 27.8609 -75.1759 
v 24.8741 27.8609 -75.1759 
v 26.8741 23.8609 -75.1759 
v 24.8741 23.8609 -75.1759 
v 24.8741 27.8609 -75.1759 
v 24.8741 27.8609 -79.1759 
v 24.8741 23.8609 -75.1759 
v 24.8741 23.8609 -79.1759 
v 24.8741 23.8609 -79.1759 
v 26.8741 23.8609 -79.1759 
v 24.8741 23.8609 -75.1759 
v 26.8741 23.8609 -75.1759 
v 24.8741 27.8609 -79.1759 
v 26.8741 27.8609 -79.1759 
v 24.8741 23.8609 -79.1759 
v 26.8741 23.8609 -79.1759 

vn 1 0 0 
vn 1 0 0 
vn 1 0 0 
vn 1 0 0 
vn 0 1 0 
vn 0 1 0 
vn 0 1 0 
vn 0 1 0 
vn 0 0 1 
vn 0 0 1 
vn 0 0 1 
vn 0 0 1 
vn -1 0 0 
vn -1 0 0 
vn -1 0 0 
vn -1 0 0 
vn 0 -1 0 
vn 0 -1 0 
vn 0 -1 0 
vn 0 -1 0 
vn 0 0 -1 
vn 0 0 -1 
vn 0 0 -1 
vn 0 0 -1 

vt 7 -0.75 
vt 6.5 -0.75 
vt 7 -1.25 
vt 6.5 -1.25 
vt 6.75 -0.75 
vt 6.5 -0.75 
vt 6.75 -1.25 
vt 6.5 -1.25 
vt 6.75 -0.75 
vt 6.5 -0.75 
vt 6.75 -1.25 
vt 6.5 -1.25 
vt 7 -0.75 
vt 6.5 -0.75 
vt 7 -1.25 
vt 6.5 -1.25 
vt 6.75 -0.75 
vt 6.5 -0.75 
vt 6.75 -1.25 
vt 6.5 -1.25 
vt 6.75 -0.75 
vt 6.5 -0.75 
vt 6.75 -1.25 
vt 6.5 -1.25 

usemtl Top11Mtl

f 1/1/1 2/2/2 3/3/3 
f 3/3/3 2/2/2 4/4/4 
f 5/5/5 6/6/6 7/7/7 
f 7/7/7 6/6/6 8/8/8 
f 9/9/9 10/10/10 11/11/11 
f 11/11/11 10/10/10 12/12/12 
f 13/13/13 14/14/14 15/15/15 
f 15/15/15 14/14/14 16/16/16 
f 17/17/17 18/18/18 19/19/19 
f 19/19/19 18/18/18 20/20/20 
f 21/21/21 22/22/22 23/23/23 
f 23/23/23 22/22/22 24/24/24 

g Bottom11

v 26.8742 18.8609 -79.1759 
v 26.8742 18.8609 -75.1759 
v 26.8742 14.8609 -79.1759 
v 26.8742 14.8609 -75.1759 
v 22.8742 18.8609 -75.1759 
v 26.8742 18.8609 -75.1759 
v 22.8742 18.8609 -79.1759 
v 26.8742 18.8609 -79.1759 
v 26.8742 18.8609 -75.1759 
v 22.8742 18.8609 -75.1759 
v 26.8742 14.8609 -75.1759 
v 22.8742 14.8609 -75.1759 
v 22.8742 18.8609 -75.1759 
v 22.8742 18.8609 -79.1759 
v 22.8742 14.8609 -75.1759 
v 22.8742 14.8609 -79.1759 
v 22.8742 14.8609 -79.1759 
v 26.8742 14.8609 -79.1759 
v 22.8742 14.8609 -75.1759 
v 26.8742 14.8609 -75.1759 
v 22.8742 18.8609 -79.1759 
v 26.8742 18.8609 -79.1759 
v 22.8742 14.8609 -79.1759 
v 26.8742 14.8609 -79.1759 

vn 1 0 0 
vn 1 0 0 
vn 1 0 0 
vn 1 0 0 
vn 0 1 0 
vn 0 1 0 
vn 0 1 0 
vn 0 1 0 
vn 0 0 1 
vn 0 0 1 
vn 0 0 1 
vn 0 0 1 
vn -1 0 0 
vn -1 0 0 
vn -1 0 0 
vn -1 0 0 
vn 0 -1 0 
vn 0 -1 0 
vn 0 -1 0 
vn 0 -1 0 
vn 0 0 -1 
vn 0 0 -1 
vn 0 0 -1 
vn 0 0 -1 

vt 3 -5.75 
vt 2.5 -5.75 
vt 3 -6.25 
vt 2.5 -6.25 
vt 3 -5.75 
vt 2.5 -5.75 
vt 3 -6.25 
vt 2.5 -6.25 
vt 3 -5.75 
vt 2.5 -5.75 
vt 3 -6.25 
vt 2.5 -6.25 
vt 3 -5.75 
vt 2.5 -5.75 
vt 3 -6.25 
vt 2.5 -6.25 
vt 3 -5.75 
vt 2.5 -5.75 
vt 3 -6.25 
vt 2.5 -6.25 
vt 3 -5.75 
vt 2.5 -5.75 
vt 3 -6.25 
vt 2.5 -6.25 

usemtl Top11Mtl

f 25/25/25 26/26/26 27/27/27 
f 27/27/27 26/26/26 28/28/28 
f 29/29/29 30/30/30 31/31/31 
f 31/31/31 30/30/30 32/32/32 
f 33/33/33 34/34/34 35/35/35 
f 35/35/35 34/34/34 36/36/36 
f 37/37/37 38/38/38 39/39/39 
f 39/39/39 38/38/38 40/40/40 
f 41/41/41 42/42/42 43/43/43 
f 43/43/43 42/42/42 44/44/44 
f 45/45/45 46/46/46 47/47/47 
f 47/47/47 46/46/46 48/48/48 

g Blue1

v 24.8741 10.4859 -77.1759 
v 26.2925 10.4859 -78.5944 
v 25.9868 10.4859 -78.845 
v 25.5084 10.4859 -79.079 
v 24.8741 10.4859 -79.1819 
v 24.2397 10.4859 -79.079 
v 23.7614 10.4859 -78.845 
v 23.4556 10.4859 -78.5944 
v 23.4556 10.4859 -78.5944 
v 23.205 10.4859 -78.2886 
v 22.971 10.4859 -77.8103 
v 22.8681 10.4859 -77.1759 
v 22.971 10.4859 -76.5415 
v 23.205 10.4859 -76.0632 
v 23.4556 10.4859 -75.7574 
v 23.4556 10.4859 -75.7574 
v 23.7614 10.4859 -75.5068 
v 24.2397 10.4859 -75.2728 
v 24.8741 10.4859 -75.1699 
v 25.5084 10.4859 -75.2728 
v 25.9868 10.4859 -75.5068 
v 26.2925 10.4859 -75.7574 
v 26.2925 10.4859 -75.7574 
v 26.5432 10.4859 -76.0632 
v 26.7771 10.4859 -76.5415 
v 26.8801 10.4859 -77.1759 
v 26.7771 10.4859 -77.8103 
v 26.5432 10.4859 -78.2886 
v 26.2925 10.4859 -78.5944 
v 26.2925 19.3609 -75.7574 
v 26.2925 10.4859 -75.7574 
v 26.5432 19.3609 -76.0632 
v 26.5432 10.4859 -76.0632 
v 26.7771 19.3609 -76.5415 
v 26.7771 10.4859 -76.5415 
v 26.8801 19.3609 -77.1759 
v 26.8801 10.4859 -77.1759 
v 26.7771 19.3609 -77.8103 
v 26.7771 10.4859 -77.8103 
v 26.5432 19.3609 -78.2886 
v 26.5432 10.4859 -78.2886 
v 26.2925 19.3609 -78.5944 
v 26.2925 10.4859 -78.5944 
v 26.2925 10.4859 -75.7574 
v 26.2925 19.3609 -75.7574 
v 25.9868 10.4859 -75.5068 
v 25.9868 19.3609 -75.5068 
v 25.5084 10.4859 -75.2728 
v 25.5084 19.3609 -75.2728 
v 24.8741 10.4859 -75.1699 
v 24.8741 19.3609 -75.1699 
v 24.2397 10.4859 -75.2728 
v 24.2397 19.3609 -75.2728 
v 23.7614 10.4859 -75.5068 
v 23.7614 19.3609 -75.5068 
v 23.4556 10.4859 -75.7574 
v 23.4556 19.3609 -75.7574 
v 24.8741 19.3609 -77.1759 
v 26.2925 19.3609 -75.7574 
v 25.9868 19.3609 -75.5068 
v 25.5084 19.3609 -75.2728 
v 24.8741 19.3609 -75.1699 
v 24.2397 19.3609 -75.2728 
v 23.7614 19.3609 -75.5068 
v 23.4556 19.3609 -75.7574 
v 23.4556 19.3609 -75.7574 
v 23.205 19.3609 -76.0632 
v 22.971 19.3609 -76.5415 
v 22.8681 19.3609 -77.1759 
v 22.971 19.3609 -77.8103 
v 23.205 19.3609 -78.2886 
v 23.4556 19.3609 -78.5944 
v 23.4556 19.3609 -78.5944 
v 23.7614 19.3609 -78.845 
v 24.2397 19.3609 -79.079 
v 24.8741 19.3609 -79.1819 
v 25.5084 19.3609 -79.079 
v 25.9868 19.3609 -78.845 
v 26.2925 19.3609 -78.5944 
v 26.2925 19.3609 -78.5944 
v 26.5432 19.3609 -78.2886 
v 26.7771 19.3609 -77.8103 
v 26.8801 19.3609 -77.1759 
v 26.7771 19.3609 -76.5415 
v 26.5432 19.3609 -76.0632 
v 26.2925 19.3609 -75.7574 
v 23.4556 19.3609 -78.5944 
v 23.4556 10.4859 -78.5944 
v 23.205 19.3609 -78.2886 
v 23.205 10.4859 -78.2886 
v 22.971 19.3609 -77.8103 
v 22.971 10.4859 -77.8103 
v 22.8681 19.3609 -77.1759 
v 22.8681 10.4859 -77.1759 
v 22.971 19.3609 -76.5415 
v 22.971 10.4859 -76.5415 
v 23.205 19.3609 -76.0632 
v 23.205 10.4859 -76.0632 
v 23.4556 19.3609 -75.7574 
v 23.4556 10.4859 -75.7574 
v 26.2925 19.3609 -78.5944 
v 26.2925 10.4859 -78.5944 
v 25.9868 19.3609 -78.845 
v 25.9868 10.4859 -78.845 
v 25.5084 19.3609 -79.079 
v 25.5084 10.4859 -79.079 
v 24.8741 19.3609 -79.1819 
v 24.8741 10.4859 -79.1819 
v 24.2397 19.3609 -79.079 
v 24.2397 10.4859 -79.079 
v 23.7614 19.3609 -78.845 
v 23.7614 10.4859 -78.845 
v 23.4556 19.3609 -78.5944 
v 23.4556 10.4859 -78.5944 

vn 0 -1 0 
vn 0 -1 0 
vn 0 -1 0 
vn 0 -1 0 
vn 0 -1 0 
vn 0 -1 0 
vn 0 -1 0 
vn 0 -1 0 
vn 0 -1 0 
vn 0 -1 0 
vn 0 -1 0 
vn 0 -1 0 
vn 0 -1 0 
vn 0 -1 0 
vn 0 -1 0 
vn 0 -1 0 
vn 0 -1 0 
vn 0 -1 0 
vn 0 -1 0 
vn 0 -1 0 
vn 0 -1 0 
vn 0 -1 0 
vn 0 -1 0 
vn 0 -1 0 
vn 0 -1 0 
vn 0 -1 0 
vn 0 -1 0 
vn 0 -1 0 
vn 0 -1 0 
vn 0.708661 0 0.708661 
vn 0.708661 0 0.708661 
vn 0.834646 0 0.551181 
vn 0.834646 0 0.551181 
vn 0.944882 0 0.314961 
vn 0.944882 0 0.314961 
vn 1 0 0 
vn 1 0 0 
vn 0.944882 0 -0.314961 
vn 0.944882 0 -0.314961 
vn 0.834646 0 -0.551181 
vn 0.834646 0 -0.551181 
vn 0.708661 0 -0.708661 
vn 0.708661 0 -0.708661 
vn 0.708661 0 0.708661 
vn 0.708661 0 0.708661 
vn 0.551181 0 0.834646 
vn 0.551181 0 0.834646 
vn 0.314961 0 0.944882 
vn 0.314961 0 0.944882 
vn 0 0 1 
vn 0 0 1 
vn -0.314961 0 0.944882 
vn -0.314961 0 0.944882 
vn -0.551181 0 0.834646 
vn -0.551181 0 0.834646 
vn -0.708661 0 0.708661 
vn -0.708661 0 0.708661 
vn 0 1 0 
vn 0 1 0 
vn 0 1 0 
vn 0 1 0 
vn 0 1 0 
vn 0 1 0 
vn 0 1 0 
vn 0 1 0 
vn 0 1 0 
vn 0 1 0 
vn 0 1 0 
vn 0 1 0 
vn 0 1 0 
vn 0 1 0 
vn 0 1 0 
vn 0 1 0 
vn 0 1 0 
vn 0 1 0 
vn 0 1 0 
vn 0 1 0 
vn 0 1 0 
vn 0 1 0 
vn 0 1 0 
vn 0 1 0 
vn 0 1 0 
vn 0 1 0 
vn 0 1 0 
vn 0 1 0 
vn 0 1 0 
vn -0.708661 0 -0.708661 
vn -0.708661 0 -0.708661 
vn -0.834646 0 -0.551181 
vn -0.834646 0 -0.551181 
vn -0.944882 0 -0.314961 
vn -0.944882 0 -0.314961 
vn -1 0 0 
vn -1 0 0 
vn -0.944882 0 0.314961 
vn -0.944882 0 0.314961 
vn -0.834646 0 0.551181 
vn -0.834646 0 0.551181 
vn -0.708661 0 0.708661 
vn -0.708661 0 0.708661 
vn 0.708661 0 -0.708661 
vn 0.708661 0 -0.708661 
vn 0.551181 0 -0.834646 
vn 0.551181 0 -0.834646 
vn 0.314961 0 -0.944882 
vn 0.314961 0 -0.944882 
vn 0 0 -1 
vn 0 0 -1 
vn -0.314961 0 -0.944882 
vn -0.314961 0 -0.944882 
vn -0.551181 0 -0.834646 
vn -0.551181 0 -0.834646 
vn -0.708661 0 -0.708661 
vn -0.708661 0 -0.708661 

vt 4.50075 -2.25075 
vt 4.67806 -2.07344 
vt 4.70939 -2.11166 
vt 4.73863 -2.17146 
vt 4.7515 -2.25075 
vt 4.73863 -2.33004 
vt 4.70939 -2.38984 
vt 4.67806 -2.42806 
vt 4.67806 -2.42806 
vt 4.63984 -2.45939 
vt 4.58004 -2.48863 
vt 4.50075 -2.5015 
vt 4.42146 -2.48863 
vt 4.36166 -2.45939 
vt 4.32344 -2.42806 
vt 4.32344 -2.42806 
vt 4.29211 -2.38984 
vt 4.26287 -2.33004 
vt 4.25 -2.25075 
vt 4.26287 -2.17146 
vt 4.29211 -2.11166 
vt 4.32344 -2.07344 
vt 4.32344 -2.07344 
vt 4.36166 -2.04211 
vt 4.42146 -2.01287 
vt 4.50075 -2 
vt 4.58004 -2.01287 
vt 4.63984 -2.04211 
vt 4.67806 -2.07344 
vt 5.35938 -2 
vt 4.25 -2 
vt 5.35938 -2.08358 
vt 4.25 -2.08358 
vt 5.35938 -2.16717 
vt 4.25 -2.16717 
vt 5.35938 -2.25075 
vt 4.25 -2.25075 
vt 5.35938 -2.33433 
vt 4.25 -2.33433 
vt 5.35938 -2.41792 
vt 4.25 -2.41792 
vt 5.35938 -2.5015 
vt 4.25 -2.5015 
vt 5.35938 -2 
vt 4.25 -2 
vt 5.35938 -2.08358 
vt 4.25 -2.08358 
vt 5.35938 -2.16717 
vt 4.25 -2.16717 
vt 5.35938 -2.25075 
vt 4.25 -2.25075 
vt 5.35938 -2.33433 
vt 4.25 -2.33433 
vt 5.35938 -2.41792 
vt 4.25 -2.41792 
vt 5.35938 -2.5015 
vt 4.25 -2.5015 
vt 4.50075 -2.25075 
vt 4.67806 -2.07344 
vt 4.70939 -2.11166 
vt 4.73863 -2.17146 
vt 4.7515 -2.25075 
vt 4.73863 -2.33004 
vt 4.70939 -2.38984 
vt 4.67806 -2.42806 
vt 4.67806 -2.42806 
vt 4.63984 -2.45939 
vt 4.58004 -2.48863 
vt 4.50075 -2.5015 
vt 4.42146 -2.48863 
vt 4.36166 -2.45939 
vt 4.32344 -2.42806 
vt 4.32344 -2.42806 
vt 4.29211 -2.38984 
vt 4.26287 -2.33004 
vt 4.25 -2.25075 
vt 4.26287 -2.17146 
vt 4.29211 -2.11166 
vt 4.32344 -2.07344 
vt 4.32344 -2.07344 
vt 4.36166 -2.04211 
vt 4.42146 -2.01287 
vt 4.50075 -2 
vt 4.58004 -2.01287 
vt 4.63984 -2.04211 
vt 4.67806 -2.07344 
vt 5.35938 -2 
vt 4.25 -2 
vt 5.35938 -2.08358 
vt 4.25 -2.08358 
vt 5.35938 -2.16717 
vt 4.25 -2.16717 
vt 5.35938 -2.25075 
vt 4.25 -2.25075 
vt 5.35938 -2.33433 
vt 4.25 -2.33433 
vt 5.35938 -2.41792 
vt 4.25 -2.41792 
vt 5.35938 -2.5015 
vt 4.25 -2.5015 
vt 5.35938 -2 
vt 4.25 -2 
vt 5.35938 -2.08358 
vt 4.25 -2.08358 
vt 5.35938 -2.16717 
vt 4.25 -2.16717 
vt 5.35938 -2.25075 
vt 4.25 -2.25075 
vt 5.35938 -2.33433 
vt 4.25 -2.33433 
vt 5.35938 -2.41792 
vt 4.25 -2.41792 
vt 5.35938 -2.5015 
vt 4.25 -2.5015 

usemtl Blue1Mtl

f 49/49/49 51/51/51 50/50/50 
f 49/49/49 52/52/52 51/51/51 
f 49/49/49 53/53/53 52/52/52 
f 49/49/49 54/54/54 53/53/53 
f 49/49/49 55/55/55 54/54/54 
f 49/49/49 56/56/56 55/55/55 
f 49/49/49 58/58/58 57/57/57 
f 49/49/49 59/59/59 58/58/58 
f 49/49/49 60/60/60 59/59/59 
f 49/49/49 61/61/61 60/60/60 
f 49/49/49 62/62/62 61/61/61 
f 49/49/49 63/63/63 62/62/62 
f 49/49/49 65/65/65 64/64/64 
f 49/49/49 66/66/66 65/65/65 
f 49/49/49 67/67/67 66/66/66 
f 49/49/49 68/68/68 67/67/67 
f 49/49/49 69/69/69 68/68/68 
f 49/49/49 70/70/70 69/69/69 
f 49/49/49 72/72/72 71/71/71 
f 49/49/49 73/73/73 72/72/72 
f 49/49/49 74/74/74 73/73/73 
f 49/49/49 75/75/75 74/74/74 
f 49/49/49 76/76/76 75/75/75 
f 49/49/49 77/77/77 76/76/76 
f 78/78/78 79/79/79 80/80/80 
f 80/80/80 79/79/79 81/81/81 
f 80/80/80 81/81/81 82/82/82 
f 82/82/82 81/81/81 83/83/83 
f 82/82/82 83/83/83 84/84/84 
f 84/84/84 83/83/83 85/85/85 
f 84/84/84 85/85/85 86/86/86 
f 86/86/86 85/85/85 87/87/87 
f 86/86/86 87/87/87 88/88/88 
f 88/88/88 87/87/87 89/89/89 
f 88/88/88 89/89/89 90/90/90 
f 90/90/90 89/89/89 91/91/91 
f 92/92/92 93/93/93 94/94/94 
f 94/94/94 93/93/93 95/95/95 
f 94/94/94 95/95/95 96/96/96 
f 96/96/96 95/95/95 97/97/97 
f 96/96/96 97/97/97 98/98/98 
f 98/98/98 97/97/97 99/99/99 
f 98/98/98 99/99/99 100/100/100 
f 100/100/100 99/99/99 101/101/101 
f 100/100/100 101/101/101 102/102/102 
f 102/102/102 101/101/101 103/103/103 
f 102/102/102 103/103/103 104/104/104 
f 104/104/104 103/103/103 105/105/105 
f 106/106/106 108/108/108 107/107/107 
f 106/106/106 109/109/109 108/108/108 
f 106/106/106 110/110/110 109/109/109 
f 106/106/106 111/111/111 110/110/110 
f 106/106/106 112/112/112 111/111/111 
f 106/106/106 113/113/113 112/112/112 
f 106/106/106 115/115/115 114/114/114 
f 106/106/106 116/116/116 115/115/115 
f 106/106/106 117/117/117 116/116/116 
f 106/106/106 118/118/118 117/117/117 
f 106/106/106 119/119/119 118/118/118 
f 106/106/106 120/120/120 119/119/119 
f 106/106/106 122/122/122 121/121/121 
f 106/106/106 123/123/123 122/122/122 
f 106/106/106 124/124/124 123/123/123 
f 106/106/106 125/125/125 124/124/124 
f 106/106/106 126/126/126 125/125/125 
f 106/106/106 127/127/127 126/126/126 
f 106/106/106 129/129/129 128/128/128 
f 106/106/106 130/130/130 129/129/129 
f 106/106/106 131/131/131 130/130/130 
f 106/106/106 132/132/132 131/131/131 
f 106/106/106 133/133/133 132/132/132 
f 106/106/106 134/134/134 133/133/133 
f 135/135/135 136/136/136 137/137/137 
f 137/137/137 136/136/136 138/138/138 
f 137/137/137 138/138/138 139/139/139 
f 139/139/139 138/138/138 140/140/140 
f 139/139/139 140/140/140 141/141/141 
f 141/141/141 140/140/140 142/142/142 
f 141/141/141 142/142/142 143/143/143 
f 143/143/143 142/142/142 144/144/144 
f 143/143/143 144/144/144 145/145/145 
f 145/145/145 144/144/144 146/146/146 
f 145/145/145 146/146/146 147/147/147 
f 147/147/147 146/146/146 148/148/148 
f 149/149/149 150/150/150 151/151/151 
f 151/151/151 150/150/150 152/152/152 
f 151/151/151 152/152/152 153/153/153 
f 153/153/153 152/152/152 154/154/154 
f 153/153/153 154/154/154 155/155/155 
f 155/155/155 154/154/154 156/156/156 
f 155/155/155 156/156/156 157/157/157 
f 157/157/157 156/156/156 158/158/158 
f 157/157/157 158/158/158 159/159/159 
f 159/159/159 158/158/158 160/160/160 
f 159/159/159 160/160/160 161/161/161 
f 161/161/161 160/160/160 162/162/162 

g Blue2

v 26.2961 19.3609 -78.5979 
v 26.2961 10.4859 -78.5979 
v 25.9896 19.3609 -78.8492 
v 25.9896 10.4859 -78.8492 
v 25.51 19.3609 -79.0837 
v 25.51 10.4859 -79.0837 
v 24.8741 19.3609 -79.1869 
v 24.8741 10.4859 -79.1869 
v 24.2382 19.3609 -79.0837 
v 24.2382 10.4859 -79.0837 
v 23.7586 19.3609 -78.8492 
v 23.7586 10.4859 -78.8492 
v 23.4521 19.3609 -78.5979 
v 23.4521 10.4859 -78.5979 

vn 0.708661 0 -0.708661 
vn 0.708661 0 -0.708661 
vn 0.551181 0 -0.834646 
vn 0.551181 0 -0.834646 
vn 0.314961 0 -0.944882 
vn 0.314961 0 -0.944882 
vn 0 0 -1 
vn 0 0 -1 
vn -0.314961 0 -0.944882 
vn -0.314961 0 -0.944882 
vn -0.551181 0 -0.834646 
vn -0.551181 0 -0.834646 
vn -0.708661 0 -0.708661 
vn -0.708661 0 -0.708661 

vt 2.62963 1 
vt 0 1 
vt 2.62963 0.801877 
vt 0 0.801877 
vt 2.62963 0.603753 
vt 0 0.603753 
vt 2.62963 0.40563 
vt 0 0.40563 
vt 2.62963 0.207506 
vt 0 0.207506 
vt 2.62963 0.00938272 
vt 0 0.00938272 
vt 2.62963 -0.188741 
vt 0 -0.188741 

usemtl Blue2Mtl

f 163/163/163 164/164/164 165/165/165 
f 165/165/165 164/164/164 166/166/166 
f 165/165/165 166/166/166 167/167/167 
f 167/167/167 166/166/166 168/168/168 
f 167/167/167 168/168/168 169/169/169 
f 169/169/169 168/168/168 170/170/170 
f 169/169/169 170/170/170 171/171/171 
f 171/171/171 170/170/170 172/172/172 
f 171/171/171 172/172/172 173/173/173 
f 173/173/173 172/172/172 174/174/174 
f 173/173/173 174/174/174 175/175/175 
f 175/175/175 174/174/174 176/176/176 

g Blue3

v 26.2961 19.3609 -75.7539 
v 26.2961 10.4859 -75.7539 
v 26.5473 19.3609 -76.0604 
v 26.5473 10.4859 -76.0604 
v 26.7819 19.3609 -76.54 
v 26.7819 10.4859 -76.54 
v 26.8851 19.3609 -77.1759 
v 26.8851 10.4859 -77.1759 
v 26.7819 19.3609 -77.8118 
v 26.7819 10.4859 -77.8118 
v 26.5473 19.3609 -78.2914 
v 26.5473 10.4859 -78.2914 
v 26.2961 19.3609 -78.5979 
v 26.2961 10.4859 -78.5979 

vn 0.708661 0 0.708661 
vn 0.708661 0 0.708661 
vn 0.834646 0 0.551181 
vn 0.834646 0 0.551181 
vn 0.944882 0 0.314961 
vn 0.944882 0 0.314961 
vn 1 0 0 
vn 1 0 0 
vn 0.944882 0 -0.314961 
vn 0.944882 0 -0.314961 
vn 0.834646 0 -0.551181 
vn 0.834646 0 -0.551181 
vn 0.708661 0 -0.708661 
vn 0.708661 0 -0.708661 

vt 2.62963 1 
vt 0 1 
vt 2.62963 0.801852 
vt 0 0.801852 
vt 2.62963 0.603704 
vt 0 0.603704 
vt 2.62963 0.405556 
vt 0 0.405556 
vt 2.62963 0.207407 
vt 0 0.207407 
vt 2.62963 0.00925934 
vt 0 0.00925934 
vt 2.62963 -0.188889 
vt 0 -0.188889 

usemtl Blue2Mtl

f 177/177/177 178/178/178 179/179/179 
f 179/179/179 178/178/178 180/180/180 
f 179/179/179 180/180/180 181/181/181 
f 181/181/181 180/180/180 182/182/182 
f 181/181/181 182/182/182 183/183/183 
f 183/183/183 182/182/182 184/184/184 
f 183/183/183 184/184/184 185/185/185 
f 185/185/185 184/184/184 186/186/186 
f 185/185/185 186/186/186 187/187/187 
f 187/187/187 186/186/186 188/188/188 
f 187/187/187 188/188/188 189/189/189 
f 189/189/189 188/188/188 190/190/190 

g Blue4

v 23.4521 19.3609 -78.5979 
v 23.4521 10.4859 -78.5979 
v 23.2008 19.3609 -78.2914 
v 23.2008 10.4859 -78.2914 
v 22.9663 19.3609 -77.8118 
v 22.9663 10.4859 -77.8118 
v 22.8631 19.3609 -77.1759 
v 22.8631 10.4859 -77.1759 
v 22.9663 19.3609 -76.54 
v 22.9663 10.4859 -76.54 
v 23.2008 19.3609 -76.0604 
v 23.2008 10.4859 -76.0604 
v 23.4521 19.3609 -75.7539 
v 23.4521 10.4859 -75.7539 

vn -0.708661 0 -0.708661 
vn -0.708661 0 -0.708661 
vn -0.834646 0 -0.551181 
vn -0.834646 0 -0.551181 
vn -0.944882 0 -0.314961 
vn -0.944882 0 -0.314961 
vn -1 0 0 
vn -1 0 0 
vn -0.944882 0 0.314961 
vn -0.944882 0 0.314961 
vn -0.834646 0 0.551181 
vn -0.834646 0 0.551181 
vn -0.708661 0 0.708661 
vn -0.708661 0 0.708661 

vt 2.62963 1 
vt 0 1 
vt 2.62963 0.801852 
vt 0 0.801852 
vt 2.62963 0.603704 
vt 0 0.603704 
vt 2.62963 0.405556 
vt 0 0.405556 
vt 2.62963 0.207407 
vt 0 0.207407 
vt 2.62963 0.00925934 
vt 0 0.00925934 
vt 2.62963 -0.188889 
vt 0 -0.188889 

usemtl Blue2Mtl

f 191/191/191 192/192/192 193/193/193 
f 193/193/193 192/192/192 194/194/194 
f 193/193/193 194/194/194 195/195/195 
f 195/195/195 194/194/194 196/196/196 
f 195/195/195 196/196/196 197/197/197 
f 197/197/197 196/196/196 198/198/198 
f 197/197/197 198/198/198 199/199/199 
f 199/199/199 198/198/198 200/200/200 
f 199/199/199 200/200/200 201/201/201 
f 201/201/201 200/200/200 202/202/202 
f 201/201/201 202/202/202 203/203/203 
f 203/203/203 202/202/202 204/204/204 

g Blue5

v 24.8741 19.3659 -77.1759 
v 26.2925 19.3659 -75.7574 
v 25.9868 19.3659 -75.5068 
v 25.5084 19.3659 -75.2728 
v 24.8741 19.3659 -75.1699 
v 24.2397 19.3659 -75.2728 
v 23.7614 19.3659 -75.5068 
v 23.4556 19.3659 -75.7574 
v 23.4556 19.3659 -75.7574 
v 23.205 19.3659 -76.0632 
v 22.971 19.3659 -76.5415 
v 22.8681 19.3659 -77.1759 
v 22.971 19.3659 -77.8103 
v 23.205 19.3659 -78.2886 
v 23.4556 19.3659 -78.5944 
v 23.4556 19.3659 -78.5944 
v 23.7614 19.3659 -78.845 
v 24.2397 19.3659 -79.079 
v 24.8741 19.3659 -79.1819 
v 25.5084 19.3659 -79.079 
v 25.9868 19.3659 -78.845 
v 26.2925 19.3659 -78.5944 
v 26.2925 19.3659 -78.5944 
v 26.5432 19.3659 -78.2886 
v 26.7771 19.3659 -77.8103 
v 26.8801 19.3659 -77.1759 
v 26.7771 19.3659 -76.5415 
v 26.5432 19.3659 -76.0632 
v 26.2925 19.3659 -75.7574 

vn 0 1 0 
vn 0 1 0 
vn 0 1 0 
vn 0 1 0 
vn 0 1 0 
vn 0 1 0 
vn 0 1 0 
vn 0 1 0 
vn 0 1 0 
vn 0 1 0 
vn 0 1 0 
vn 0 1 0 
vn 0 1 0 
vn 0 1 0 
vn 0 1 0 
vn 0 1 0 
vn 0 1 0 
vn 0 1 0 
vn 0 1 0 
vn 0 1 0 
vn 0 1 0 
vn 0 1 0 
vn 0 1 0 
vn 0 1 0 
vn 0 1 0 
vn 0 1 0 
vn 0 1 0 
vn 0 1 0 
vn 0 1 0 

vt 0.59437 0.40563 
vt 1.01465 0.825913 
vt 1.08892 0.735327 
vt 1.15824 0.593586 
vt 1.18874 0.40563 
vt 1.15824 0.217673 
vt 1.08892 0.0759323 
vt 1.01465 -0.0146537 
vt 1.01465 -0.0146537 
vt 0.924068 -0.0889164 
vt 0.782327 -0.15824 
vt 0.59437 -0.188741 
vt 0.406414 -0.15824 
vt 0.264673 -0.0889164 
vt 0.174087 -0.0146537 
vt 0.174087 -0.0146537 
vt 0.0998243 0.0759323 
vt 0.0305011 0.217673 
vt 0 0.40563 
vt 0.0305011 0.593586 
vt 0.0998243 0.735327 
vt 0.174087 0.825913 
vt 0.174087 0.825913 
vt 0.264673 0.900176 
vt 0.406414 0.969499 
vt 0.59437 1 
vt 0.782327 0.969499 
vt 0.924068 0.900176 
vt 1.01465 0.825913 

usemtl Blue2Mtl

f 205/205/205 207/207/207 206/206/206 
f 205/205/205 208/208/208 207/207/207 
f 205/205/205 209/209/209 208/208/208 
f 205/205/205 210/210/210 209/209/209 
f 205/205/205 211/211/211 210/210/210 
f 205/205/205 212/212/212 211/211/211 
f 205/205/205 214/214/214 213/213/213 
f 205/205/205 215/215/215 214/214/214 
f 205/205/205 216/216/216 215/215/215 
f 205/205/205 217/217/217 216/216/216 
f 205/205/205 218/218/218 217/217/217 
f 205/205/205 219/219/219 218/218/218 
f 205/205/205 221/221/221 220/220/220 
f 205/205/205 222/222/222 221/221/221 
f 205/205/205 223/223/223 222/222/222 
f 205/205/205 224/224/224 223/223/223 
f 205/205/205 225/225/225 224/224/224 
f 205/205/205 226/226/226 225/225/225 
f 205/205/205 228/228/228 227/227/227 
f 205/205/205 229/229/229 228/228/228 
f 205/205/205 230/230/230 229/229/229 
f 205/205/205 231/231/231 230/230/230 
f 205/205/205 232/232/232 231/231/231 
f 205/205/205 233/233/233 232/232/232 

g Blue6

v 24.8741 10.4809 -77.1759 
v 26.2925 10.4809 -78.5944 
v 25.9868 10.4809 -78.845 
v 25.5084 10.4809 -79.079 
v 24.8741 10.4809 -79.1819 
v 24.2397 10.4809 -79.079 
v 23.7614 10.4809 -78.845 
v 23.4556 10.4809 -78.5944 
v 23.4556 10.4809 -78.5944 
v 23.205 10.4809 -78.2886 
v 22.971 10.4809 -77.8103 
v 22.8681 10.4809 -77.1759 
v 22.971 10.4809 -76.5415 
v 23.205 10.4809 -76.0632 
v 23.4556 10.4809 -75.7574 
v 23.4556 10.4809 -75.7574 
v 23.7614 10.4809 -75.5068 
v 24.2397 10.4809 -75.2728 
v 24.8741 10.4809 -75.1699 
v 25.5084 10.4809 -75.2728 
v 25.9868 10.4809 -75.5068 
v 26.2925 10.4809 -75.7574 
v 26.2925 10.4809 -75.7574 
v 26.5432 10.4809 -76.0632 
v 26.7771 10.4809 -76.5415 
v 26.8801 10.4809 -77.1759 
v 26.7771 10.4809 -77.8103 
v 26.5432 10.4809 -78.2886 
v 26.2925 10.4809 -78.5944 

vn 0 -1 0 
vn 0 -1 0 
vn 0 -1 0 
vn 0 -1 0 
vn 0 -1 0 
vn 0 -1 0 
vn 0 -1 0 
vn 0 -1 0 
vn 0 -1 0 
vn 0 -1 0 
vn 0 -1 0 
vn 0 -1 0 
vn 0 -1 0 
vn 0 -1 0 
vn 0 -1 0 
vn 0 -1 0 
vn 0 -1 0 
vn 0 -1 0 
vn 0 -1 0 
vn 0 -1 0 
vn 0 -1 0 
vn 0 -1 0 
vn 0 -1 0 
vn 0 -1 0 
vn 0 -1 0 
vn 0 -1 0 
vn 0 -1 0 
vn 0 -1 0 
vn 0 -1 0 

vt 0.59437 0.40563 
vt 1.01465 0.825913 
vt 1.08892 0.735327 
vt 1.15824 0.593586 
vt 1.18874 0.40563 
vt 1.15824 0.217673 
vt 1.08892 0.0759323 
vt 1.01465 -0.0146537 
vt 1.01465 -0.0146537 
vt 0.924068 -0.0889164 
vt 0.782327 -0.15824 
vt 0.59437 -0.188741 
vt 0.406414 -0.15824 
vt 0.264673 -0.0889164 
vt 0.174087 -0.0146537 
vt 0.174087 -0.0146537 
vt 0.0998243 0.0759323 
vt 0.0305011 0.217673 
vt 0 0.40563 
vt 0.0305011 0.593586 
vt 0.0998243 0.735327 
vt 0.174087 0.825913 
vt 0.174087 0.825913 
vt 0.264673 0.900176 
vt 0.406414 0.969499 
vt 0.59437 1 
vt 0.782327 0.969499 
vt 0.924068 0.900176 
vt 1.01465 0.825913 

usemtl Blue2Mtl

f 234/234/234 236/236/236 235/235/235 
f 234/234/234 237/237/237 236/236/236 
f 234/234/234 238/238/238 237/237/237 
f 234/234/234 239/239/239 238/238/238 
f 234/234/234 240/240/240 239/239/239 
f 234/234/234 241/241/241 240/240/240 
f 234/234/234 243/243/243 242/242/242 
f 234/234/234 244/244/244 243/243/243 
f 234/234/234 245/245/245 244/244/244 
f 234/234/234 246/246/246 245/245/245 
f 234/234/234 247/247/247 246/246/246 
f 234/234/234 248/248/248 247/247/247 
f 234/234/234 250/250/250 249/249/249 
f 234/234/234 251/251/251 250/250/250 
f 234/234/234 252/252/252 251/251/251 
f 234/234/234 253/253/253 252/252/252 
f 234/234/234 254/254/254 253/253/253 
f 234/234/234 255/255/255 254/254/254 
f 234/234/234 257/257/257 256/256/256 
f 234/234/234 258/258/258 257/257/257 
f 234/234/234 259/259/259 258/258/258 
f 234/234/234 260/260/260 259/259/259 
f 234/234/234 261/261/261 260/260/260 
f 234/234/234 262/262/262 261/261/261 

g Blue7

v 26.2961 10.4859 -75.7539 
v 26.2961 19.3609 -75.7539 
v 25.9896 10.4859 -75.5026 
v 25.9896 19.3609 -75.5026 
v 25.51 10.4859 -75.2681 
v 25.51 19.3609 -75.2681 
v 24.8741 10.4859 -75.1649 
v 24.8741 19.3609 -75.1649 
v 24.2382 10.4859 -75.2681 
v 24.2382 19.3609 -75.2681 
v 23.7586 10.4859 -75.5026 
v 23.7586 19.3609 -75.5026 
v 23.4521 10.4859 -75.7539 
v 23.4521 19.3609 -75.7539 

vn 0.708661 0 0.708661 
vn 0.708661 0 0.708661 
vn 0.551181 0 0.834646 
vn 0.551181 0 0.834646 
vn 0.314961 0 0.944882 
vn 0.314961 0 0.944882 
vn 0 0 1 
vn 0 0 1 
vn -0.314961 0 0.944882 
vn -0.314961 0 0.944882 
vn -0.551181 0 0.834646 
vn -0.551181 0 0.834646 
vn -0.708661 0 0.708661 
vn -0.708661 0 0.708661 

vt 2.62963 1 
vt 0 1 
vt 2.62963 0.801877 
vt 0 0.801877 
vt 2.62963 0.603753 
vt 0 0.603753 
vt 2.62963 0.40563 
vt 0 0.40563 
vt 2.62963 0.207506 
vt 0 0.207506 
vt 2.62963 0.00938272 
vt 0 0.00938272 
vt 2.62963 -0.188741 
vt 0 -0.188741 

usemtl Blue2Mtl

f 263/263/263 264/264/264 265/265/265 
f 265/265/265 264/264/264 266/266/266 
f 265/265/265 266/266/266 267/267/267 
f 267/267/267 266/266/266 268/268/268 
f 267/267/267 268/268/268 269/269/269 
f 269/269/269 268/268/268 270/270/270 
f 269/269/269 270/270/270 271/271/271 
f 271/271/271 270/270/270 272/272/272 
f 271/271/271 272/272/272 273/273/273 
f 273/273/273 272/272/272 274/274/274 
f 273/273/273 274/274/274 275/275/275 
f 275/275/275 274/274/274 276/276/276 

g Blue8

v 31.1241 21.3609 -77.1759 
v 31.1241 22.7793 -78.5944 
v 31.1241 22.4736 -78.845 
v 31.1241 21.9952 -79.079 
v 31.1241 21.3609 -79.1819 
v 31.1241 20.7265 -79.079 
v 31.1241 20.2482 -78.845 
v 31.1241 19.9424 -78.5944 
v 31.1241 19.9424 -78.5944 
v 31.1241 19.6918 -78.2886 
v 31.1241 19.4578 -77.8103 
v 31.1241 19.3549 -77.1759 
v 31.1241 19.4578 -76.5415 
v 31.1241 19.6918 -76.0632 
v 31.1241 19.9424 -75.7574 
v 31.1241 19.9424 -75.7574 
v 31.1241 20.2482 -75.5068 
v 31.1241 20.7265 -75.2728 
v 31.1241 21.3609 -75.1699 
v 31.1241 21.9952 -75.2728 
v 31.1241 22.4736 -75.5068 
v 31.1241 22.7793 -75.7574 
v 31.1241 22.7793 -75.7574 
v 31.1241 23.03 -76.0632 
v 31.1241 23.2639 -76.5415 
v 31.1241 23.3669 -77.1759 
v 31.1241 23.2639 -77.8103 
v 31.1241 23.03 -78.2886 
v 31.1241 22.7793 -78.5944 
v 26.8741 22.7793 -75.7574 
v 31.1241 22.7793 -75.7574 
v 26.8741 23.03 -76.0632 
v 31.1241 23.03 -76.0632 
v 26.8741 23.2639 -76.5415 
v 31.1241 23.2639 -76.5415 
v 26.8741 23.3669 -77.1759 
v 31.1241 23.3669 -77.1759 
v 26.8741 23.2639 -77.8103 
v 31.1241 23.2639 -77.8103 
v 26.8741 23.03 -78.2886 
v 31.1241 23.03 -78.2886 
v 26.8741 22.7793 -78.5944 
v 31.1241 22.7793 -78.5944 
v 31.1241 22.7793 -75.7574 
v 26.8741 22.7793 -75.7574 
v 31.1241 22.4736 -75.5068 
v 26.8741 22.4736 -75.5068 
v 31.1241 21.9952 -75.2728 
v 26.8741 21.9952 -75.2728 
v 31.1241 21.3609 -75.1699 
v 26.8741 21.3609 -75.1699 
v 31.1241 20.7265 -75.2728 
v 26.8741 20.7265 -75.2728 
v 31.1241 20.2482 -75.5068 
v 26.8741 20.2482 -75.5068 
v 31.1241 19.9424 -75.7574 
v 26.8741 19.9424 -75.7574 
v 26.8741 21.3609 -77.1759 
v 26.8741 22.7793 -75.7574 
v 26.8741 22.4736 -75.5068 
v 26.8741 21.9952 -75.2728 
v 26.8741 21.3609 -75.1699 
v 26.8741 20.7265 -75.2728 
v 26.8741 20.2482 -75.5068 
v 26.8741 19.9424 -75.7574 
v 26.8741 19.9424 -75.7574 
v 26.8741 19.6918 -76.0632 
v 26.8741 19.4578 -76.5415 
v 26.8741 19.3549 -77.1759 
v 26.8741 19.4578 -77.8103 
v 26.8741 19.6918 -78.2886 
v 26.8741 19.9424 -78.5944 
v 26.8741 19.9424 -78.5944 
v 26.8741 20.2482 -78.845 
v 26.8741 20.7265 -79.079 
v 26.8741 21.3609 -79.1819 
v 26.8741 21.9952 -79.079 
v 26.8741 22.4736 -78.845 
v 26.8741 22.7793 -78.5944 
v 26.8741 22.7793 -78.5944 
v 26.8741 23.03 -78.2886 
v 26.8741 23.2639 -77.8103 
v 26.8741 23.3669 -77.1759 
v 26.8741 23.2639 -76.5415 
v 26.8741 23.03 -76.0632 
v 26.8741 22.7793 -75.7574 
v 26.8741 19.9424 -78.5944 
v 31.1241 19.9424 -78.5944 
v 26.8741 19.6918 -78.2886 
v 31.1241 19.6918 -78.2886 
v 26.8741 19.4578 -77.8103 
v 31.1241 19.4578 -77.8103 
v 26.8741 19.3549 -77.1759 
v 31.1241 19.3549 -77.1759 
v 26.8741 19.4578 -76.5415 
v 31.1241 19.4578 -76.5415 
v 26.8741 19.6918 -76.0632 
v 31.1241 19.6918 -76.0632 
v 26.8741 19.9424 -75.7574 
v 31.1241 19.9424 -75.7574 
v 26.8741 22.7793 -78.5944 
v 31.1241 22.7793 -78.5944 
v 26.8741 22.4736 -78.845 
v 31.1241 22.4736 -78.845 
v 26.8741 21.9952 -79.079 
v 31.1241 21.9952 -79.079 
v 26.8741 21.3609 -79.1819 
v 31.1241 21.3609 -79.1819 
v 26.8741 20.7265 -79.079 
v 31.1241 20.7265 -79.079 
v 26.8741 20.2482 -78.845 
v 31.1241 20.2482 -78.845 
v 26.8741 19.9424 -78.5944 
v 31.1241 19.9424 -78.5944 

vn 1 0 0 
vn 1 0 0 
vn 1 0 0 
vn 1 0 0 
vn 1 0 0 
vn 1 0 0 
vn 1 0 0 
vn 1 0 0 
vn 1 0 0 
vn 1 0 0 
vn 1 0 0 
vn 1 0 0 
vn 1 0 0 
vn 1 0 0 
vn 1 0 0 
vn 1 0 0 
vn 1 0 0 
vn 1 0 0 
vn 1 0 0 
vn 1 0 0 
vn 1 0 0 
vn 1 0 0 
vn 1 0 0 
vn 1 0 0 
vn 1 0 0 
vn 1 0 0 
vn 1 0 0 
vn 1 0 0 
vn 1 0 0 
vn 0 0.708661 0.708661 
vn 0 0.708661 0.708661 
vn 0 0.834646 0.551181 
vn 0 0.834646 0.551181 
vn 0 0.944882 0.314961 
vn 0 0.944882 0.314961 
vn 0 1 0 
vn 0 1 0 
vn 0 0.944882 -0.314961 
vn 0 0.944882 -0.314961 
vn 0 0.834646 -0.551181 
vn 0 0.834646 -0.551181 
vn 0 0.708661 -0.708661 
vn 0 0.708661 -0.708661 
vn 0 0.708661 0.708661 
vn 0 0.708661 0.708661 
vn 0 0.551181 0.834646 
vn 0 0.551181 0.834646 
vn 0 0.314961 0.944882 
vn 0 0.314961 0.944882 
vn 0 0 1 
vn 0 0 1 
vn 0 -0.314961 0.944882 
vn 0 -0.314961 0.944882 
vn 0 -0.551181 0.834646 
vn 0 -0.551181 0.834646 
vn 0 -0.708661 0.708661 
vn 0 -0.708661 0.708661 
vn -1 0 0 
vn -1 0 0 
vn -1 0 0 
vn -1 0 0 
vn -1 0 0 
vn -1 0 0 
vn -1 0 0 
vn -1 0 0 
vn -1 0 0 
vn -1 0 0 
vn -1 0 0 
vn -1 0 0 
vn -1 0 0 
vn -1 0 0 
vn -1 0 0 
vn -1 0 0 
vn -1 0 0 
vn -1 0 0 
vn -1 0 0 
vn -1 0 0 
vn -1 0 0 
vn -1 0 0 
vn -1 0 0 
vn -1 0 0 
vn -1 0 0 
vn -1 0 0 
vn -1 0 0 
vn -1 0 0 
vn -1 0 0 
vn 0 -0.708661 -0.708661 
vn 0 -0.708661 -0.708661 
vn 0 -0.834646 -0.551181 
vn 0 -0.834646 -0.551181 
vn 0 -0.944882 -0.314961 
vn 0 -0.944882 -0.314961 
vn 0 -1 0 
vn 0 -1 0 
vn 0 -0.944882 0.314961 
vn 0 -0.944882 0.314961 
vn 0 -0.834646 0.551181 
vn 0 -0.834646 0.551181 
vn 0 -0.708661 0.708661 
vn 0 -0.708661 0.708661 
vn 0 0.708661 -0.708661 
vn 0 0.708661 -0.708661 
vn 0 0.551181 -0.834646 
vn 0 0.551181 -0.834646 
vn 0 0.314961 -0.944882 
vn 0 0.314961 -0.944882 
vn 0 0 -1 
vn 0 0 -1 
vn 0 -0.314961 -0.944882 
vn 0 -0.314961 -0.944882 
vn 0 -0.551181 -0.834646 
vn 0 -0.551181 -0.834646 
vn 0 -0.708661 -0.708661 
vn 0 -0.708661 -0.708661 

vt 4.25075 -2.25075 
vt 4.42806 -2.07344 
vt 4.45939 -2.11166 
vt 4.48863 -2.17146 
vt 4.5015 -2.25075 
vt 4.48863 -2.33004 
vt 4.45939 -2.38984 
vt 4.42806 -2.42806 
vt 4.42806 -2.42806 
vt 4.38984 -2.45939 
vt 4.33004 -2.48863 
vt 4.25075 -2.5015 
vt 4.17146 -2.48863 
vt 4.11166 -2.45939 
vt 4.07344 -2.42806 
vt 4.07344 -2.42806 
vt 4.04211 -2.38984 
vt 4.01287 -2.33004 
vt 4 -2.25075 
vt 4.01287 -2.17146 
vt 4.04211 -2.11166 
vt 4.07344 -2.07344 
vt 4.07344 -2.07344 
vt 4.11166 -2.04211 
vt 4.17146 -2.01287 
vt 4.25075 -2 
vt 4.33004 -2.01287 
vt 4.38984 -2.04211 
vt 4.42806 -2.07344 
vt 4.53125 -2 
vt 4 -2 
vt 4.53125 -2.08358 
vt 4 -2.08358 
vt 4.53125 -2.16717 
vt 4 -2.16717 
vt 4.53125 -2.25075 
vt 4 -2.25075 
vt 4.53125 -2.33433 
vt 4 -2.33433 
vt 4.53125 -2.41792 
vt 4 -2.41792 
vt 4.53125 -2.5015 
vt 4 -2.5015 
vt 4.53125 -2 
vt 4 -2 
vt 4.53125 -2.08358 
vt 4 -2.08358 
vt 4.53125 -2.16717 
vt 4 -2.16717 
vt 4.53125 -2.25075 
vt 4 -2.25075 
vt 4.53125 -2.33433 
vt 4 -2.33433 
vt 4.53125 -2.41792 
vt 4 -2.41792 
vt 4.53125 -2.5015 
vt 4 -2.5015 
vt 4.25075 -2.25075 
vt 4.42806 -2.07344 
vt 4.45939 -2.11166 
vt 4.48863 -2.17146 
vt 4.5015 -2.25075 
vt 4.48863 -2.33004 
vt 4.45939 -2.38984 
vt 4.42806 -2.42806 
vt 4.42806 -2.42806 
vt 4.38984 -2.45939 
vt 4.33004 -2.48863 
vt 4.25075 -2.5015 
vt 4.17146 -2.48863 
vt 4.11166 -2.45939 
vt 4.07344 -2.42806 
vt 4.07344 -2.42806 
vt 4.04211 -2.38984 
vt 4.01287 -2.33004 
vt 4 -2.25075 
vt 4.01287 -2.17146 
vt 4.04211 -2.11166 
vt 4.07344 -2.07344 
vt 4.07344 -2.07344 
vt 4.11166 -2.04211 
vt 4.17146 -2.01287 
vt 4.25075 -2 
vt 4.33004 -2.01287 
vt 4.38984 -2.04211 
vt 4.42806 -2.07344 
vt 4.53125 -2 
vt 4 -2 
vt 4.53125 -2.08358 
vt 4 -2.08358 
vt 4.53125 -2.16717 
vt 4 -2.16717 
vt 4.53125 -2.25075 
vt 4 -2.25075 
vt 4.53125 -2.33433 
vt 4 -2.33433 
vt 4.53125 -2.41792 
vt 4 -2.41792 
vt 4.53125 -2.5015 
vt 4 -2.5015 
vt 4.53125 -2 
vt 4 -2 
vt 4.53125 -2.08358 
vt 4 -2.08358 
vt 4.53125 -2.16717 
vt 4 -2.16717 
vt 4.53125 -2.25075 
vt 4 -2.25075 
vt 4.53125 -2.33433 
vt 4 -2.33433 
vt 4.53125 -2.41792 
vt 4 -2.41792 
vt 4.53125 -2.5015 
vt 4 -2.5015 

usemtl Blue1Mtl

f 277/277/277 279/279/279 278/278/278 
f 277/277/277 280/280/280 279/279/279 
f 277/277/277 281/281/281 280/280/280 
f 277/277/277 282/282/282 281/281/281 
f 277/277/277 283/283/283 282/282/282 
f 277/277/277 284/284/284 283/283/283 
f 277/277/277 286/286/286 285/285/285 
f 277/277/277 287/287/287 286/286/286 
f 277/277/277 288/288/288 287/287/287 
f 277/277/277 289/289/289 288/288/288 
f 277/277/277 290/290/290 289/289/289 
f 277/277/277 291/291/291 290/290/290 
f 277/277/277 293/293/293 292/292/292 
f 277/277/277 294/294/294 293/293/293 
f 277/277/277 295/295/295 294/294/294 
f 277/277/277 296/296/296 295/295/295 
f 277/277/277 297/297/297 296/296/296 
f 277/277/277 298/298/298 297/297/297 
f 277/277/277 300/300/300 299/299/299 
f 277/277/277 301/301/301 300/300/300 
f 277/277/277 302/302/302 301/301/301 
f 277/277/277 303/303/303 302/302/302 
f 277/277/277 304/304/304 303/303/303 
f 277/277/277 305/305/305 304/304/304 
f 306/306/306 307/307/307 308/308/308 
f 308/308/308 307/307/307 309/309/309 
f 308/308/308 309/309/309 310/310/310 
f 310/310/310 309/309/309 311/311/311 
f 310/310/310 311/311/311 312/312/312 
f 312/312/312 311/311/311 313/313/313 
f 312/312/312 313/313/313 314/314/314 
f 314/314/314 313/313/313 315/315/315 
f 314/314/314 315/315/315 316/316/316 
f 316/316/316 315/315/315 317/317/317 
f 316/316/316 317/317/317 318/318/318 
f 318/318/318 317/317/317 319/319/319 
f 320/320/320 321/321/321 322/322/322 
f 322/322/322 321/321/321 323/323/323 
f 322/322/322 323/323/323 324/324/324 
f 324/324/324 323/323/323 325/325/325 
f 324/324/324 325/325/325 326/326/326 
f 326/326/326 325/325/325 327/327/327 
f 326/326/326 327/327/327 328/328/328 
f 328/328/328 327/327/327 329/329/329 
f 328/328/328 329/329/329 330/330/330 
f 330/330/330 329/329/329 331/331/331 
f 330/330/330 331/331/331 332/332/332 
f 332/332/332 331/331/331 333/333/333 
f 334/334/334 336/336/336 335/335/335 
f 334/334/334 337/337/337 336/336/336 
f 334/334/334 338/338/338 337/337/337 
f 334/334/334 339/339/339 338/338/338 
f 334/334/334 340/340/340 339/339/339 
f 334/334/334 341/341/341 340/340/340 
f 334/334/334 343/343/343 342/342/342 
f 334/334/334 344/344/344 343/343/343 
f 334/334/334 345/345/345 344/344/344 
f 334/334/334 346/346/346 345/345/345 
f 334/334/334 347/347/347 346/346/346 
f 334/334/334 348/348/348 347/347/347 
f 334/334/334 350/350/350 349/349/349 
f 334/334/334 351/351/351 350/350/350 
f 334/334/334 352/352/352 351/351/351 
f 334/334/334 353/353/353 352/352/352 
f 334/334/334 354/354/354 353/353/353 
f 334/334/334 355/355/355 354/354/354 
f 334/334/334 357/357/357 356/356/356 
f 334/334/334 358/358/358 357/357/357 
f 334/334/334 359/359/359 358/358/358 
f 334/334/334 360/360/360 359/359/359 
f 334/334/334 361/361/361 360/360/360 
f 334/334/334 362/362/362 361/361/361 
f 363/363/363 364/364/364 365/365/365 
f 365/365/365 364/364/364 366/366/366 
f 365/365/365 366/366/366 367/367/367 
f 367/367/367 366/366/366 368/368/368 
f 367/367/367 368/368/368 369/369/369 
f 369/369/369 368/368/368 370/370/370 
f 369/369/369 370/370/370 371/371/371 
f 371/371/371 370/370/370 372/372/372 
f 371/371/371 372/372/372 373/373/373 
f 373/373/373 372/372/372 374/374/374 
f 373/373/373 374/374/374 375/375/375 
f 375/375/375 374/374/374 376/376/376 
f 377/377/377 378/378/378 379/379/379 
f 379/379/379 378/378/378 380/380/380 
f 379/379/379 380/380/380 381/381/381 
f 381/381/381 380/380/380 382/382/382 
f 381/381/381 382/382/382 383/383/383 
f 383/383/383 382/382/382 384/384/384 
f 383/383/383 384/384/384 385/385/385 
f 385/385/385 384/384/384 386/386/386 
f 385/385/385 386/386/386 387/387/387 
f 387/387/387 386/386/386 388/388/388 
f 387/387/387 388/388/388 389/389/389 
f 389/389/389 388/388/388 390/390/390 

g Blue9

v 26.8691 21.3609 -77.1759 
v 26.8691 22.7793 -75.7574 
v 26.8691 22.4736 -75.5068 
v 26.8691 21.9952 -75.2728 
v 26.8691 21.3609 -75.1699 
v 26.8691 20.7265 -75.2728 
v 26.8691 20.2482 -75.5068 
v 26.8691 19.9424 -75.7574 
v 26.8691 19.9424 -75.7574 
v 26.8691 19.6918 -76.0632 
v 26.8691 19.4578 -76.5415 
v 26.8691 19.3549 -77.1759 
v 26.8691 19.4578 -77.8103 
v 26.8691 19.6918 -78.2886 
v 26.8691 19.9424 -78.5944 
v 26.8691 19.9424 -78.5944 
v 26.8691 20.2482 -78.845 
v 26.8691 20.7265 -79.079 
v 26.8691 21.3609 -79.1819 
v 26.8691 21.9952 -79.079 
v 26.8691 22.4736 -78.845 
v 26.8691 22.7793 -78.5944 
v 26.8691 22.7793 -78.5944 
v 26.8691 23.03 -78.2886 
v 26.8691 23.2639 -77.8103 
v 26.8691 23.3669 -77.1759 
v 26.8691 23.2639 -76.5415 
v 26.8691 23.03 -76.0632 
v 26.8691 22.7793 -75.7574 

vn -1 0 0 
vn -1 0 0 
vn -1 0 0 
vn -1 0 0 
vn -1 0 0 
vn -1 0 0 
vn -1 0 0 
vn -1 0 0 
vn -1 0 0 
vn -1 0 0 
vn -1 0 0 
vn -1 0 0 
vn -1 0 0 
vn -1 0 0 
vn -1 0 0 
vn -1 0 0 
vn -1 0 0 
vn -1 0 0 
vn -1 0 0 
vn -1 0 0 
vn -1 0 0 
vn -1 0 0 
vn -1 0 0 
vn -1 0 0 
vn -1 0 0 
vn -1 0 0 
vn -1 0 0 
vn -1 0 0 
vn -1 0 0 

vt 0.59437 0.40563 
vt 1.01465 0.825913 
vt 1.08892 0.735327 
vt 1.15824 0.593586 
vt 1.18874 0.40563 
vt 1.15824 0.217673 
vt 1.08892 0.0759323 
vt 1.01465 -0.0146537 
vt 1.01465 -0.0146537 
vt 0.924068 -0.0889164 
vt 0.782327 -0.15824 
vt 0.59437 -0.188741 
vt 0.406414 -0.15824 
vt 0.264673 -0.0889164 
vt 0.174087 -0.0146537 
vt 0.174087 -0.0146537 
vt 0.0998243 0.0759323 
vt 0.0305011 0.217673 
vt 0 0.40563 
vt 0.0305011 0.593586 
vt 0.0998243 0.735327 
vt 0.174087 0.825913 
vt 0.174087 0.825913 
vt 0.264673 0.900176 
vt 0.406414 0.969499 
vt 0.59437 1 
vt 0.782327 0.969499 
vt 0.924068 0.900176 
vt 1.01465 0.825913 

usemtl Blue2Mtl

f 391/391/391 393/393/393 392/392/392 
f 391/391/391 394/394/394 393/393/393 
f 391/391/391 395/395/395 394/394/394 
f 391/391/391 396/396/396 395/395/395 
f 391/391/391 397/397/397 396/396/396 
f 391/391/391 398/398/398 397/397/397 
f 391/391/391 400/400/400 399/399/399 
f 391/391/391 401/401/401 400/400/400 
f 391/391/391 402/402/402 401/401/401 
f 391/391/391 403/403/403 402/402/402 
f 391/391/391 404/404/404 403/403/403 
f 391/391/391 405/405/405 404/404/404 
f 391/391/391 407/407/407 406/406/406 
f 391/391/391 408/408/408 407/407/407 
f 391/391/391 409/409/409 408/408/408 
f 391/391/391 410/410/410 409/409/409 
f 391/391/391 411/411/411 410/410/410 
f 391/391/391 412/412/412 411/411/411 
f 391/391/391 414/414/414 413/413/413 
f 391/391/391 415/415/415 414/414/414 
f 391/391/391 416/416/416 415/415/415 
f 391/391/391 417/417/417 416/416/416 
f 391/391/391 418/418/418 417/417/417 
f 391/391/391 419/419/419 418/418/418 

g Blue10

v 31.1291 21.3609 -77.1759 
v 31.1291 22.7793 -78.5944 
v 31.1291 22.4736 -78.845 
v 31.1291 21.9952 -79.079 
v 31.1291 21.3609 -79.1819 
v 31.1291 20.7265 -79.079 
v 31.1291 20.2482 -78.845 
v 31.1291 19.9424 -78.5944 
v 31.1291 19.9424 -78.5944 
v 31.1291 19.6918 -78.2886 
v 31.1291 19.4578 -77.8103 
v 31.1291 19.3549 -77.1759 
v 31.1291 19.4578 -76.5415 
v 31.1291 19.6918 -76.0632 
v 31.1291 19.9424 -75.7574 
v 31.1291 19.9424 -75.7574 
v 31.1291 20.2482 -75.5068 
v 31.1291 20.7265 -75.2728 
v 31.1291 21.3609 -75.1699 
v 31.1291 21.9952 -75.2728 
v 31.1291 22.4736 -75.5068 
v 31.1291 22.7793 -75.7574 
v 31.1291 22.7793 -75.7574 
v 31.1291 23.03 -76.0632 
v 31.1291 23.2639 -76.5415 
v 31.1291 23.3669 -77.1759 
v 31.1291 23.2639 -77.8103 
v 31.1291 23.03 -78.2886 
v 31.1291 22.7793 -78.5944 

vn 1 0 0 
vn 1 0 0 
vn 1 0 0 
vn 1 0 0 
vn 1 0 0 
vn 1 0 0 
vn 1 0 0 
vn 1 0 0 
vn 1 0 0 
vn 1 0 0 
vn 1 0 0 
vn 1 0 0 
vn 1 0 0 
vn 1 0 0 
vn 1 0 0 
vn 1 0 0 
vn 1 0 0 
vn 1 0 0 
vn 1 0 0 
vn 1 0 0 
vn 1 0 0 
vn 1 0 0 
vn 1 0 0 
vn 1 0 0 
vn 1 0 0 
vn 1 0 0 
vn 1 0 0 
vn 1 0 0 
vn 1 0 0 

vt 0.59437 0.40563 
vt 1.01465 0.825913 
vt 1.08892 0.735327 
vt 1.15824 0.593586 
vt 1.18874 0.40563 
vt 1.15824 0.217673 
vt 1.08892 0.0759323 
vt 1.01465 -0.0146537 
vt 1.01465 -0.0146537 
vt 0.924068 -0.0889164 
vt 0.782327 -0.15824 
vt 0.59437 -0.188741 
vt 0.406414 -0.15824 
vt 0.264673 -0.0889164 
vt 0.174087 -0.0146537 
vt 0.174087 -0.0146537 
vt 0.0998243 0.0759323 
vt 0.0305011 0.217673 
vt 0 0.40563 
vt 0.0305011 0.593586 
vt 0.0998243 0.735327 
vt 0.174087 0.825913 
vt 0.174087 0.825913 
vt 0.264673 0.900176 
vt 0.406414 0.969499 
vt 0.59437 1 
vt 0.782327 0.969499 
vt 0.924068 0.900176 
vt 1.01465 0.825913 

usemtl Blue2Mtl

f 420/420/420 422/422/422 421/421/421 
f 420/420/420 423/423/423 422/422/422 
f 420/420/420 424/424/424 423/423/423 
f 420/420/420 425/425/425 424/424/424 
f 420/420/420 426/426/426 425/425/425 
f 420/420/420 427/427/427 426/426/426 
f 420/420/420 429/429/429 428/428/428 
f 420/420/420 430/430/430 429/429/429 
f 420/420/420 431/431/431 430/430/430 
f 420/420/420 432/432/432 431/431/431 
f 420/420/420 433/433/433 432/432/432 
f 420/420/420 434/434/434 433/433/433 
f 420/420/420 436/436/436 435/435/435 
f 420/420/420 437/437/437 436/436/436 
f 420/420/420 438/438/438 437/437/437 
f 420/420/420 439/439/439 438/438/438 
f 420/420/420 440/440/440 439/439/439 
f 420/420/420 441/441/441 440/440/440 
f 420/420/420 443/443/443 442/442/442 
f 420/420/420 444/444/444 443/443/443 
f 420/420/420 445/445/445 444/444/444 
f 420/420/420 446/446/446 445/445/445 
f 420/420/420 447/447/447 446/446/446 
f 420/420/420 448/448/448 447/447/447 

g Blue11

v 26.8741 22.7829 -78.5979 
v 31.1241 22.7829 -78.5979 
v 26.8741 22.4764 -78.8492 
v 31.1241 22.4764 -78.8492 
v 26.8741 21.9968 -79.0837 
v 31.1241 21.9968 -79.0837 
v 26.8741 21.3609 -79.1869 
v 31.1241 21.3609 -79.1869 
v 26.8741 20.725 -79.0837 
v 31.1241 20.725 -79.0837 
v 26.8741 20.2454 -78.8492 
v 31.1241 20.2454 -78.8492 
v 26.8741 19.9389 -78.5979 
v 31.1241 19.9389 -78.5979 

vn 0 0.708661 -0.708661 
vn 0 0.708661 -0.708661 
vn 0 0.551181 -0.834646 
vn 0 0.551181 -0.834646 
vn 0 0.314961 -0.944882 
vn 0 0.314961 -0.944882 
vn 0 0 -1 
vn 0 0 -1 
vn 0 -0.314961 -0.944882 
vn 0 -0.314961 -0.944882 
vn 0 -0.551181 -0.834646 
vn 0 -0.551181 -0.834646 
vn 0 -0.708661 -0.708661 
vn 0 -0.708661 -0.708661 

vt 1.25926 1 
vt 0 1 
vt 1.25926 0.801877 
vt 0 0.801877 
vt 1.25926 0.603753 
vt 0 0.603753 
vt 1.25926 0.40563 
vt 0 0.40563 
vt 1.25926 0.207506 
vt 0 0.207506 
vt 1.25926 0.00938272 
vt 0 0.00938272 
vt 1.25926 -0.188741 
vt 0 -0.188741 

usemtl Blue2Mtl

f 449/449/449 450/450/450 451/451/451 
f 451/451/451 450/450/450 452/452/452 
f 451/451/451 452/452/452 453/453/453 
f 453/453/453 452/452/452 454/454/454 
f 453/453/453 454/454/454 455/455/455 
f 455/455/455 454/454/454 456/456/456 
f 455/455/455 456/456/456 457/457/457 
f 457/457/457 456/456/456 458/458/458 
f 457/457/457 458/458/458 459/459/459 
f 459/459/459 458/458/458 460/460/460 
f 459/459/459 460/460/460 461/461/461 
f 461/461/461 460/460/460 462/462/462 

g Blue12

v 31.1241 22.7829 -75.7539 
v 26.8741 22.7829 -75.7539 
v 31.1241 22.4764 -75.5026 
v 26.8741 22.4764 -75.5026 
v 31.1241 21.9968 -75.2681 
v 26.8741 21.9968 -75.2681 
v 31.1241 21.3609 -75.1649 
v 26.8741 21.3609 -75.1649 
v 31.1241 20.725 -75.2681 
v 26.8741 20.725 -75.2681 
v 31.1241 20.2454 -75.5026 
v 26.8741 20.2454 -75.5026 
v 31.1241 19.9389 -75.7539 
v 26.8741 19.9389 -75.7539 

vn 0 0.708661 0.708661 
vn 0 0.708661 0.708661 
vn 0 0.551181 0.834646 
vn 0 0.551181 0.834646 
vn 0 0.314961 0.944882 
vn 0 0.314961 0.944882 
vn 0 0 1 
vn 0 0 1 
vn 0 -0.314961 0.944882 
vn 0 -0.314961 0.944882 
vn 0 -0.551181 0.834646 
vn 0 -0.551181 0.834646 
vn 0 -0.708661 0.708661 
vn 0 -0.708661 0.708661 

vt 1.25926 1 
vt 0 1 
vt 1.25926 0.801877 
vt 0 0.801877 
vt 1.25926 0.603753 
vt 0 0.603753 
vt 1.25926 0.40563 
vt 0 0.40563 
vt 1.25926 0.207506 
vt 0 0.207506 
vt 1.25926 0.00938272 
vt 0 0.00938272 
vt 1.25926 -0.188741 
vt 0 -0.188741 

usemtl Blue2Mtl

f 463/463/463 464/464/464 465/465/465 
f 465/465/465 464/464/464 466/466/466 
f 465/465/465 466/466/466 467/467/467 
f 467/467/467 466/466/466 468/468/468 
f 467/467/467 468/468/468 469/469/469 
f 469/469/469 468/468/468 470/470/470 
f 469/469/469 470/470/470 471/471/471 
f 471/471/471 470/470/470 472/472/472 
f 471/471/471 472/472/472 473/473/473 
f 473/473/473 472/472/472 474/474/474 
f 473/473/473 474/474/474 475/475/475 
f 475/475/475 474/474/474 476/476/476 

g Blue13

v 26.8741 22.7829 -75.7539 
v 31.1241 22.7829 -75.7539 
v 26.8741 23.0342 -76.0604 
v 31.1241 23.0342 -76.0604 
v 26.8741 23.2687 -76.54 
v 31.1241 23.2687 -76.54 
v 26.8741 23.3719 -77.1759 
v 31.1241 23.3719 -77.1759 
v 26.8741 23.2687 -77.8118 
v 31.1241 23.2687 -77.8118 
v 26.8741 23.0342 -78.2914 
v 31.1241 23.0342 -78.2914 
v 26.8741 22.7829 -78.5979 
v 31.1241 22.7829 -78.5979 

vn 0 0.708661 0.708661 
vn 0 0.708661 0.708661 
vn 0 0.834646 0.551181 
vn 0 0.834646 0.551181 
vn 0 0.944882 0.314961 
vn 0 0.944882 0.314961 
vn 0 1 0 
vn 0 1 0 
vn 0 0.944882 -0.314961 
vn 0 0.944882 -0.314961 
vn 0 0.834646 -0.551181 
vn 0 0.834646 -0.551181 
vn 0 0.708661 -0.708661 
vn 0 0.708661 -0.708661 

vt 1.25926 1 
vt 0 1 
vt 1.25926 0.801852 
vt 0 0.801852 
vt 1.25926 0.603704 
vt 0 0.603704 
vt 1.25926 0.405556 
vt 0 0.405556 
vt 1.25926 0.207407 
vt 0 0.207407 
vt 1.25926 0.00925934 
vt 0 0.00925934 
vt 1.25926 -0.188889 
vt 0 -0.188889 

usemtl Blue2Mtl

f 477/477/477 478/478/478 479/479/479 
f 479/479/479 478/478/478 480/480/480 
f 479/479/479 480/480/480 481/481/481 
f 481/481/481 480/480/480 482/482/482 
f 481/481/481 482/482/482 483/483/483 
f 483/483/483 482/482/482 484/484/484 
f 483/483/483 484/484/484 485/485/485 
f 485/485/485 484/484/484 486/486/486 
f 485/485/485 486/486/486 487/487/487 
f 487/487/487 486/486/486 488/488/488 
f 487/487/487 488/488/488 489/489/489 
f 489/489/489 488/488/488 490/490/490 

g Blue14

v 26.8741 19.9389 -78.5979 
v 31.1241 19.9389 -78.5979 
v 26.8741 19.6876 -78.2914 
v 31.1241 19.6876 -78.2914 
v 26.8741 19.4531 -77.8118 
v 31.1241 19.4531 -77.8118 
v 26.8741 19.3499 -77.1759 
v 31.1241 19.3499 -77.1759 
v 26.8741 19.4531 -76.54 
v 31.1241 19.4531 -76.54 
v 26.8741 19.6876 -76.0604 
v 31.1241 19.6876 -76.0604 
v 26.8741 19.9389 -75.7539 
v 31.1241 19.9389 -75.7539 

vn 0 -0.708661 -0.708661 
vn 0 -0.708661 -0.708661 
vn 0 -0.834646 -0.551181 
vn 0 -0.834646 -0.551181 
vn 0 -0.944882 -0.314961 
vn 0 -0.944882 -0.314961 
vn 0 -1 0 
vn 0 -1 0 
vn 0 -0.944882 0.314961 
vn 0 -0.944882 0.314961 
vn 0 -0.834646 0.551181 
vn 0 -0.834646 0.551181 
vn 0 -0.708661 0.708661 
vn 0 -0.708661 0.708661 

vt 1.25926 1 
vt 0 1 
vt 1.25926 0.801852 
vt 0 0.801852 
vt 1.25926 0.603704 
vt 0 0.603704 
vt 1.25926 0.405556 
vt 0 0.405556 
vt 1.25926 0.207407 
vt 0 0.207407 
vt 1.25926 0.00925934 
vt 0 0.00925934 
vt 1.25926 -0.188889 
vt 0 -0.188889 

usemtl Blue2Mtl

f 491/491/491 492/492/492 493/493/493 
f 493/493/493 492/492/492 494/494/494 
f 493/493/493 494/494/494 495/495/495 
f 495/495/495 494/494/494 496/496/496 
f 495/495/495 496/496/496 497/497/497 
f 497/497/497 496/496/496 498/498/498 
f 497/497/497 498/498/498 499/499/499 
f 499/499/499 498/498/498 500/500/500 
f 499/499/499 500/500/500 501/501/501 
f 501/501/501 500/500/500 502/502/502 
f 501/501/501 502/502/502 503/503/503 
f 503/503/503 502/502/502 504/504/504 

g Blue15

v 22.8741 21.3609 -77.1759 
v 22.8741 22.7793 -78.5944 
v 22.8741 22.4736 -78.845 
v 22.8741 21.9952 -79.079 
v 22.8741 21.3609 -79.1819 
v 22.8741 20.7265 -79.079 
v 22.8741 20.2482 -78.845 
v 22.8741 19.9424 -78.5944 
v 22.8741 19.9424 -78.5944 
v 22.8741 19.6918 -78.2886 
v 22.8741 19.4578 -77.8103 
v 22.8741 19.3549 -77.1759 
v 22.8741 19.4578 -76.5415 
v 22.8741 19.6918 -76.0632 
v 22.8741 19.9424 -75.7574 
v 22.8741 19.9424 -75.7574 
v 22.8741 20.2482 -75.5068 
v 22.8741 20.7265 -75.2728 
v 22.8741 21.3609 -75.1699 
v 22.8741 21.9952 -75.2728 
v 22.8741 22.4736 -75.5068 
v 22.8741 22.7793 -75.7574 
v 22.8741 22.7793 -75.7574 
v 22.8741 23.03 -76.0632 
v 22.8741 23.2639 -76.5415 
v 22.8741 23.3669 -77.1759 
v 22.8741 23.2639 -77.8103 
v 22.8741 23.03 -78.2886 
v 22.8741 22.7793 -78.5944 
v 18.6241 22.7793 -75.7574 
v 22.8741 22.7793 -75.7574 
v 18.6241 23.03 -76.0632 
v 22.8741 23.03 -76.0632 
v 18.6241 23.2639 -76.5415 
v 22.8741 23.2639 -76.5415 
v 18.6241 23.3669 -77.1759 
v 22.8741 23.3669 -77.1759 
v 18.6241 23.2639 -77.8103 
v 22.8741 23.2639 -77.8103 
v 18.6241 23.03 -78.2886 
v 22.8741 23.03 -78.2886 
v 18.6241 22.7793 -78.5944 
v 22.8741 22.7793 -78.5944 
v 22.8741 22.7793 -75.7574 
v 18.6241 22.7793 -75.7574 
v 22.8741 22.4736 -75.5068 
v 18.6241 22.4736 -75.5068 
v 22.8741 21.9952 -75.2728 
v 18.6241 21.9952 -75.2728 
v 22.8741 21.3609 -75.1699 
v 18.6241 21.3609 -75.1699 
v 22.8741 20.7265 -75.2728 
v 18.6241 20.7265 -75.2728 
v 22.8741 20.2482 -75.5068 
v 18.6241 20.2482 -75.5068 
v 22.8741 19.9424 -75.7574 
v 18.6241 19.9424 -75.7574 
v 18.6241 21.3609 -77.1759 
v 18.6241 22.7793 -75.7574 
v 18.6241 22.4736 -75.5068 
v 18.6241 21.9952 -75.2728 
v 18.6241 21.3609 -75.1699 
v 18.6241 20.7265 -75.2728 
v 18.6241 20.2482 -75.5068 
v 18.6241 19.9424 -75.7574 
v 18.6241 19.9424 -75.7574 
v 18.6241 19.6918 -76.0632 
v 18.6241 19.4578 -76.5415 
v 18.6241 19.3549 -77.1759 
v 18.6241 19.4578 -77.8103 
v 18.6241 19.6918 -78.2886 
v 18.6241 19.9424 -78.5944 
v 18.6241 19.9424 -78.5944 
v 18.6241 20.2482 -78.845 
v 18.6241 20.7265 -79.079 
v 18.6241 21.3609 -79.1819 
v 18.6241 21.9952 -79.079 
v 18.6241 22.4736 -78.845 
v 18.6241 22.7793 -78.5944 
v 18.6241 22.7793 -78.5944 
v 18.6241 23.03 -78.2886 
v 18.6241 23.2639 -77.8103 
v 18.6241 23.3669 -77.1759 
v 18.6241 23.2639 -76.5415 
v 18.6241 23.03 -76.0632 
v 18.6241 22.7793 -75.7574 
v 18.6241 19.9424 -78.5944 
v 22.8741 19.9424 -78.5944 
v 18.6241 19.6918 -78.2886 
v 22.8741 19.6918 -78.2886 
v 18.6241 19.4578 -77.8103 
v 22.8741 19.4578 -77.8103 
v 18.6241 19.3549 -77.1759 
v 22.8741 19.3549 -77.1759 
v 18.6241 19.4578 -76.5415 
v 22.8741 19.4578 -76.5415 
v 18.6241 19.6918 -76.0632 
v 22.8741 19.6918 -76.0632 
v 18.6241 19.9424 -75.7574 
v 22.8741 19.9424 -75.7574 
v 18.6241 22.7793 -78.5944 
v 22.8741 22.7793 -78.5944 
v 18.6241 22.4736 -78.845 
v 22.8741 22.4736 -78.845 
v 18.6241 21.9952 -79.079 
v 22.8741 21.9952 -79.079 
v 18.6241 21.3609 -79.1819 
v 22.8741 21.3609 -79.1819 
v 18.6241 20.7265 -79.079 
v 22.8741 20.7265 -79.079 
v 18.6241 20.2482 -78.845 
v 22.8741 20.2482 -78.845 
v 18.6241 19.9424 -78.5944 
v 22.8741 19.9424 -78.5944 

vn 1 0 0 
vn 1 0 0 
vn 1 0 0 
vn 1 0 0 
vn 1 0 0 
vn 1 0 0 
vn 1 0 0 
vn 1 0 0 
vn 1 0 0 
vn 1 0 0 
vn 1 0 0 
vn 1 0 0 
vn 1 0 0 
vn 1 0 0 
vn 1 0 0 
vn 1 0 0 
vn 1 0 0 
vn 1 0 0 
vn 1 0 0 
vn 1 0 0 
vn 1 0 0 
vn 1 0 0 
vn 1 0 0 
vn 1 0 0 
vn 1 0 0 
vn 1 0 0 
vn 1 0 0 
vn 1 0 0 
vn 1 0 0 
vn 0 0.708661 0.708661 
vn 0 0.708661 0.708661 
vn 0 0.834646 0.551181 
vn 0 0.834646 0.551181 
vn 0 0.944882 0.314961 
vn 0 0.944882 0.314961 
vn 0 1 0 
vn 0 1 0 
vn 0 0.944882 -0.314961 
vn 0 0.944882 -0.314961 
vn 0 0.834646 -0.551181 
vn 0 0.834646 -0.551181 
vn 0 0.708661 -0.708661 
vn 0 0.708661 -0.708661 
vn 0 0.708661 0.708661 
vn 0 0.708661 0.708661 
vn 0 0.551181 0.834646 
vn 0 0.551181 0.834646 
vn 0 0.314961 0.944882 
vn 0 0.314961 0.944882 
vn 0 0 1 
vn 0 0 1 
vn 0 -0.314961 0.944882 
vn 0 -0.314961 0.944882 
vn 0 -0.551181 0.834646 
vn 0 -0.551181 0.834646 
vn 0 -0.708661 0.708661 
vn 0 -0.708661 0.708661 
vn -1 0 0 
vn -1 0 0 
vn -1 0 0 
vn -1 0 0 
vn -1 0 0 
vn -1 0 0 
vn -1 0 0 
vn -1 0 0 
vn -1 0 0 
vn -1 0 0 
vn -1 0 0 
vn -1 0 0 
vn -1 0 0 
vn -1 0 0 
vn -1 0 0 
vn -1 0 0 
vn -1 0 0 
vn -1 0 0 
vn -1 0 0 
vn -1 0 0 
vn -1 0 0 
vn -1 0 0 
vn -1 0 0 
vn -1 0 0 
vn -1 0 0 
vn -1 0 0 
vn -1 0 0 
vn -1 0 0 
vn -1 0 0 
vn 0 -0.708661 -0.708661 
vn 0 -0.708661 -0.708661 
vn 0 -0.834646 -0.551181 
vn 0 -0.834646 -0.551181 
vn 0 -0.944882 -0.314961 
vn 0 -0.944882 -0.314961 
vn 0 -1 0 
vn 0 -1 0 
vn 0 -0.944882 0.314961 
vn 0 -0.944882 0.314961 
vn 0 -0.834646 0.551181 
vn 0 -0.834646 0.551181 
vn 0 -0.708661 0.708661 
vn 0 -0.708661 0.708661 
vn 0 0.708661 -0.708661 
vn 0 0.708661 -0.708661 
vn 0 0.551181 -0.834646 
vn 0 0.551181 -0.834646 
vn 0 0.314961 -0.944882 
vn 0 0.314961 -0.944882 
vn 0 0 -1 
vn 0 0 -1 
vn 0 -0.314961 -0.944882 
vn 0 -0.314961 -0.944882 
vn 0 -0.551181 -0.834646 
vn 0 -0.551181 -0.834646 
vn 0 -0.708661 -0.708661 
vn 0 -0.708661 -0.708661 

vt 7.25075 -1.00075 
vt 7.42806 -0.823443 
vt 7.45939 -0.861659 
vt 7.48863 -0.921456 
vt 7.5015 -1.00075 
vt 7.48863 -1.08004 
vt 7.45939 -1.13984 
vt 7.42806 -1.17806 
vt 7.42806 -1.17806 
vt 7.38984 -1.20939 
vt 7.33004 -1.23863 
vt 7.25075 -1.2515 
vt 7.17146 -1.23863 
vt 7.11166 -1.20939 
vt 7.07344 -1.17806 
vt 7.07344 -1.17806 
vt 7.04211 -1.13984 
vt 7.01287 -1.08004 
vt 7 -1.00075 
vt 7.01287 -0.921456 
vt 7.04211 -0.861659 
vt 7.07344 -0.823443 
vt 7.07344 -0.823443 
vt 7.11166 -0.792113 
vt 7.17146 -0.762868 
vt 7.25075 -0.75 
vt 7.33004 -0.762868 
vt 7.38984 -0.792113 
vt 7.42806 -0.823443 
vt 7.53125 -0.75 
vt 7 -0.75 
vt 7.53125 -0.833583 
vt 7 -0.833583 
vt 7.53125 -0.917167 
vt 7 -0.917167 
vt 7.53125 -1.00075 
vt 7 -1.00075 
vt 7.53125 -1.08433 
vt 7 -1.08433 
vt 7.53125 -1.16792 
vt 7 -1.16792 
vt 7.53125 -1.2515 
vt 7 -1.2515 
vt 7.53125 -0.75 
vt 7 -0.75 
vt 7.53125 -0.833583 
vt 7 -0.833583 
vt 7.53125 -0.917167 
vt 7 -0.917167 
vt 7.53125 -1.00075 
vt 7 -1.00075 
vt 7.53125 -1.08433 
vt 7 -1.08433 
vt 7.53125 -1.16792 
vt 7 -1.16792 
vt 7.53125 -1.2515 
vt 7 -1.2515 
vt 7.25075 -1.00075 
vt 7.42806 -0.823443 
vt 7.45939 -0.861659 
vt 7.48863 -0.921456 
vt 7.5015 -1.00075 
vt 7.48863 -1.08004 
vt 7.45939 -1.13984 
vt 7.42806 -1.17806 
vt 7.42806 -1.17806 
vt 7.38984 -1.20939 
vt 7.33004 -1.23863 
vt 7.25075 -1.2515 
vt 7.17146 -1.23863 
vt 7.11166 -1.20939 
vt 7.07344 -1.17806 
vt 7.07344 -1.17806 
vt 7.04211 -1.13984 
vt 7.01287 -1.08004 
vt 7 -1.00075 
vt 7.01287 -0.921456 
vt 7.04211 -0.861659 
vt 7.07344 -0.823443 
vt 7.07344 -0.823443 
vt 7.11166 -0.792113 
vt 7.17146 -0.762868 
vt 7.25075 -0.75 
vt 7.33004 -0.762868 
vt 7.38984 -0.792113 
vt 7.42806 -0.823443 
vt 7.53125 -0.75 
vt 7 -0.75 
vt 7.53125 -0.833583 
vt 7 -0.833583 
vt 7.53125 -0.917167 
vt 7 -0.917167 
vt 7.53125 -1.00075 
vt 7 -1.00075 
vt 7.53125 -1.08433 
vt 7 -1.08433 
vt 7.53125 -1.16792 
vt 7 -1.16792 
vt 7.53125 -1.2515 
vt 7 -1.2515 
vt 7.53125 -0.75 
vt 7 -0.75 
vt 7.53125 -0.833583 
vt 7 -0.833583 
vt 7.53125 -0.917167 
vt 7 -0.917167 
vt 7.53125 -1.00075 
vt 7 -1.00075 
vt 7.53125 -1.08433 
vt 7 -1.08433 
vt 7.53125 -1.16792 
vt 7 -1.16792 
vt 7.53125 -1.2515 
vt 7 -1.2515 

usemtl Blue1Mtl

f 505/505/505 507/507/507 506/506/506 
f 505/505/505 508/508/508 507/507/507 
f 505/505/505 509/509/509 508/508/508 
f 505/505/505 510/510/510 509/509/509 
f 505/505/505 511/511/511 510/510/510 
f 505/505/505 512/512/512 511/511/511 
f 505/505/505 514/514/514 513/513/513 
f 505/505/505 515/515/515 514/514/514 
f 505/505/505 516/516/516 515/515/515 
f 505/505/505 517/517/517 516/516/516 
f 505/505/505 518/518/518 517/517/517 
f 505/505/505 519/519/519 518/518/518 
f 505/505/505 521/521/521 520/520/520 
f 505/505/505 522/522/522 521/521/521 
f 505/505/505 523/523/523 522/522/522 
f 505/505/505 524/524/524 523/523/523 
f 505/505/505 525/525/525 524/524/524 
f 505/505/505 526/526/526 525/525/525 
f 505/505/505 528/528/528 527/527/527 
f 505/505/505 529/529/529 528/528/528 
f 505/505/505 530/530/530 529/529/529 
f 505/505/505 531/531/531 530/530/530 
f 505/505/505 532/532/532 531/531/531 
f 505/505/505 533/533/533 532/532/532 
f 534/534/534 535/535/535 536/536/536 
f 536/536/536 535/535/535 537/537/537 
f 536/536/536 537/537/537 538/538/538 
f 538/538/538 537/537/537 539/539/539 
f 538/538/538 539/539/539 540/540/540 
f 540/540/540 539/539/539 541/541/541 
f 540/540/540 541/541/541 542/542/542 
f 542/542/542 541/541/541 543/543/543 
f 542/542/542 543/543/543 544/544/544 
f 544/544/544 543/543/543 545/545/545 
f 544/544/544 545/545/545 546/546/546 
f 546/546/546 545/545/545 547/547/547 
f 548/548/548 549/549/549 550/550/550 
f 550/550/550 549/549/549 551/551/551 
f 550/550/550 551/551/551 552/552/552 
f 552/552/552 551/551/551 553/553/553 
f 552/552/552 553/553/553 554/554/554 
f 554/554/554 553/553/553 555/555/555 
f 554/554/554 555/555/555 556/556/556 
f 556/556/556 555/555/555 557/557/557 
f 556/556/556 557/557/557 558/558/558 
f 558/558/558 557/557/557 559/559/559 
f 558/558/558 559/559/559 560/560/560 
f 560/560/560 559/559/559 561/561/561 
f 562/562/562 564/564/564 563/563/563 
f 562/562/562 565/565/565 564/564/564 
f 562/562/562 566/566/566 565/565/565 
f 562/562/562 567/567/567 566/566/566 
f 562/562/562 568/568/568 567/567/567 
f 562/562/562 569/569/569 568/568/568 
f 562/562/562 571/571/571 570/570/570 
f 562/562/562 572/572/572 571/571/571 
f 562/562/562 573/573/573 572/572/572 
f 562/562/562 574/574/574 573/573/573 
f 562/562/562 575/575/575 574/574/574 
f 562/562/562 576/576/576 575/575/575 
f 562/562/562 578/578/578 577/577/577 
f 562/562/562 579/579/579 578/578/578 
f 562/562/562 580/580/580 579/579/579 
f 562/562/562 581/581/581 580/580/580 
f 562/562/562 582/582/582 581/581/581 
f 562/562/562 583/583/583 582/582/582 
f 562/562/562 585/585/585 584/584/584 
f 562/562/562 586/586/586 585/585/585 
f 562/562/562 587/587/587 586/586/586 
f 562/562/562 588/588/588 587/587/587 
f 562/562/562 589/589/589 588/588/588 
f 562/562/562 590/590/590 589/589/589 
f 591/591/591 592/592/592 593/593/593 
f 593/593/593 592/592/592 594/594/594 
f 593/593/593 594/594/594 595/595/595 
f 595/595/595 594/594/594 596/596/596 
f 595/595/595 596/596/596 597/597/597 
f 597/597/597 596/596/596 598/598/598 
f 597/597/597 598/598/598 599/599/599 
f 599/599/599 598/598/598 600/600/600 
f 599/599/599 600/600/600 601/601/601 
f 601/601/601 600/600/600 602/602/602 
f 601/601/601 602/602/602 603/603/603 
f 603/603/603 602/602/602 604/604/604 
f 605/605/605 606/606/606 607/607/607 
f 607/607/607 606/606/606 608/608/608 
f 607/607/607 608/608/608 609/609/609 
f 609/609/609 608/608/608 610/610/610 
f 609/609/609 610/610/610 611/611/611 
f 611/611/611 610/610/610 612/612/612 
f 611/611/611 612/612/612 613/613/613 
f 613/613/613 612/612/612 614/614/614 
f 613/613/613 614/614/614 615/615/615 
f 615/615/615 614/614/614 616/616/616 
f 615/615/615 616/616/616 617/617/617 
f 617/617/617 616/616/616 618/618/618 

g Blue16

v 22.8741 22.7829 -75.7539 
v 18.6241 22.7829 -75.7539 
v 22.8741 22.4764 -75.5026 
v 18.6241 22.4764 -75.5026 
v 22.8741 21.9968 -75.2681 
v 18.6241 21.9968 -75.2681 
v 22.8741 21.3609 -75.1649 
v 18.6241 21.3609 -75.1649 
v 22.8741 20.725 -75.2681 
v 18.6241 20.725 -75.2681 
v 22.8741 20.2454 -75.5026 
v 18.6241 20.2454 -75.5026 
v 22.8741 19.9389 -75.7539 
v 18.6241 19.9389 -75.7539 

vn 0 0.708661 0.708661 
vn 0 0.708661 0.708661 
vn 0 0.551181 0.834646 
vn 0 0.551181 0.834646 
vn 0 0.314961 0.944882 
vn 0 0.314961 0.944882 
vn 0 0 1 
vn 0 0 1 
vn 0 -0.314961 0.944882 
vn 0 -0.314961 0.944882 
vn 0 -0.551181 0.834646 
vn 0 -0.551181 0.834646 
vn 0 -0.708661 0.708661 
vn 0 -0.708661 0.708661 

vt 1.25926 1 
vt 0 1 
vt 1.25926 0.801877 
vt 0 0.801877 
vt 1.25926 0.603753 
vt 0 0.603753 
vt 1.25926 0.40563 
vt 0 0.40563 
vt 1.25926 0.207506 
vt 0 0.207506 
vt 1.25926 0.00938272 
vt 0 0.00938272 
vt 1.25926 -0.188741 
vt 0 -0.188741 

usemtl Blue2Mtl

f 619/619/619 620/620/620 621/621/621 
f 621/621/621 620/620/620 622/622/622 
f 621/621/621 622/622/622 623/623/623 
f 623/623/623 622/622/622 624/624/624 
f 623/623/623 624/624/624 625/625/625 
f 625/625/625 624/624/624 626/626/626 
f 625/625/625 626/626/626 627/627/627 
f 627/627/627 626/626/626 628/628/628 
f 627/627/627 628/628/628 629/629/629 
f 629/629/629 628/628/628 630/630/630 
f 629/629/629 630/630/630 631/631/631 
f 631/631/631 630/630/630 632/632/632 

g Blue17

v 18.6241 22.7829 -78.5979 
v 22.8741 22.7829 -78.5979 
v 18.6241 22.4764 -78.8492 
v 22.8741 22.4764 -78.8492 
v 18.6241 21.9968 -79.0837 
v 22.8741 21.9968 -79.0837 
v 18.6241 21.3609 -79.1869 
v 22.8741 21.3609 -79.1869 
v 18.6241 20.725 -79.0837 
v 22.8741 20.725 -79.0837 
v 18.6241 20.2454 -78.8492 
v 22.8741 20.2454 -78.8492 
v 18.6241 19.9389 -78.5979 
v 22.8741 19.9389 -78.5979 

vn 0 0.708661 -0.708661 
vn 0 0.708661 -0.708661 
vn 0 0.551181 -0.834646 
vn 0 0.551181 -0.834646 
vn 0 0.314961 -0.944882 
vn 0 0.314961 -0.944882 
vn 0 0 -1 
vn 0 0 -1 
vn 0 -0.314961 -0.944882 
vn 0 -0.314961 -0.944882 
vn 0 -0.551181 -0.834646 
vn 0 -0.551181 -0.834646 
vn 0 -0.708661 -0.708661 
vn 0 -0.708661 -0.708661 

vt 1.25926 1 
vt 0 1 
vt 1.25926 0.801877 
vt 0 0.801877 
vt 1.25926 0.603753 
vt 0 0.603753 
vt 1.25926 0.40563 
vt 0 0.40563 
vt 1.25926 0.207506 
vt 0 0.207506 
vt 1.25926 0.00938272 
vt 0 0.00938272 
vt 1.25926 -0.188741 
vt 0 -0.188741 

usemtl Blue2Mtl

f 633/633/633 634/634/634 635/635/635 
f 635/635/635 634/634/634 636/636/636 
f 635/635/635 636/636/636 637/637/637 
f 637/637/637 636/636/636 638/638/638 
f 637/637/637 638/638/638 639/639/639 
f 639/639/639 638/638/638 640/640/640 
f 639/639/639 640/640/640 641/641/641 
f 641/641/641 640/640/640 642/642/642 
f 641/641/641 642/642/642 643/643/643 
f 643/643/643 642/642/642 644/644/644 
f 643/643/643 644/644/644 645/645/645 
f 645/645/645 644/644/644 646/646/646 

g Blue18

v 18.6241 22.7829 -75.7539 
v 22.8741 22.7829 -75.7539 
v 18.6241 23.0342 -76.0604 
v 22.8741 23.0342 -76.0604 
v 18.6241 23.2687 -76.54 
v 22.8741 23.2687 -76.54 
v 18.6241 23.3719 -77.1759 
v 22.8741 23.3719 -77.1759 
v 18.6241 23.2687 -77.8118 
v 22.8741 23.2687 -77.8118 
v 18.6241 23.0342 -78.2914 
v 22.8741 23.0342 -78.2914 
v 18.6241 22.7829 -78.5979 
v 22.8741 22.7829 -78.5979 

vn 0 0.708661 0.708661 
vn 0 0.708661 0.708661 
vn 0 0.834646 0.551181 
vn 0 0.834646 0.551181 
vn 0 0.944882 0.314961 
vn 0 0.944882 0.314961 
vn 0 1 0 
vn 0 1 0 
vn 0 0.944882 -0.314961 
vn 0 0.944882 -0.314961 
vn 0 0.834646 -0.551181 
vn 0 0.834646 -0.551181 
vn 0 0.708661 -0.708661 
vn 0 0.708661 -0.708661 

vt 1.25926 1 
vt 0 1 
vt 1.25926 0.801852 
vt 0 0.801852 
vt 1.25926 0.603704 
vt 0 0.603704 
vt 1.25926 0.405556 
vt 0 0.405556 
vt 1.25926 0.207407 
vt 0 0.207407 
vt 1.25926 0.00925934 
vt 0 0.00925934 
vt 1.25926 -0.188889 
vt 0 -0.188889 

usemtl Blue2Mtl

f 647/647/647 648/648/648 649/649/649 
f 649/649/649 648/648/648 650/650/650 
f 649/649/649 650/650/650 651/651/651 
f 651/651/651 650/650/650 652/652/652 
f 651/651/651 652/652/652 653/653/653 
f 653/653/653 652/652/652 654/654/654 
f 653/653/653 654/654/654 655/655/655 
f 655/655/655 654/654/654 656/656/656 
f 655/655/655 656/656/656 657/657/657 
f 657/657/657 656/656/656 658/658/658 
f 657/657/657 658/658/658 659/659/659 
f 659/659/659 658/658/658 660/660/660 

g Blue19

v 18.6241 19.9389 -78.5979 
v 22.8741 19.9389 -78.5979 
v 18.6241 19.6876 -78.2914 
v 22.8741 19.6876 -78.2914 
v 18.6241 19.4531 -77.8118 
v 22.8741 19.4531 -77.8118 
v 18.6241 19.3499 -77.1759 
v 22.8741 19.3499 -77.1759 
v 18.6241 19.4531 -76.54 
v 22.8741 19.4531 -76.54 
v 18.6241 19.6876 -76.0604 
v 22.8741 19.6876 -76.0604 
v 18.6241 19.9389 -75.7539 
v 22.8741 19.9389 -75.7539 

vn 0 -0.708661 -0.708661 
vn 0 -0.708661 -0.708661 
vn 0 -0.834646 -0.551181 
vn 0 -0.834646 -0.551181 
vn 0 -0.944882 -0.314961 
vn 0 -0.944882 -0.314961 
vn 0 -1 0 
vn 0 -1 0 
vn 0 -0.944882 0.314961 
vn 0 -0.944882 0.314961 
vn 0 -0.834646 0.551181 
vn 0 -0.834646 0.551181 
vn 0 -0.708661 0.708661 
vn 0 -0.708661 0.708661 

vt 1.25926 1 
vt 0 1 
vt 1.25926 0.801852 
vt 0 0.801852 
vt 1.25926 0.603704 
vt 0 0.603704 
vt 1.25926 0.405556 
vt 0 0.405556 
vt 1.25926 0.207407 
vt 0 0.207407 
vt 1.25926 0.00925934 
vt 0 0.00925934 
vt 1.25926 -0.188889 
vt 0 -0.188889 

usemtl Blue2Mtl

f 661/661/661 662/662/662 663/663/663 
f 663/663/663 662/662/662 664/664/664 
f 663/663/663 664/664/664 665/665/665 
f 665/665/665 664/664/664 666/666/666 
f 665/665/665 666/666/666 667/667/667 
f 667/667/667 666/666/666 668/668/668 
f 667/667/667 668/668/668 669/669/669 
f 669/669/669 668/668/668 670/670/670 
f 669/669/669 670/670/670 671/671/671 
f 671/671/671 670/670/670 672/672/672 
f 671/671/671 672/672/672 673/673/673 
f 673/673/673 672/672/672 674/674/674 

g Blue20

v 18.6191 21.3609 -77.1759 
v 18.6191 22.7793 -75.7574 
v 18.6191 22.4736 -75.5068 
v 18.6191 21.9952 -75.2728 
v 18.6191 21.3609 -75.1699 
v 18.6191 20.7265 -75.2728 
v 18.6191 20.2482 -75.5068 
v 18.6191 19.9424 -75.7574 
v 18.6191 19.9424 -75.7574 
v 18.6191 19.6918 -76.0632 
v 18.6191 19.4578 -76.5415 
v 18.6191 19.3549 -77.1759 
v 18.6191 19.4578 -77.8103 
v 18.6191 19.6918 -78.2886 
v 18.6191 19.9424 -78.5944 
v 18.6191 19.9424 -78.5944 
v 18.6191 20.2482 -78.845 
v 18.6191 20.7265 -79.079 
v 18.6191 21.3609 -79.1819 
v 18.6191 21.9952 -79.079 
v 18.6191 22.4736 -78.845 
v 18.6191 22.7793 -78.5944 
v 18.6191 22.7793 -78.5944 
v 18.6191 23.03 -78.2886 
v 18.6191 23.2639 -77.8103 
v 18.6191 23.3669 -77.1759 
v 18.6191 23.2639 -76.5415 
v 18.6191 23.03 -76.0632 
v 18.6191 22.7793 -75.7574 

vn -1 0 0 
vn -1 0 0 
vn -1 0 0 
vn -1 0 0 
vn -1 0 0 
vn -1 0 0 
vn -1 0 0 
vn -1 0 0 
vn -1 0 0 
vn -1 0 0 
vn -1 0 0 
vn -1 0 0 
vn -1 0 0 
vn -1 0 0 
vn -1 0 0 
vn -1 0 0 
vn -1 0 0 
vn -1 0 0 
vn -1 0 0 
vn -1 0 0 
vn -1 0 0 
vn -1 0 0 
vn -1 0 0 
vn -1 0 0 
vn -1 0 0 
vn -1 0 0 
vn -1 0 0 
vn -1 0 0 
vn -1 0 0 

vt 0.59437 0.40563 
vt 1.01465 0.825913 
vt 1.08892 0.735327 
vt 1.15824 0.593586 
vt 1.18874 0.40563 
vt 1.15824 0.217673 
vt 1.08892 0.0759323 
vt 1.01465 -0.0146537 
vt 1.01465 -0.0146537 
vt 0.924068 -0.0889164 
vt 0.782327 -0.15824 
vt 0.59437 -0.188741 
vt 0.406414 -0.15824 
vt 0.264673 -0.0889164 
vt 0.174087 -0.0146537 
vt 0.174087 -0.0146537 
vt 0.0998243 0.0759323 
vt 0.0305011 0.217673 
vt 0 0.40563 
vt 0.0305011 0.593586 
vt 0.0998243 0.735327 
vt 0.174087 0.825913 
vt 0.174087 0.825913 
vt 0.264673 0.900176 
vt 0.406414 0.969499 
vt 0.59437 1 
vt 0.782327 0.969499 
vt 0.924068 0.900176 
vt 1.01465 0.825913 

usemtl Blue2Mtl

f 675/675/675 677/677/677 676/676/676 
f 675/675/675 678/678/678 677/677/677 
f 675/675/675 679/679/679 678/678/678 
f 675/675/675 680/680/680 679/679/679 
f 675/675/675 681/681/681 680/680/680 
f 675/675/675 682/682/682 681/681/681 
f 675/675/675 684/684/684 683/683/683 
f 675/675/675 685/685/685 684/684/684 
f 675/675/675 686/686/686 685/685/685 
f 675/675/675 687/687/687 686/686/686 
f 675/675/675 688/688/688 687/687/687 
f 675/675/675 689/689/689 688/688/688 
f 675/675/675 691/691/691 690/690/690 
f 675/675/675 692/692/692 691/691/691 
f 675/675/675 693/693/693 692/692/692 
f 675/675/675 694/694/694 693/693/693 
f 675/675/675 695/695/695 694/694/694 
f 675/675/675 696/696/696 695/695/695 
f 675/675/675 698/698/698 697/697/697 
f 675/675/675 699/699/699 698/698/698 
f 675/675/675 700/700/700 699/699/699 
f 675/675/675 701/701/701 700/700/700 
f 675/675/675 702/702/702 701/701/701 
f 675/675/675 703/703/703 702/702/702 

g Blue21

v 22.8791 21.3609 -77.1759 
v 22.8791 22.7793 -78.5944 
v 22.8791 22.4736 -78.845 
v 22.8791 21.9952 -79.079 
v 22.8791 21.3609 -79.1819 
v 22.8791 20.7265 -79.079 
v 22.8791 20.2482 -78.845 
v 22.8791 19.9424 -78.5944 
v 22.8791 19.9424 -78.5944 
v 22.8791 19.6918 -78.2886 
v 22.8791 19.4578 -77.8103 
v 22.8791 19.3549 -77.1759 
v 22.8791 19.4578 -76.5415 
v 22.8791 19.6918 -76.0632 
v 22.8791 19.9424 -75.7574 
v 22.8791 19.9424 -75.7574 
v 22.8791 20.2482 -75.5068 
v 22.8791 20.7265 -75.2728 
v 22.8791 21.3609 -75.1699 
v 22.8791 21.9952 -75.2728 
v 22.8791 22.4736 -75.5068 
v 22.8791 22.7793 -75.7574 
v 22.8791 22.7793 -75.7574 
v 22.8791 23.03 -76.0632 
v 22.8791 23.2639 -76.5415 
v 22.8791 23.3669 -77.1759 
v 22.8791 23.2639 -77.8103 
v 22.8791 23.03 -78.2886 
v 22.8791 22.7793 -78.5944 

vn 1 0 0 
vn 1 0 0 
vn 1 0 0 
vn 1 0 0 
vn 1 0 0 
vn 1 0 0 
vn 1 0 0 
vn 1 0 0 
vn 1 0 0 
vn 1 0 0 
vn 1 0 0 
vn 1 0 0 
vn 1 0 0 
vn 1 0 0 
vn 1 0 0 
vn 1 0 0 
vn 1 0 0 
vn 1 0 0 
vn 1 0 0 
vn 1 0 0 
vn 1 0 0 
vn 1 0 0 
vn 1 0 0 
vn 1 0 0 
vn 1 0 0 
vn 1 0 0 
vn 1 0 0 
vn 1 0 0 
vn 1 0 0 

vt 0.59437 0.40563 
vt 1.01465 0.825913 
vt 1.08892 0.735327 
vt 1.15824 0.593586 
vt 1.18874 0.40563 
vt 1.15824 0.217673 
vt 1.08892 0.0759323 
vt 1.01465 -0.0146537 
vt 1.01465 -0.0146537 
vt 0.924068 -0.0889164 
vt 0.782327 -0.15824 
vt 0.59437 -0.188741 
vt 0.406414 -0.15824 
vt 0.264673 -0.0889164 
vt 0.174087 -0.0146537 
vt 0.174087 -0.0146537 
vt 0.0998243 0.0759323 
vt 0.0305011 0.217673 
vt 0 0.40563 
vt 0.0305011 0.593586 
vt 0.0998243 0.735327 
vt 0.174087 0.825913 
vt 0.174087 0.825913 
vt 0.264673 0.900176 
vt 0.406414 0.969499 
vt 0.59437 1 
vt 0.782327 0.969499 
vt 0.924068 0.900176 
vt 1.01465 0.825913 

usemtl Blue2Mtl

f 704/704/704 706/706/706 705/705/705 
f 704/704/704 707/707/707 706/706/706 
f 704/704/704 708/708/708 707/707/707 
f 704/704/704 709/709/709 708/708/708 
f 704/704/704 710/710/710 709/709/709 
f 704/704/704 711/711/711 710/710/710 
f 704/704/704 713/713/713 712/712/712 
f 704/704/704 714/714/714 713/713/713 
f 704/704/704 715/715/715 714/714/714 
f 704/704/704 716/716/716 715/715/715 
f 704/704/704 717/717/717 716/716/716 
f 704/704/704 718/718/718 717/717/717 
f 704/704/704 720/720/720 719/719/719 
f 704/704/704 721/721/721 720/720/720 
f 704/704/704 722/722/722 721/721/721 
f 704/704/704 723/723/723 722/722/722 
f 704/704/704 724/724/724 723/723/723 
f 704/704/704 725/725/725 724/724/724 
f 704/704/704 727/727/727 726/726/726 
f 704/704/704 728/728/728 727/727/727 
f 704/704/704 729/729/729 728/728/728 
f 704/704/704 730/730/730 729/729/729 
f 704/704/704 731/731/731 730/730/730 
f 704/704/704 732/732/732 731/731/731 

g Right21

v 20.3741 19.3609 -79.1759 
v 20.3741 19.3609 -75.1759 
v 18.3741 19.3609 -79.1759 
v 18.3741 19.3609 -75.1759 
v 20.3741 23.3609 -75.1759 
v 20.3741 19.3609 -75.1759 
v 20.3741 23.3609 -79.1759 
v 20.3741 19.3609 -79.1759 
v 20.3741 19.3609 -75.1759 
v 20.3741 23.3609 -75.1759 
v 18.3741 19.3609 -75.1759 
v 18.3741 23.3609 -75.1759 
v 20.3741 23.3609 -75.1759 
v 20.3741 23.3609 -79.1759 
v 18.3741 23.3609 -75.1759 
v 18.3741 23.3609 -79.1759 
v 18.3741 23.3609 -79.1759 
v 18.3741 19.3609 -79.1759 
v 18.3741 23.3609 -75.1759 
v 18.3741 19.3609 -75.1759 
v 20.3741 23.3609 -79.1759 
v 20.3741 19.3609 -79.1759 
v 18.3741 23.3609 -79.1759 
v 18.3741 19.3609 -79.1759 

vn 0 -1 0 
vn 0 -1 0 
vn 0 -1 0 
vn 0 -1 0 
vn 1 0 0 
vn 1 0 0 
vn 1 0 0 
vn 1 0 0 
vn 0 0 1 
vn 0 0 1 
vn 0 0 1 
vn 0 0 1 
vn 0 1 0 
vn 0 1 0 
vn 0 1 0 
vn 0 1 0 
vn -1 0 0 
vn -1 0 0 
vn -1 0 0 
vn -1 0 0 
vn 0 0 -1 
vn 0 0 -1 
vn 0 0 -1 
vn 0 0 -1 

vt 1.5 -0.25 
vt 1 -0.25 
vt 1.5 -0.5 
vt 1 -0.5 
vt 1.5 -0.25 
vt 1 -0.25 
vt 1.5 -0.75 
vt 1 -0.75 
vt 1.5 -0.25 
vt 1 -0.25 
vt 1.5 -0.5 
vt 1 -0.5 
vt 1.5 -0.25 
vt 1 -0.25 
vt 1.5 -0.5 
vt 1 -0.5 
vt 1.5 -0.25 
vt 1 -0.25 
vt 1.5 -0.75 
vt 1 -0.75 
vt 1.5 -0.25 
vt 1 -0.25 
vt 1.5 -0.5 
vt 1 -0.5 

usemtl Top11Mtl

f 733/733/733 734/734/734 735/735/735 
f 735/735/735 734/734/734 736/736/736 
f 737/737/737 738/738/738 739/739/739 
f 739/739/739 738/738/738 740/740/740 
f 741/741/741 742/742/742 743/743/743 
f 743/743/743 742/742/742 744/744/744 
f 745/745/745 746/746/746 747/747/747 
f 747/747/747 746/746/746 748/748/748 
f 749/749/749 750/750/750 751/751/751 
f 751/751/751 750/750/750 752/752/752 
f 753/753/753 754/754/754 755/755/755 
f 755/755/755 754/754/754 756/756/756 

g Left21

v 29.3741 19.3609 -79.1759 
v 29.3741 19.3609 -75.1759 
v 27.3741 19.3609 -79.1759 
v 27.3741 19.3609 -75.1759 
v 29.3741 23.3609 -75.1759 
v 29.3741 19.3609 -75.1759 
v 29.3741 23.3609 -79.1759 
v 29.3741 19.3609 -79.1759 
v 29.3741 19.3609 -75.1759 
v 29.3741 23.3609 -75.1759 
v 27.3741 19.3609 -75.1759 
v 27.3741 23.3609 -75.1759 
v 29.3741 23.3609 -75.1759 
v 29.3741 23.3609 -79.1759 
v 27.3741 23.3609 -75.1759 
v 27.3741 23.3609 -79.1759 
v 27.3741 23.3609 -79.1759 
v 27.3741 19.3609 -79.1759 
v 27.3741 23.3609 -75.1759 
v 27.3741 19.3609 -75.1759 
v 29.3741 23.3609 -79.1759 
v 29.3741 19.3609 -79.1759 
v 27.3741 23.3609 -79.1759 
v 27.3741 19.3609 -79.1759 

vn 0 -1 0 
vn 0 -1 0 
vn 0 -1 0 
vn 0 -1 0 
vn 1 0 0 
vn 1 0 0 
vn 1 0 0 
vn 1 0 0 
vn 0 0 1 
vn 0 0 1 
vn 0 0 1 
vn 0 0 1 
vn 0 1 0 
vn 0 1 0 
vn 0 1 0 
vn 0 1 0 
vn -1 0 0 
vn -1 0 0 
vn -1 0 0 
vn -1 0 0 
vn 0 0 -1 
vn 0 0 -1 
vn 0 0 -1 
vn 0 0 -1 

vt 5.75 -1.75 
vt 5.25 -1.75 
vt 5.75 -2 
vt 5.25 -2 
vt 5.75 -1.75 
vt 5.25 -1.75 
vt 5.75 -2.25 
vt 5.25 -2.25 
vt 5.75 -1.75 
vt 5.25 -1.75 
vt 5.75 -2 
vt 5.25 -2 
vt 5.75 -1.75 
vt 5.25 -1.75 
vt 5.75 -2 
vt 5.25 -2 
vt 5.75 -1.75 
vt 5.25 -1.75 
vt 5.75 -2.25 
vt 5.25 -2.25 
vt 5.75 -1.75 
vt 5.25 -1.75 
vt 5.75 -2 
vt 5.25 -2 

usemtl Top11Mtl

f 757/757/757 758/758/758 759/759/759 
f 759/759/759 758/758/758 760/760/760 
f 761/761/761 762/762/762 763/763/763 
f 763/763/763 762/762/762 764/764/764 
f 765/765/765 766/766/766 767/767/767 
f 767/767/767 766/766/766 768/768/768 
f 769/769/769 770/770/770 771/771/771 
f 771/771/771 770/770/770 772/772/772 
f 773/773/773 774/774/774 775/775/775 
f 775/775/775 774/774/774 776/776/776 
f 777/777/777 778/778/778 779/779/779 
f 779/779/779 778/778/778 780/780/780 

g Window1

v 26.8742 23.3609 -79.1759 
v 26.8742 23.3609 -75.1759 
v 26.8742 19.3609 -79.1759 
v 26.8742 19.3609 -75.1759 
v 22.8742 23.3609 -75.1759 
v 26.8742 23.3609 -75.1759 
v 22.8742 23.3609 -79.1759 
v 26.8742 23.3609 -79.1759 
v 26.8742 23.3609 -75.1759 
v 22.8742 23.3609 -75.1759 
v 26.8742 19.3609 -75.1759 
v 22.8742 19.3609 -75.1759 
v 22.8742 23.3609 -75.1759 
v 22.8742 23.3609 -79.1759 
v 22.8742 19.3609 -75.1759 
v 22.8742 19.3609 -79.1759 
v 22.8742 19.3609 -79.1759 
v 26.8742 19.3609 -79.1759 
v 22.8742 19.3609 -75.1759 
v 26.8742 19.3609 -75.1759 
v 22.8742 23.3609 -79.1759 
v 26.8742 23.3609 -79.1759 
v 22.8742 19.3609 -79.1759 
v 26.8742 19.3609 -79.1759 

vn 1 0 0 
vn 1 0 0 
vn 1 0 0 
vn 1 0 0 
vn 0 1 0 
vn 0 1 0 
vn 0 1 0 
vn 0 1 0 
vn 0 0 1 
vn 0 0 1 
vn 0 0 1 
vn 0 0 1 
vn -1 0 0 
vn -1 0 0 
vn -1 0 0 
vn -1 0 0 
vn 0 -1 0 
vn 0 -1 0 
vn 0 -1 0 
vn 0 -1 0 
vn 0 0 -1 
vn 0 0 -1 
vn 0 0 -1 
vn 0 0 -1 

vt 2.75 0.75 
vt 2.25 0.75 
vt 2.75 0.25 
vt 2.25 0.25 
vt 2.75 0.75 
vt 2.25 0.75 
vt 2.75 0.25 
vt 2.25 0.25 
vt 2.75 0.75 
vt 2.25 0.75 
vt 2.75 0.25 
vt 2.25 0.25 
vt 2.75 0.75 
vt 2.25 0.75 
vt 2.75 0.25 
vt 2.25 0.25 
vt 2.75 0.75 
vt 2.25 0.75 
vt 2.75 0.25 
vt 2.25 0.25 
vt 2.75 0.75 
vt 2.25 0.75 
vt 2.75 0.25 
vt 2.25 0.25 

usemtl Window1Mtl

f 781/781/781 782/782/782 783/783/783 
f 783/783/783 782/782/782 784/784/784 
f 785/785/785 786/786/786 787/787/787 
f 787/787/787 786/786/786 788/788/788 
f 789/789/789 790/790/790 791/791/791 
f 791/791/791 790/790/790 792/792/792 
f 793/793/793 794/794/794 795/795/795 
f 795/795/795 794/794/794 796/796/796 
f 797/797/797 798/798/798 799/799/799 
f 799/799/799 798/798/798 800/800/800 
f 801/801/801 802/802/802 803/803/803 
f 803/803/803 802/802/802 804/804/804 

g Window2

v 26.8742 23.3609 -75.1709 
v 22.8742 23.3609 -75.1709 
v 26.8742 19.3609 -75.1709 
v 22.8742 19.3609 -75.1709 

vn 0 0 1 
vn 0 0 1 
vn 0 0 1 
vn 0 0 1 

vt 1 1 
vt 0 1 
vt 1 0 
vt 0 0 

usemtl Window2Mtl

f 805/805/805 806/806/806 807/807/807 
f 807/807/807 806/806/806 808/808/808 

g Window3

v 22.8692 23.3609 -75.1759 
v 22.8692 23.3609 -79.1759 
v 22.8692 19.3609 -75.1759 
v 22.8692 19.3609 -79.1759 

vn -1 0 0 
vn -1 0 0 
vn -1 0 0 
vn -1 0 0 

vt 1 1 
vt 0 1 
vt 1 0 
vt 0 0 

usemtl Window2Mtl

f 809/809/809 810/810/810 811/811/811 
f 811/811/811 810/810/810 812/812/812 

g Window4

v 26.8742 19.3559 -75.1759 
v 22.8742 19.3559 -75.1759 
v 26.8742 19.3559 -79.1759 
v 22.8742 19.3559 -79.1759 

vn 0 -1 0 
vn 0 -1 0 
vn 0 -1 0 
vn 0 -1 0 

vt 1 1 
vt 0 1 
vt 1 0 
vt 0 0 

usemtl Window2Mtl

f 813/813/813 814/814/814 815/815/815 
f 815/815/815 814/814/814 816/816/816 

g Window5

v 26.8792 23.3609 -79.1759 
v 26.8792 23.3609 -75.1759 
v 26.8792 19.3609 -79.1759 
v 26.8792 19.3609 -75.1759 

vn 1 0 0 
vn 1 0 0 
vn 1 0 0 
vn 1 0 0 

vt 1 1 
vt 0 1 
vt 1 0 
vt 0 0 

usemtl Window2Mtl

f 817/817/817 818/818/818 819/819/819 
f 819/819/819 818/818/818 820/820/820 

g Window6

v 22.8742 23.3609 -79.1809 
v 26.8742 23.3609 -79.1809 
v 22.8742 19.3609 -79.1809 
v 26.8742 19.3609 -79.1809 

vn 0 0 -1 
vn 0 0 -1 
vn 0 0 -1 
vn 0 0 -1 

vt 1 1 
vt 0 1 
vt 1 0 
vt 0 0 

usemtl Window6Mtl

f 821/821/821 822/822/822 823/823/823 
f 823/823/823 822/822/822 824/824/824 

g Window7

v 22.8742 23.3609 -79.1809 
v 26.8742 23.3609 -79.1809 
v 22.8742 19.3609 -79.1809 
v 26.8742 19.3609 -79.1809 

vn 0 0 -1 
vn 0 0 -1 
vn 0 0 -1 
vn 0 0 -1 

vt 1 1 
vt 0 1 
vt 1 0 
vt 0 0 

usemtl Window2Mtl

f 825/825/825 826/826/826 827/827/827 
f 827/827/827 826/826/826 828/828/828 

g Window8

v 22.8742 23.3659 -75.1759 
v 26.8742 23.3659 -75.1759 
v 22.8742 23.3659 -79.1759 
v 26.8742 23.3659 -79.1759 

vn 0 1 0 
vn 0 1 0 
vn 0 1 0 
vn 0 1 0 

vt 1 1 
vt 0 1 
vt 1 0 
vt 0 0 

usemtl Window2Mtl

f 829/829/829 830/830/830 831/831/831 
f 831/831/831 830/830/830 832/832/832 

g Spheres1

v 26.0289 22.5156 -78.3302 
v 26.1534 22.6401 -78.0283 
v 26.2507 22.7374 -77.6343 
v 26.2884 22.7751 -77.1755 
v 26.2507 22.7374 -76.7167 
v 26.1534 22.6401 -76.3227 
v 26.0289 22.5156 -76.0208 
v 26.1534 22.2137 -78.4547 
v 26.3294 22.331 -78.1456 
v 26.4778 22.4299 -77.71 
v 26.5383 22.4703 -77.1755 
v 26.4778 22.4299 -76.641 
v 26.3294 22.331 -76.2054 
v 26.1534 22.2137 -75.8963 
v 26.2507 21.8197 -78.552 
v 26.4778 21.8954 -78.2445 
v 26.6833 21.9639 -77.7785 
v 26.7716 21.9933 -77.1755 
v 26.6833 21.9639 -76.5725 
v 26.4778 21.8954 -76.1065 
v 26.2507 21.8197 -75.799 
v 26.2884 21.3609 -78.5897 
v 26.5383 21.3609 -78.2849 
v 26.7716 21.3609 -77.808 
v 26.8742 21.3609 -77.1755 
v 26.7716 21.3609 -76.543 
v 26.5383 21.3609 -76.0661 
v 26.2884 21.3609 -75.7613 
v 26.2507 20.9021 -78.552 
v 26.4778 20.8264 -78.2445 
v 26.6833 20.7579 -77.7785 
v 26.7716 20.7284 -77.1755 
v 26.6833 20.7579 -76.5725 
v 26.4778 20.8264 -76.1065 
v 26.2507 20.9021 -75.799 
v 26.1534 20.5081 -78.4547 
v 26.3294 20.3907 -78.1456 
v 26.4778 20.2918 -77.71 
v 26.5383 20.2515 -77.1755 
v 26.4778 20.2918 -76.641 
v 26.3294 20.3907 -76.2054 
v 26.1534 20.5081 -75.8963 
v 26.0289 20.2062 -78.3302 
v 26.1534 20.0817 -78.0283 
v 26.2507 19.9844 -77.6343 
v 26.2884 19.9467 -77.1755 
v 26.2507 19.9844 -76.7167 
v 26.1534 20.0817 -76.3227 
v 26.0289 20.2062 -76.0208 
v 23.7195 22.5156 -76.0208 
v 24.0214 22.6401 -75.8963 
v 24.4154 22.7374 -75.799 
v 24.8742 22.7751 -75.7613 
v 25.333 22.7374 -75.799 
v 25.727 22.6401 -75.8963 
v 26.0289 22.5156 -76.0208 
v 23.595 22.6401 -76.3227 
v 23.9041 22.8161 -76.2054 
v 24.3397 22.9645 -76.1065 
v 24.8742 23.025 -76.0661 
v 25.4087 22.9645 -76.1065 
v 25.8444 22.8161 -76.2054 
v 26.1534 22.6401 -76.3227 
v 23.4977 22.7374 -76.7167 
v 23.8052 22.9645 -76.641 
v 24.2712 23.17 -76.5725 
v 24.8742 23.2583 -76.543 
v 25.4772 23.17 -76.5725 
v 25.9433 22.9645 -76.641 
v 26.2507 22.7374 -76.7167 
v 23.46 22.7751 -77.1755 
v 23.7648 23.025 -77.1755 
v 24.2418 23.2583 -77.1755 
v 24.8742 23.3609 -77.1755 
v 25.5067 23.2583 -77.1755 
v 25.9836 23.025 -77.1755 
v 26.2884 22.7751 -77.1755 
v 23.4977 22.7374 -77.6343 
v 23.8052 22.9645 -77.71 
v 24.2712 23.17 -77.7785 
v 24.8742 23.2583 -77.808 
v 25.4772 23.17 -77.7785 
v 25.9433 22.9645 -77.71 
v 26.2507 22.7374 -77.6343 
v 23.595 22.6401 -78.0283 
v 23.9041 22.8161 -78.1456 
v 24.3397 22.9645 -78.2445 
v 24.8742 23.025 -78.2849 
v 25.4087 22.9645 -78.2445 
v 25.8444 22.8161 -78.1456 
v 26.1534 22.6401 -78.0283 
v 23.7195 22.5156 -78.3302 
v 24.0214 22.6401 -78.4547 
v 24.4154 22.7374 -78.552 
v 24.8742 22.7751 -78.5897 
v 25.333 22.7374 -78.552 
v 25.727 22.6401 -78.4547 
v 26.0289 22.5156 -78.3302 
v 26.0289 22.5156 -76.0208 
v 25.727 22.6401 -75.8963 
v 25.333 22.7374 -75.799 
v 24.8742 22.7751 -75.7613 
v 24.4154 22.7374 -75.799 
v 24.0214 22.6401 -75.8963 
v 23.7195 22.5156 -76.0208 
v 26.1534 22.2137 -75.8963 
v 25.8444 22.331 -75.7203 
v 25.4087 22.4299 -75.5719 
v 24.8742 22.4703 -75.5114 
v 24.3397 22.4299 -75.5719 
v 23.9041 22.331 -75.7203 
v 23.595 22.2137 -75.8963 
v 26.2507 21.8197 -75.799 
v 25.9433 21.8954 -75.5719 
v 25.4772 21.9639 -75.3664 
v 24.8742 21.9933 -75.2781 
v 24.2712 21.9639 -75.3664 
v 23.8052 21.8954 -75.5719 
v 23.4977 21.8197 -75.799 
v 26.2884 21.3609 -75.7613 
v 25.9836 21.3609 -75.5114 
v 25.5067 21.3609 -75.2781 
v 24.8742 21.3609 -75.1755 
v 24.2418 21.3609 -75.2781 
v 23.7648 21.3609 -75.5114 
v 23.46 21.3609 -75.7613 
v 26.2507 20.9021 -75.799 
v 25.9433 20.8264 -75.5719 
v 25.4772 20.7579 -75.3664 
v 24.8742 20.7284 -75.2781 
v 24.2712 20.7579 -75.3664 
v 23.8052 20.8264 -75.5719 
v 23.4977 20.9021 -75.799 
v 26.1534 20.5081 -75.8963 
v 25.8444 20.3907 -75.7203 
v 25.4087 20.2918 -75.5719 
v 24.8742 20.2515 -75.5114 
v 24.3397 20.2918 -75.5719 
v 23.9041 20.3907 -75.7203 
v 23.595 20.5081 -75.8963 
v 26.0289 20.2062 -76.0208 
v 25.727 20.0817 -75.8963 
v 25.333 19.9844 -75.799 
v 24.8742 19.9467 -75.7613 
v 24.4154 19.9844 -75.799 
v 24.0214 20.0817 -75.8963 
v 23.7195 20.2062 -76.0208 
v 23.7195 22.5156 -76.0208 
v 23.595 22.6401 -76.3227 
v 23.4977 22.7374 -76.7167 
v 23.46 22.7751 -77.1755 
v 23.4977 22.7374 -77.6343 
v 23.595 22.6401 -78.0283 
v 23.7195 22.5156 -78.3302 
v 23.595 22.2137 -75.8963 
v 23.419 22.331 -76.2054 
v 23.2706 22.4299 -76.641 
v 23.2101 22.4703 -77.1755 
v 23.2706 22.4299 -77.71 
v 23.419 22.331 -78.1456 
v 23.595 22.2137 -78.4547 
v 23.4977 21.8197 -75.799 
v 23.2706 21.8954 -76.1065 
v 23.0651 21.9639 -76.5725 
v 22.9768 21.9933 -77.1755 
v 23.0651 21.9639 -77.7785 
v 23.2706 21.8954 -78.2445 
v 23.4977 21.8197 -78.552 
v 23.46 21.3609 -75.7613 
v 23.2101 21.3609 -76.0661 
v 22.9768 21.3609 -76.543 
v 22.8742 21.3609 -77.1755 
v 22.9768 21.3609 -77.808 
v 23.2101 21.3609 -78.2849 
v 23.46 21.3609 -78.5897 
v 23.4977 20.9021 -75.799 
v 23.2706 20.8264 -76.1065 
v 23.0651 20.7579 -76.5725 
v 22.9768 20.7284 -77.1755 
v 23.0651 20.7579 -77.7785 
v 23.2706 20.8264 -78.2445 
v 23.4977 20.9021 -78.552 
v 23.595 20.5081 -75.8963 
v 23.419 20.3907 -76.2054 
v 23.2706 20.2918 -76.641 
v 23.2101 20.2515 -77.1755 
v 23.2706 20.2918 -77.71 
v 23.419 20.3907 -78.1456 
v 23.595 20.5081 -78.4547 
v 23.7195 20.2062 -76.0208 
v 23.595 20.0817 -76.3227 
v 23.4977 19.9844 -76.7167 
v 23.46 19.9467 -77.1755 
v 23.4977 19.9844 -77.6343 
v 23.595 20.0817 -78.0283 
v 23.7195 20.2062 -78.3302 
v 23.7195 20.2062 -78.3302 
v 24.0214 20.0817 -78.4547 
v 24.4154 19.9844 -78.552 
v 24.8742 19.9467 -78.5897 
v 25.333 19.9844 -78.552 
v 25.727 20.0817 -78.4547 
v 26.0289 20.2062 -78.3302 
v 23.595 20.0817 -78.0283 
v 23.9041 19.9057 -78.1456 
v 24.3397 19.7573 -78.2445 
v 24.8742 19.6968 -78.2849 
v 25.4087 19.7573 -78.2445 
v 25.8444 19.9057 -78.1456 
v 26.1534 20.0817 -78.0283 
v 23.4977 19.9844 -77.6343 
v 23.8052 19.7573 -77.71 
v 24.2712 19.5518 -77.7785 
v 24.8742 19.4635 -77.808 
v 25.4772 19.5518 -77.7785 
v 25.9433 19.7573 -77.71 
v 26.2507 19.9844 -77.6343 
v 23.46 19.9467 -77.1755 
v 23.7648 19.6968 -77.1755 
v 24.2418 19.4635 -77.1755 
v 24.8742 19.3609 -77.1755 
v 25.5067 19.4635 -77.1755 
v 25.9836 19.6968 -77.1755 
v 26.2884 19.9467 -77.1755 
v 23.4977 19.9844 -76.7167 
v 23.8052 19.7573 -76.641 
v 24.2712 19.5518 -76.5725 
v 24.8742 19.4635 -76.543 
v 25.4772 19.5518 -76.5725 
v 25.9433 19.7573 -76.641 
v 26.2507 19.9844 -76.7167 
v 23.595 20.0817 -76.3227 
v 23.9041 19.9057 -76.2054 
v 24.3397 19.7573 -76.1065 
v 24.8742 19.6968 -76.0661 
v 25.4087 19.7573 -76.1065 
v 25.8444 19.9057 -76.2054 
v 26.1534 20.0817 -76.3227 
v 23.7195 20.2062 -76.0208 
v 24.0214 20.0817 -75.8963 
v 24.4154 19.9844 -75.799 
v 24.8742 19.9467 -75.7613 
v 25.333 19.9844 -75.799 
v 25.727 20.0817 -75.8963 
v 26.0289 20.2062 -76.0208 
v 23.7195 22.5156 -78.3302 
v 24.0214 22.6401 -78.4547 
v 24.4154 22.7374 -78.552 
v 24.8742 22.7751 -78.5897 
v 25.333 22.7374 -78.552 
v 25.727 22.6401 -78.4547 
v 26.0289 22.5156 -78.3302 
v 23.595 22.2137 -78.4547 
v 23.9041 22.331 -78.6307 
v 24.3397 22.4299 -78.7791 
v 24.8742 22.4703 -78.8396 
v 25.4087 22.4299 -78.7791 
v 25.8444 22.331 -78.6307 
v 26.1534 22.2137 -78.4547 
v 23.4977 21.8197 -78.552 
v 23.8052 21.8954 -78.7791 
v 24.2712 21.9639 -78.9846 
v 24.8742 21.9933 -79.0729 
v 25.4772 21.9639 -78.9846 
v 25.9433 21.8954 -78.7791 
v 26.2507 21.8197 -78.552 
v 23.46 21.3609 -78.5897 
v 23.7648 21.3609 -78.8396 
v 24.2418 21.3609 -79.0729 
v 24.8742 21.3609 -79.1755 
v 25.5067 21.3609 -79.0729 
v 25.9836 21.3609 -78.8396 
v 26.2884 21.3609 -78.5897 
v 23.4977 20.9021 -78.552 
v 23.8052 20.8264 -78.7791 
v 24.2712 20.7579 -78.9846 
v 24.8742 20.7284 -79.0729 
v 25.4772 20.7579 -78.9846 
v 25.9433 20.8264 -78.7791 
v 26.2507 20.9021 -78.552 
v 23.595 20.5081 -78.4547 
v 23.9041 20.3907 -78.6307 
v 24.3397 20.2918 -78.7791 
v 24.8742 20.2515 -78.8396 
v 25.4087 20.2918 -78.7791 
v 25.8444 20.3907 -78.6307 
v 26.1534 20.5081 -78.4547 
v 23.7195 20.2062 -78.3302 
v 24.0214 20.0817 -78.4547 
v 24.4154 19.9844 -78.552 
v 24.8742 19.9467 -78.5897 
v 25.333 19.9844 -78.552 
v 25.727 20.0817 -78.4547 
v 26.0289 20.2062 -78.3302 

vn 0.574803 0.574803 -0.574803 
vn 0.637795 0.637795 -0.425197 
vn 0.685039 0.685039 -0.228346 
vn 0.708661 0.708661 0 
vn 0.685039 0.685039 0.228346 
vn 0.637795 0.637795 0.425197 
vn 0.574803 0.574803 0.574803 
vn 0.637795 0.425197 -0.637795 
vn 0.724409 0.488189 -0.488189 
vn 0.80315 0.535433 -0.267717 
vn 0.834646 0.551181 0 
vn 0.80315 0.535433 0.267717 
vn 0.724409 0.488189 0.488189 
vn 0.637795 0.425197 0.637795 
vn 0.685039 0.228346 -0.685039 
vn 0.80315 0.267717 -0.535433 
vn 0.905512 0.299213 -0.299213 
vn 0.944882 0.314961 0 
vn 0.905512 0.299213 0.299213 
vn 0.80315 0.267717 0.535433 
vn 0.685039 0.228346 0.685039 
vn 0.708661 0 -0.708661 
vn 0.834646 0 -0.551181 
vn 0.944882 0 -0.314961 
vn 1 0 0 
vn 0.944882 0 0.314961 
vn 0.834646 0 0.551181 
vn 0.708661 0 0.708661 
vn 0.685039 -0.228346 -0.685039 
vn 0.80315 -0.267717 -0.535433 
vn 0.905512 -0.299213 -0.299213 
vn 0.944882 -0.314961 0 
vn 0.905512 -0.299213 0.299213 
vn 0.80315 -0.267717 0.535433 
vn 0.685039 -0.228346 0.685039 
vn 0.637795 -0.425197 -0.637795 
vn 0.724409 -0.488189 -0.488189 
vn 0.80315 -0.535433 -0.267717 
vn 0.834646 -0.551181 0 
vn 0.80315 -0.535433 0.267717 
vn 0.724409 -0.488189 0.488189 
vn 0.637795 -0.425197 0.637795 
vn 0.574803 -0.574803 -0.574803 
vn 0.637795 -0.637795 -0.425197 
vn 0.685039 -0.685039 -0.228346 
vn 0.708661 -0.708661 0 
vn 0.685039 -0.685039 0.228346 
vn 0.637795 -0.637795 0.425197 
vn 0.574803 -0.574803 0.574803 
vn -0.574803 0.574803 0.574803 
vn -0.425197 0.637795 0.637795 
vn -0.228346 0.685039 0.685039 
vn 0 0.708661 0.708661 
vn 0.228346 0.685039 0.685039 
vn 0.425197 0.637795 0.637795 
vn 0.574803 0.574803 0.574803 
vn -0.637795 0.637795 0.425197 
vn -0.488189 0.724409 0.488189 
vn -0.267717 0.80315 0.535433 
vn 0 0.834646 0.551181 
vn 0.267717 0.80315 0.535433 
vn 0.488189 0.724409 0.488189 
vn 0.637795 0.637795 0.425197 
vn -0.685039 0.685039 0.228346 
vn -0.535433 0.80315 0.267717 
vn -0.299213 0.905512 0.299213 
vn 0 0.944882 0.314961 
vn 0.299213 0.905512 0.299213 
vn 0.535433 0.80315 0.267717 
vn 0.685039 0.685039 0.228346 
vn -0.708661 0.708661 0 
vn -0.551181 0.834646 0 
vn -0.314961 0.944882 0 
vn 0 1 0 
vn 0.314961 0.944882 0 
vn 0.551181 0.834646 0 
vn 0.708661 0.708661 0 
vn -0.685039 0.685039 -0.228346 
vn -0.535433 0.80315 -0.267717 
vn -0.299213 0.905512 -0.299213 
vn 0 0.944882 -0.314961 
vn 0.299213 0.905512 -0.299213 
vn 0.535433 0.80315 -0.267717 
vn 0.685039 0.685039 -0.228346 
vn -0.637795 0.637795 -0.425197 
vn -0.488189 0.724409 -0.488189 
vn -0.267717 0.80315 -0.535433 
vn 0 0.834646 -0.551181 
vn 0.267717 0.80315 -0.535433 
vn 0.488189 0.724409 -0.488189 
vn 0.637795 0.637795 -0.425197 
vn -0.574803 0.574803 -0.574803 
vn -0.425197 0.637795 -0.637795 
vn -0.228346 0.685039 -0.685039 
vn 0 0.708661 -0.708661 
vn 0.228346 0.685039 -0.685039 
vn 0.425197 0.637795 -0.637795 
vn 0.574803 0.574803 -0.574803 
vn 0.574803 0.574803 0.574803 
vn 0.425197 0.637795 0.637795 
vn 0.228346 0.685039 0.685039 
vn 0 0.708661 0.708661 
vn -0.228346 0.685039 0.685039 
vn -0.425197 0.637795 0.637795 
vn -0.574803 0.574803 0.574803 
vn 0.637795 0.425197 0.637795 
vn 0.488189 0.488189 0.724409 
vn 0.267717 0.535433 0.80315 
vn 0 0.551181 0.834646 
vn -0.267717 0.535433 0.80315 
vn -0.488189 0.488189 0.724409 
vn -0.637795 0.425197 0.637795 
vn 0.685039 0.228346 0.685039 
vn 0.535433 0.267717 0.80315 
vn 0.299213 0.299213 0.905512 
vn 0 0.314961 0.944882 
vn -0.299213 0.299213 0.905512 
vn -0.535433 0.267717 0.80315 
vn -0.685039 0.228346 0.685039 
vn 0.708661 0 0.708661 
vn 0.551181 0 0.834646 
vn 0.314961 0 0.944882 
vn 0 0 1 
vn -0.314961 0 0.944882 
vn -0.551181 0 0.834646 
vn -0.708661 0 0.708661 
vn 0.685039 -0.228346 0.685039 
vn 0.535433 -0.267717 0.80315 
vn 0.299213 -0.299213 0.905512 
vn 0 -0.314961 0.944882 
vn -0.299213 -0.299213 0.905512 
vn -0.535433 -0.267717 0.80315 
vn -0.685039 -0.228346 0.685039 
vn 0.637795 -0.425197 0.637795 
vn 0.488189 -0.488189 0.724409 
vn 0.267717 -0.535433 0.80315 
vn 0 -0.551181 0.834646 
vn -0.267717 -0.535433 0.80315 
vn -0.488189 -0.488189 0.724409 
vn -0.637795 -0.425197 0.637795 
vn 0.574803 -0.574803 0.574803 
vn 0.425197 -0.637795 0.637795 
vn 0.228346 -0.685039 0.685039 
vn 0 -0.708661 0.708661 
vn -0.228346 -0.685039 0.685039 
vn -0.425197 -0.637795 0.637795 
vn -0.574803 -0.574803 0.574803 
vn -0.574803 0.574803 0.574803 
vn -0.637795 0.637795 0.425197 
vn -0.685039 0.685039 0.228346 
vn -0.708661 0.708661 0 
vn -0.685039 0.685039 -0.228346 
vn -0.637795 0.637795 -0.425197 
vn -0.574803 0.574803 -0.574803 
vn -0.637795 0.425197 0.637795 
vn -0.724409 0.488189 0.488189 
vn -0.80315 0.535433 0.267717 
vn -0.834646 0.551181 0 
vn -0.80315 0.535433 -0.267717 
vn -0.724409 0.488189 -0.488189 
vn -0.637795 0.425197 -0.637795 
vn -0.685039 0.228346 0.685039 
vn -0.80315 0.267717 0.535433 
vn -0.905512 0.299213 0.299213 
vn -0.944882 0.314961 0 
vn -0.905512 0.299213 -0.299213 
vn -0.80315 0.267717 -0.535433 
vn -0.685039 0.228346 -0.685039 
vn -0.708661 0 0.708661 
vn -0.834646 0 0.551181 
vn -0.944882 0 0.314961 
vn -1 0 0 
vn -0.944882 0 -0.314961 
vn -0.834646 0 -0.551181 
vn -0.708661 0 -0.708661 
vn -0.685039 -0.228346 0.685039 
vn -0.80315 -0.267717 0.535433 
vn -0.905512 -0.299213 0.299213 
vn -0.944882 -0.314961 0 
vn -0.905512 -0.299213 -0.299213 
vn -0.80315 -0.267717 -0.535433 
vn -0.685039 -0.228346 -0.685039 
vn -0.637795 -0.425197 0.637795 
vn -0.724409 -0.488189 0.488189 
vn -0.80315 -0.535433 0.267717 
vn -0.834646 -0.551181 0 
vn -0.80315 -0.535433 -0.267717 
vn -0.724409 -0.488189 -0.488189 
vn -0.637795 -0.425197 -0.637795 
vn -0.574803 -0.574803 0.574803 
vn -0.637795 -0.637795 0.425197 
vn -0.685039 -0.685039 0.228346 
vn -0.708661 -0.708661 0 
vn -0.685039 -0.685039 -0.228346 
vn -0.637795 -0.637795 -0.425197 
vn -0.574803 -0.574803 -0.574803 
vn -0.574803 -0.574803 -0.574803 
vn -0.425197 -0.637795 -0.637795 
vn -0.228346 -0.685039 -0.685039 
vn 0 -0.708661 -0.708661 
vn 0.228346 -0.685039 -0.685039 
vn 0.425197 -0.637795 -0.637795 
vn 0.574803 -0.574803 -0.574803 
vn -0.637795 -0.637795 -0.425197 
vn -0.488189 -0.724409 -0.488189 
vn -0.267717 -0.80315 -0.535433 
vn 0 -0.834646 -0.551181 
vn 0.267717 -0.80315 -0.535433 
vn 0.488189 -0.724409 -0.488189 
vn 0.637795 -0.637795 -0.425197 
vn -0.685039 -0.685039 -0.228346 
vn -0.535433 -0.80315 -0.267717 
vn -0.299213 -0.905512 -0.299213 
vn 0 -0.944882 -0.314961 
vn 0.299213 -0.905512 -0.299213 
vn 0.535433 -0.80315 -0.267717 
vn 0.685039 -0.685039 -0.228346 
vn -0.708661 -0.708661 0 
vn -0.551181 -0.834646 0 
vn -0.314961 -0.944882 0 
vn 0 -1 0 
vn 0.314961 -0.944882 0 
vn 0.551181 -0.834646 0 
vn 0.708661 -0.708661 0 
vn -0.685039 -0.685039 0.228346 
vn -0.535433 -0.80315 0.267717 
vn -0.299213 -0.905512 0.299213 
vn 0 -0.944882 0.314961 
vn 0.299213 -0.905512 0.299213 
vn 0.535433 -0.80315 0.267717 
vn 0.685039 -0.685039 0.228346 
vn -0.637795 -0.637795 0.425197 
vn -0.488189 -0.724409 0.488189 
vn -0.267717 -0.80315 0.535433 
vn 0 -0.834646 0.551181 
vn 0.267717 -0.80315 0.535433 
vn 0.488189 -0.724409 0.488189 
vn 0.637795 -0.637795 0.425197 
vn -0.574803 -0.574803 0.574803 
vn -0.425197 -0.637795 0.637795 
vn -0.228346 -0.685039 0.685039 
vn 0 -0.708661 0.708661 
vn 0.228346 -0.685039 0.685039 
vn 0.425197 -0.637795 0.637795 
vn 0.574803 -0.574803 0.574803 
vn -0.574803 0.574803 -0.574803 
vn -0.425197 0.637795 -0.637795 
vn -0.228346 0.685039 -0.685039 
vn 0 0.708661 -0.708661 
vn 0.228346 0.685039 -0.685039 
vn 0.425197 0.637795 -0.637795 
vn 0.574803 0.574803 -0.574803 
vn -0.637795 0.425197 -0.637795 
vn -0.488189 0.488189 -0.724409 
vn -0.267717 0.535433 -0.80315 
vn 0 0.551181 -0.834646 
vn 0.267717 0.535433 -0.80315 
vn 0.488189 0.488189 -0.724409 
vn 0.637795 0.425197 -0.637795 
vn -0.685039 0.228346 -0.685039 
vn -0.535433 0.267717 -0.80315 
vn -0.299213 0.299213 -0.905512 
vn 0 0.314961 -0.944882 
vn 0.299213 0.299213 -0.905512 
vn 0.535433 0.267717 -0.80315 
vn 0.685039 0.228346 -0.685039 
vn -0.708661 0 -0.708661 
vn -0.551181 0 -0.834646 
vn -0.314961 0 -0.944882 
vn 0 0 -1 
vn 0.314961 0 -0.944882 
vn 0.551181 0 -0.834646 
vn 0.708661 0 -0.708661 
vn -0.685039 -0.228346 -0.685039 
vn -0.535433 -0.267717 -0.80315 
vn -0.299213 -0.299213 -0.905512 
vn 0 -0.314961 -0.944882 
vn 0.299213 -0.299213 -0.905512 
vn 0.535433 -0.267717 -0.80315 
vn 0.685039 -0.228346 -0.685039 
vn -0.637795 -0.425197 -0.637795 
vn -0.488189 -0.488189 -0.724409 
vn -0.267717 -0.535433 -0.80315 
vn 0 -0.551181 -0.834646 
vn 0.267717 -0.535433 -0.80315 
vn 0.488189 -0.488189 -0.724409 
vn 0.637795 -0.425197 -0.637795 
vn -0.574803 -0.574803 -0.574803 
vn -0.425197 -0.637795 -0.637795 
vn -0.228346 -0.685039 -0.685039 
vn 0 -0.708661 -0.708661 
vn 0.228346 -0.685039 -0.685039 
vn 0.425197 -0.637795 -0.637795 
vn 0.574803 -0.574803 -0.574803 

vt 4.5 -57 
vt 4.41667 -57 
vt 4.33333 -57 
vt 4.25 -57 
vt 4.16667 -57 
vt 4.08333 -57 
vt 4 -57 
vt 4.5 -57.0833 
vt 4.41667 -57.0833 
vt 4.33333 -57.0833 
vt 4.25 -57.0833 
vt 4.16667 -57.0833 
vt 4.08333 -57.0833 
vt 4 -57.0833 
vt 4.5 -57.1667 
vt 4.41667 -57.1667 
vt 4.33333 -57.1667 
vt 4.25 -57.1667 
vt 4.16667 -57.1667 
vt 4.08333 -57.1667 
vt 4 -57.1667 
vt 4.5 -57.25 
vt 4.41667 -57.25 
vt 4.33333 -57.25 
vt 4.25 -57.25 
vt 4.16667 -57.25 
vt 4.08333 -57.25 
vt 4 -57.25 
vt 4.5 -57.3333 
vt 4.41667 -57.3333 
vt 4.33333 -57.3333 
vt 4.25 -57.3333 
vt 4.16667 -57.3333 
vt 4.08333 -57.3333 
vt 4 -57.3333 
vt 4.5 -57.4167 
vt 4.41667 -57.4167 
vt 4.33333 -57.4167 
vt 4.25 -57.4167 
vt 4.16667 -57.4167 
vt 4.08333 -57.4167 
vt 4 -57.4167 
vt 4.5 -57.5 
vt 4.41667 -57.5 
vt 4.33333 -57.5 
vt 4.25 -57.5 
vt 4.16667 -57.5 
vt 4.08333 -57.5 
vt 4 -57.5 
vt 4.5 -57 
vt 4.41667 -57 
vt 4.33333 -57 
vt 4.25 -57 
vt 4.16667 -57 
vt 4.08333 -57 
vt 4 -57 
vt 4.5 -57.0833 
vt 4.41667 -57.0833 
vt 4.33333 -57.0833 
vt 4.25 -57.0833 
vt 4.16667 -57.0833 
vt 4.08333 -57.0833 
vt 4 -57.0833 
vt 4.5 -57.1667 
vt 4.41667 -57.1667 
vt 4.33333 -57.1667 
vt 4.25 -57.1667 
vt 4.16667 -57.1667 
vt 4.08333 -57.1667 
vt 4 -57.1667 
vt 4.5 -57.25 
vt 4.41667 -57.25 
vt 4.33333 -57.25 
vt 4.25 -57.25 
vt 4.16667 -57.25 
vt 4.08333 -57.25 
vt 4 -57.25 
vt 4.5 -57.3333 
vt 4.41667 -57.3333 
vt 4.33333 -57.3333 
vt 4.25 -57.3333 
vt 4.16667 -57.3333 
vt 4.08333 -57.3333 
vt 4 -57.3333 
vt 4.5 -57.4167 
vt 4.41667 -57.4167 
vt 4.33333 -57.4167 
vt 4.25 -57.4167 
vt 4.16667 -57.4167 
vt 4.08333 -57.4167 
vt 4 -57.4167 
vt 4.5 -57.5 
vt 4.41667 -57.5 
vt 4.33333 -57.5 
vt 4.25 -57.5 
vt 4.16667 -57.5 
vt 4.08333 -57.5 
vt 4 -57.5 
vt 4.5 -57 
vt 4.41667 -57 
vt 4.33333 -57 
vt 4.25 -57 
vt 4.16667 -57 
vt 4.08333 -57 
vt 4 -57 
vt 4.5 -57.0833 
vt 4.41667 -57.0833 
vt 4.33333 -57.0833 
vt 4.25 -57.0833 
vt 4.16667 -57.0833 
vt 4.08333 -57.0833 
vt 4 -57.0833 
vt 4.5 -57.1667 
vt 4.41667 -57.1667 
vt 4.33333 -57.1667 
vt 4.25 -57.1667 
vt 4.16667 -57.1667 
vt 4.08333 -57.1667 
vt 4 -57.1667 
vt 4.5 -57.25 
vt 4.41667 -57.25 
vt 4.33333 -57.25 
vt 4.25 -57.25 
vt 4.16667 -57.25 
vt 4.08333 -57.25 
vt 4 -57.25 
vt 4.5 -57.3333 
vt 4.41667 -57.3333 
vt 4.33333 -57.3333 
vt 4.25 -57.3333 
vt 4.16667 -57.3333 
vt 4.08333 -57.3333 
vt 4 -57.3333 
vt 4.5 -57.4167 
vt 4.41667 -57.4167 
vt 4.33333 -57.4167 
vt 4.25 -57.4167 
vt 4.16667 -57.4167 
vt 4.08333 -57.4167 
vt 4 -57.4167 
vt 4.5 -57.5 
vt 4.41667 -57.5 
vt 4.33333 -57.5 
vt 4.25 -57.5 
vt 4.16667 -57.5 
vt 4.08333 -57.5 
vt 4 -57.5 
vt 4.5 -57 
vt 4.41667 -57 
vt 4.33333 -57 
vt 4.25 -57 
vt 4.16667 -57 
vt 4.08333 -57 
vt 4 -57 
vt 4.5 -57.0833 
vt 4.41667 -57.0833 
vt 4.33333 -57.0833 
vt 4.25 -57.0833 
vt 4.16667 -57.0833 
vt 4.08333 -57.0833 
vt 4 -57.0833 
vt 4.5 -57.1667 
vt 4.41667 -57.1667 
vt 4.33333 -57.1667 
vt 4.25 -57.1667 
vt 4.16667 -57.1667 
vt 4.08333 -57.1667 
vt 4 -57.1667 
vt 4.5 -57.25 
vt 4.41667 -57.25 
vt 4.33333 -57.25 
vt 4.25 -57.25 
vt 4.16667 -57.25 
vt 4.08333 -57.25 
vt 4 -57.25 
vt 4.5 -57.3333 
vt 4.41667 -57.3333 
vt 4.33333 -57.3333 
vt 4.25 -57.3333 
vt 4.16667 -57.3333 
vt 4.08333 -57.3333 
vt 4 -57.3333 
vt 4.5 -57.4167 
vt 4.41667 -57.4167 
vt 4.33333 -57.4167 
vt 4.25 -57.4167 
vt 4.16667 -57.4167 
vt 4.08333 -57.4167 
vt 4 -57.4167 
vt 4.5 -57.5 
vt 4.41667 -57.5 
vt 4.33333 -57.5 
vt 4.25 -57.5 
vt 4.16667 -57.5 
vt 4.08333 -57.5 
vt 4 -57.5 
vt 4.5 -57 
vt 4.41667 -57 
vt 4.33333 -57 
vt 4.25 -57 
vt 4.16667 -57 
vt 4.08333 -57 
vt 4 -57 
vt 4.5 -57.0833 
vt 4.41667 -57.0833 
vt 4.33333 -57.0833 
vt 4.25 -57.0833 
vt 4.16667 -57.0833 
vt 4.08333 -57.0833 
vt 4 -57.0833 
vt 4.5 -57.1667 
vt 4.41667 -57.1667 
vt 4.33333 -57.1667 
vt 4.25 -57.1667 
vt 4.16667 -57.1667 
vt 4.08333 -57.1667 
vt 4 -57.1667 
vt 4.5 -57.25 
vt 4.41667 -57.25 
vt 4.33333 -57.25 
vt 4.25 -57.25 
vt 4.16667 -57.25 
vt 4.08333 -57.25 
vt 4 -57.25 
vt 4.5 -57.3333 
vt 4.41667 -57.3333 
vt 4.33333 -57.3333 
vt 4.25 -57.3333 
vt 4.16667 -57.3333 
vt 4.08333 -57.3333 
vt 4 -57.3333 
vt 4.5 -57.4167 
vt 4.41667 -57.4167 
vt 4.33333 -57.4167 
vt 4.25 -57.4167 
vt 4.16667 -57.4167 
vt 4.08333 -57.4167 
vt 4 -57.4167 
vt 4.5 -57.5 
vt 4.41667 -57.5 
vt 4.33333 -57.5 
vt 4.25 -57.5 
vt 4.16667 -57.5 
vt 4.08333 -57.5 
vt 4 -57.5 
vt 4.5 -57 
vt 4.41667 -57 
vt 4.33333 -57 
vt 4.25 -57 
vt 4.16667 -57 
vt 4.08333 -57 
vt 4 -57 
vt 4.5 -57.0833 
vt 4.41667 -57.0833 
vt 4.33333 -57.0833 
vt 4.25 -57.0833 
vt 4.16667 -57.0833 
vt 4.08333 -57.0833 
vt 4 -57.0833 
vt 4.5 -57.1667 
vt 4.41667 -57.1667 
vt 4.33333 -57.1667 
vt 4.25 -57.1667 
vt 4.16667 -57.1667 
vt 4.08333 -57.1667 
vt 4 -57.1667 
vt 4.5 -57.25 
vt 4.41667 -57.25 
vt 4.33333 -57.25 
vt 4.25 -57.25 
vt 4.16667 -57.25 
vt 4.08333 -57.25 
vt 4 -57.25 
vt 4.5 -57.3333 
vt 4.41667 -57.3333 
vt 4.33333 -57.3333 
vt 4.25 -57.3333 
vt 4.16667 -57.3333 
vt 4.08333 -57.3333 
vt 4 -57.3333 
vt 4.5 -57.4167 
vt 4.41667 -57.4167 
vt 4.33333 -57.4167 
vt 4.25 -57.4167 
vt 4.16667 -57.4167 
vt 4.08333 -57.4167 
vt 4 -57.4167 
vt 4.5 -57.5 
vt 4.41667 -57.5 
vt 4.33333 -57.5 
vt 4.25 -57.5 
vt 4.16667 -57.5 
vt 4.08333 -57.5 
vt 4 -57.5 

usemtl Spheres1Mtl

f 833/833/833 834/834/834 840/840/840 
f 840/840/840 834/834/834 841/841/841 
f 834/834/834 835/835/835 841/841/841 
f 841/841/841 835/835/835 842/842/842 
f 835/835/835 836/836/836 842/842/842 
f 842/842/842 836/836/836 843/843/843 
f 836/836/836 837/837/837 843/843/843 
f 843/843/843 837/837/837 844/844/844 
f 837/837/837 838/838/838 844/844/844 
f 844/844/844 838/838/838 845/845/845 
f 838/838/838 839/839/839 845/845/845 
f 845/845/845 839/839/839 846/846/846 
f 840/840/840 841/841/841 847/847/847 
f 847/847/847 841/841/841 848/848/848 
f 841/841/841 842/842/842 848/848/848 
f 848/848/848 842/842/842 849/849/849 
f 842/842/842 843/843/843 849/849/849 
f 849/849/849 843/843/843 850/850/850 
f 843/843/843 844/844/844 850/850/850 
f 850/850/850 844/844/844 851/851/851 
f 844/844/844 845/845/845 851/851/851 
f 851/851/851 845/845/845 852/852/852 
f 845/845/845 846/846/846 852/852/852 
f 852/852/852 846/846/846 853/853/853 
f 847/847/847 848/848/848 854/854/854 
f 854/854/854 848/848/848 855/855/855 
f 848/848/848 849/849/849 855/855/855 
f 855/855/855 849/849/849 856/856/856 
f 849/849/849 850/850/850 856/856/856 
f 856/856/856 850/850/850 857/857/857 
f 850/850/850 851/851/851 857/857/857 
f 857/857/857 851/851/851 858/858/858 
f 851/851/851 852/852/852 858/858/858 
f 858/858/858 852/852/852 859/859/859 
f 852/852/852 853/853/853 859/859/859 
f 859/859/859 853/853/853 860/860/860 
f 854/854/854 855/855/855 861/861/861 
f 861/861/861 855/855/855 862/862/862 
f 855/855/855 856/856/856 862/862/862 
f 862/862/862 856/856/856 863/863/863 
f 856/856/856 857/857/857 863/863/863 
f 863/863/863 857/857/857 864/864/864 
f 857/857/857 858/858/858 864/864/864 
f 864/864/864 858/858/858 865/865/865 
f 858/858/858 859/859/859 865/865/865 
f 865/865/865 859/859/859 866/866/866 
f 859/859/859 860/860/860 866/866/866 
f 866/866/866 860/860/860 867/867/867 
f 861/861/861 862/862/862 868/868/868 
f 868/868/868 862/862/862 869/869/869 
f 862/862/862 863/863/863 869/869/869 
f 869/869/869 863/863/863 870/870/870 
f 863/863/863 864/864/864 870/870/870 
f 870/870/870 864/864/864 871/871/871 
f 864/864/864 865/865/865 871/871/871 
f 871/871/871 865/865/865 872/872/872 
f 865/865/865 866/866/866 872/872/872 
f 872/872/872 866/866/866 873/873/873 
f 866/866/866 867/867/867 873/873/873 
f 873/873/873 867/867/867 874/874/874 
f 868/868/868 869/869/869 875/875/875 
f 875/875/875 869/869/869 876/876/876 
f 869/869/869 870/870/870 876/876/876 
f 876/876/876 870/870/870 877/877/877 
f 870/870/870 871/871/871 877/877/877 
f 877/877/877 871/871/871 878/878/878 
f 871/871/871 872/872/872 878/878/878 
f 878/878/878 872/872/872 879/879/879 
f 872/872/872 873/873/873 879/879/879 
f 879/879/879 873/873/873 880/880/880 
f 873/873/873 874/874/874 880/880/880 
f 880/880/880 874/874/874 881/881/881 
f 882/882/882 883/883/883 889/889/889 
f 889/889/889 883/883/883 890/890/890 
f 883/883/883 884/884/884 890/890/890 
f 890/890/890 884/884/884 891/891/891 
f 884/884/884 885/885/885 891/891/891 
f 891/891/891 885/885/885 892/892/892 
f 885/885/885 886/886/886 892/892/892 
f 892/892/892 886/886/886 893/893/893 
f 886/886/886 887/887/887 893/893/893 
f 893/893/893 887/887/887 894/894/894 
f 887/887/887 888/888/888 894/894/894 
f 894/894/894 888/888/888 895/895/895 
f 889/889/889 890/890/890 896/896/896 
f 896/896/896 890/890/890 897/897/897 
f 890/890/890 891/891/891 897/897/897 
f 897/897/897 891/891/891 898/898/898 
f 891/891/891 892/892/892 898/898/898 
f 898/898/898 892/892/892 899/899/899 
f 892/892/892 893/893/893 899/899/899 
f 899/899/899 893/893/893 900/900/900 
f 893/893/893 894/894/894 900/900/900 
f 900/900/900 894/894/894 901/901/901 
f 894/894/894 895/895/895 901/901/901 
f 901/901/901 895/895/895 902/902/902 
f 896/896/896 897/897/897 903/903/903 
f 903/903/903 897/897/897 904/904/904 
f 897/897/897 898/898/898 904/904/904 
f 904/904/904 898/898/898 905/905/905 
f 898/898/898 899/899/899 905/905/905 
f 905/905/905 899/899/899 906/906/906 
f 899/899/899 900/900/900 906/906/906 
f 906/906/906 900/900/900 907/907/907 
f 900/900/900 901/901/901 907/907/907 
f 907/907/907 901/901/901 908/908/908 
f 901/901/901 902/902/902 908/908/908 
f 908/908/908 902/902/902 909/909/909 
f 903/903/903 904/904/904 910/910/910 
f 910/910/910 904/904/904 911/911/911 
f 904/904/904 905/905/905 911/911/911 
f 911/911/911 905/905/905 912/912/912 
f 905/905/905 906/906/906 912/912/912 
f 912/912/912 906/906/906 913/913/913 
f 906/906/906 907/907/907 913/913/913 
f 913/913/913 907/907/907 914/914/914 
f 907/907/907 908/908/908 914/914/914 
f 914/914/914 908/908/908 915/915/915 
f 908/908/908 909/909/909 915/915/915 
f 915/915/915 909/909/909 916/916/916 
f 910/910/910 911/911/911 917/917/917 
f 917/917/917 911/911/911 918/918/918 
f 911/911/911 912/912/912 918/918/918 
f 918/918/918 912/912/912 919/919/919 
f 912/912/912 913/913/913 919/919/919 
f 919/919/919 913/913/913 920/920/920 
f 913/913/913 914/914/914 920/920/920 
f 920/920/920 914/914/914 921/921/921 
f 914/914/914 915/915/915 921/921/921 
f 921/921/921 915/915/915 922/922/922 
f 915/915/915 916/916/916 922/922/922 
f 922/922/922 916/916/916 923/923/923 
f 917/917/917 918/918/918 924/924/924 
f 924/924/924 918/918/918 925/925/925 
f 918/918/918 919/919/919 925/925/925 
f 925/925/925 919/919/919 926/926/926 
f 919/919/919 920/920/920 926/926/926 
f 926/926/926 920/920/920 927/927/927 
f 920/920/920 921/921/921 927/927/927 
f 927/927/927 921/921/921 928/928/928 
f 921/921/921 922/922/922 928/928/928 
f 928/928/928 922/922/922 929/929/929 
f 922/922/922 923/923/923 929/929/929 
f 929/929/929 923/923/923 930/930/930 
f 931/931/931 932/932/932 938/938/938 
f 938/938/938 932/932/932 939/939/939 
f 932/932/932 933/933/933 939/939/939 
f 939/939/939 933/933/933 940/940/940 
f 933/933/933 934/934/934 940/940/940 
f 940/940/940 934/934/934 941/941/941 
f 934/934/934 935/935/935 941/941/941 
f 941/941/941 935/935/935 942/942/942 
f 935/935/935 936/936/936 942/942/942 
f 942/942/942 936/936/936 943/943/943 
f 936/936/936 937/937/937 943/943/943 
f 943/943/943 937/937/937 944/944/944 
f 938/938/938 939/939/939 945/945/945 
f 945/945/945 939/939/939 946/946/946 
f 939/939/939 940/940/940 946/946/946 
f 946/946/946 940/940/940 947/947/947 
f 940/940/940 941/941/941 947/947/947 
f 947/947/947 941/941/941 948/948/948 
f 941/941/941 942/942/942 948/948/948 
f 948/948/948 942/942/942 949/949/949 
f 942/942/942 943/943/943 949/949/949 
f 949/949/949 943/943/943 950/950/950 
f 943/943/943 944/944/944 950/950/950 
f 950/950/950 944/944/944 951/951/951 
f 945/945/945 946/946/946 952/952/952 
f 952/952/952 946/946/946 953/953/953 
f 946/946/946 947/947/947 953/953/953 
f 953/953/953 947/947/947 954/954/954 
f 947/947/947 948/948/948 954/954/954 
f 954/954/954 948/948/948 955/955/955 
f 948/948/948 949/949/949 955/955/955 
f 955/955/955 949/949/949 956/956/956 
f 949/949/949 950/950/950 956/956/956 
f 956/956/956 950/950/950 957/957/957 
f 950/950/950 951/951/951 957/957/957 
f 957/957/957 951/951/951 958/958/958 
f 952/952/952 953/953/953 959/959/959 
f 959/959/959 953/953/953 960/960/960 
f 953/953/953 954/954/954 960/960/960 
f 960/960/960 954/954/954 961/961/961 
f 954/954/954 955/955/955 961/961/961 
f 961/961/961 955/955/955 962/962/962 
f 955/955/955 956/956/956 962/962/962 
f 962/962/962 956/956/956 963/963/963 
f 956/956/956 957/957/957 963/963/963 
f 963/963/963 957/957/957 964/964/964 
f 957/957/957 958/958/958 964/964/964 
f 964/964/964 958/958/958 965/965/965 
f 959/959/959 960/960/960 966/966/966 
f 966/966/966 960/960/960 967/967/967 
f 960/960/960 961/961/961 967/967/967 
f 967/967/967 961/961/961 968/968/968 
f 961/961/961 962/962/962 968/968/968 
f 968/968/968 962/962/962 969/969/969 
f 962/962/962 963/963/963 969/969/969 
f 969/969/969 963/963/963 970/970/970 
f 963/963/963 964/964/964 970/970/970 
f 970/970/970 964/964/964 971/971/971 
f 964/964/964 965/965/965 971/971/971 
f 971/971/971 965/965/965 972/972/972 
f 966/966/966 967/967/967 973/973/973 
f 973/973/973 967/967/967 974/974/974 
f 967/967/967 968/968/968 974/974/974 
f 974/974/974 968/968/968 975/975/975 
f 968/968/968 969/969/969 975/975/975 
f 975/975/975 969/969/969 976/976/976 
f 969/969/969 970/970/970 976/976/976 
f 976/976/976 970/970/970 977/977/977 
f 970/970/970 971/971/971 977/977/977 
f 977/977/977 971/971/971 978/978/978 
f 971/971/971 972/972/972 978/978/978 
f 978/978/978 972/972/972 979/979/979 
f 980/980/980 981/981/981 987/987/987 
f 987/987/987 981/981/981 988/988/988 
f 981/981/981 982/982/982 988/988/988 
f 988/988/988 982/982/982 989/989/989 
f 982/982/982 983/983/983 989/989/989 
f 989/989/989 983/983/983 990/990/990 
f 983/983/983 984/984/984 990/990/990 
f 990/990/990 984/984/984 991/991/991 
f 984/984/984 985/985/985 991/991/991 
f 991/991/991 985/985/985 992/992/992 
f 985/985/985 986/986/986 992/992/992 
f 992/992/992 986/986/986 993/993/993 
f 987/987/987 988/988/988 994/994/994 
f 994/994/994 988/988/988 995/995/995 
f 988/988/988 989/989/989 995/995/995 
f 995/995/995 989/989/989 996/996/996 
f 989/989/989 990/990/990 996/996/996 
f 996/996/996 990/990/990 997/997/997 
f 990/990/990 991/991/991 997/997/997 
f 997/997/997 991/991/991 998/998/998 
f 991/991/991 992/992/992 998/998/998 
f 998/998/998 992/992/992 999/999/999 
f 992/992/992 993/993/993 999/999/999 
f 999/999/999 993/993/993 1000/1000/1000 
f 994/994/994 995/995/995 1001/1001/1001 
f 1001/1001/1001 995/995/995 1002/1002/1002 
f 995/995/995 996/996/996 1002/1002/1002 
f 1002/1002/1002 996/996/996 1003/1003/1003 
f 996/996/996 997/997/997 1003/1003/1003 
f 1003/1003/1003 997/997/997 1004/1004/1004 
f 997/997/997 998/998/998 1004/1004/1004 
f 1004/1004/1004 998/998/998 1005/1005/1005 
f 998/998/998 999/999/999 1005/1005/1005 
f 1005/1005/1005 999/999/999 1006/1006/1006 
f 999/999/999 1000/1000/1000 1006/1006/1006 
f 1006/1006/1006 1000/1000/1000 1007/1007/1007 
f 1001/1001/1001 1002/1002/1002 1008/1008/1008 
f 1008/1008/1008 1002/1002/1002 1009/1009/1009 
f 1002/1002/1002 1003/1003/1003 1009/1009/1009 
f 1009/1009/1009 1003/1003/1003 1010/1010/1010 
f 1003/1003/1003 1004/1004/1004 1010/1010/1010 
f 1010/1010/1010 1004/1004/1004 1011/1011/1011 
f 1004/1004/1004 1005/1005/1005 1011/1011/1011 
f 1011/1011/1011 1005/1005/1005 1012/1012/1012 
f 1005/1005/1005 1006/1006/1006 1012/1012/1012 
f 1012/1012/1012 1006/1006/1006 1013/1013/1013 
f 1006/1006/1006 1007/1007/1007 1013/1013/1013 
f 1013/1013/1013 1007/1007/1007 1014/1014/1014 
f 1008/1008/1008 1009/1009/1009 1015/1015/1015 
f 1015/1015/1015 1009/1009/1009 1016/1016/1016 
f 1009/1009/1009 1010/1010/1010 1016/1016/1016 
f 1016/1016/1016 1010/1010/1010 1017/1017/1017 
f 1010/1010/1010 1011/1011/1011 1017/1017/1017 
f 1017/1017/1017 1011/1011/1011 1018/1018/1018 
f 1011/1011/1011 1012/1012/1012 1018/1018/1018 
f 1018/1018/1018 1012/1012/1012 1019/1019/1019 
f 1012/1012/1012 1013/1013/1013 1019/1019/1019 
f 1019/1019/1019 1013/1013/1013 1020/1020/1020 
f 1013/1013/1013 1014/1014/1014 1020/1020/1020 
f 1020/1020/1020 1014/1014/1014 1021/1021/1021 
f 1015/1015/1015 1016/1016/1016 1022/1022/1022 
f 1022/1022/1022 1016/1016/1016 1023/1023/1023 
f 1016/1016/1016 1017/1017/1017 1023/1023/1023 
f 1023/1023/1023 1017/1017/1017 1024/1024/1024 
f 1017/1017/1017 1018/1018/1018 1024/1024/1024 
f 1024/1024/1024 1018/1018/1018 1025/1025/1025 
f 1018/1018/1018 1019/1019/1019 1025/1025/1025 
f 1025/1025/1025 1019/1019/1019 1026/1026/1026 
f 1019/1019/1019 1020/1020/1020 1026/1026/1026 
f 1026/1026/1026 1020/1020/1020 1027/1027/1027 
f 1020/1020/1020 1021/1021/1021 1027/1027/1027 
f 1027/1027/1027 1021/1021/1021 1028/1028/1028 
f 1029/1029/1029 1030/1030/1030 1036/1036/1036 
f 1036/1036/1036 1030/1030/1030 1037/1037/1037 
f 1030/1030/1030 1031/1031/1031 1037/1037/1037 
f 1037/1037/1037 1031/1031/1031 1038/1038/1038 
f 1031/1031/1031 1032/1032/1032 1038/1038/1038 
f 1038/1038/1038 1032/1032/1032 1039/1039/1039 
f 1032/1032/1032 1033/1033/1033 1039/1039/1039 
f 1039/1039/1039 1033/1033/1033 1040/1040/1040 
f 1033/1033/1033 1034/1034/1034 1040/1040/1040 
f 1040/1040/1040 1034/1034/1034 1041/1041/1041 
f 1034/1034/1034 1035/1035/1035 1041/1041/1041 
f 1041/1041/1041 1035/1035/1035 1042/1042/1042 
f 1036/1036/1036 1037/1037/1037 1043/1043/1043 
f 1043/1043/1043 1037/1037/1037 1044/1044/1044 
f 1037/1037/1037 1038/1038/1038 1044/1044/1044 
f 1044/1044/1044 1038/1038/1038 1045/1045/1045 
f 1038/1038/1038 1039/1039/1039 1045/1045/1045 
f 1045/1045/1045 1039/1039/1039 1046/1046/1046 
f 1039/1039/1039 1040/1040/1040 1046/1046/1046 
f 1046/1046/1046 1040/1040/1040 1047/1047/1047 
f 1040/1040/1040 1041/1041/1041 1047/1047/1047 
f 1047/1047/1047 1041/1041/1041 1048/1048/1048 
f 1041/1041/1041 1042/1042/1042 1048/1048/1048 
f 1048/1048/1048 1042/1042/1042 1049/1049/1049 
f 1043/1043/1043 1044/1044/1044 1050/1050/1050 
f 1050/1050/1050 1044/1044/1044 1051/1051/1051 
f 1044/1044/1044 1045/1045/1045 1051/1051/1051 
f 1051/1051/1051 1045/1045/1045 1052/1052/1052 
f 1045/1045/1045 1046/1046/1046 1052/1052/1052 
f 1052/1052/1052 1046/1046/1046 1053/1053/1053 
f 1046/1046/1046 1047/1047/1047 1053/1053/1053 
f 1053/1053/1053 1047/1047/1047 1054/1054/1054 
f 1047/1047/1047 1048/1048/1048 1054/1054/1054 
f 1054/1054/1054 1048/1048/1048 1055/1055/1055 
f 1048/1048/1048 1049/1049/1049 1055/1055/1055 
f 1055/1055/1055 1049/1049/1049 1056/1056/1056 
f 1050/1050/1050 1051/1051/1051 1057/1057/1057 
f 1057/1057/1057 1051/1051/1051 1058/1058/1058 
f 1051/1051/1051 1052/1052/1052 1058/1058/1058 
f 1058/1058/1058 1052/1052/1052 1059/1059/1059 
f 1052/1052/1052 1053/1053/1053 1059/1059/1059 
f 1059/1059/1059 1053/1053/1053 1060/1060/1060 
f 1053/1053/1053 1054/1054/1054 1060/1060/1060 
f 1060/1060/1060 1054/1054/1054 1061/1061/1061 
f 1054/1054/1054 1055/1055/1055 1061/1061/1061 
f 1061/1061/1061 1055/1055/1055 1062/1062/1062 
f 1055/1055/1055 1056/1056/1056 1062/1062/1062 
f 1062/1062/1062 1056/1056/1056 1063/1063/1063 
f 1057/1057/1057 1058/1058/1058 1064/1064/1064 
f 1064/1064/1064 1058/1058/1058 1065/1065/1065 
f 1058/1058/1058 1059/1059/1059 1065/1065/1065 
f 1065/1065/1065 1059/1059/1059 1066/1066/1066 
f 1059/1059/1059 1060/1060/1060 1066/1066/1066 
f 1066/1066/1066 1060/1060/1060 1067/1067/1067 
f 1060/1060/1060 1061/1061/1061 1067/1067/1067 
f 1067/1067/1067 1061/1061/1061 1068/1068/1068 
f 1061/1061/1061 1062/1062/1062 1068/1068/1068 
f 1068/1068/1068 1062/1062/1062 1069/1069/1069 
f 1062/1062/1062 1063/1063/1063 1069/1069/1069 
f 1069/1069/1069 1063/1063/1063 1070/1070/1070 
f 1064/1064/1064 1065/1065/1065 1071/1071/1071 
f 1071/1071/1071 1065/1065/1065 1072/1072/1072 
f 1065/1065/1065 1066/1066/1066 1072/1072/1072 
f 1072/1072/1072 1066/1066/1066 1073/1073/1073 
f 1066/1066/1066 1067/1067/1067 1073/1073/1073 
f 1073/1073/1073 1067/1067/1067 1074/1074/1074 
f 1067/1067/1067 1068/1068/1068 1074/1074/1074 
f 1074/1074/1074 1068/1068/1068 1075/1075/1075 
f 1068/1068/1068 1069/1069/1069 1075/1075/1075 
f 1075/1075/1075 1069/1069/1069 1076/1076/1076 
f 1069/1069/1069 1070/1070/1070 1076/1076/1076 
f 1076/1076/1076 1070/1070/1070 1077/1077/1077 
f 1078/1078/1078 1079/1079/1079 1085/1085/1085 
f 1085/1085/1085 1079/1079/1079 1086/1086/1086 
f 1079/1079/1079 1080/1080/1080 1086/1086/1086 
f 1086/1086/1086 1080/1080/1080 1087/1087/1087 
f 1080/1080/1080 1081/1081/1081 1087/1087/1087 
f 1087/1087/1087 1081/1081/1081 1088/1088/1088 
f 1081/1081/1081 1082/1082/1082 1088/1088/1088 
f 1088/1088/1088 1082/1082/1082 1089/1089/1089 
f 1082/1082/1082 1083/1083/1083 1089/1089/1089 
f 1089/1089/1089 1083/1083/1083 1090/1090/1090 
f 1083/1083/1083 1084/1084/1084 1090/1090/1090 
f 1090/1090/1090 1084/1084/1084 1091/1091/1091 
f 1085/1085/1085 1086/1086/1086 1092/1092/1092 
f 1092/1092/1092 1086/1086/1086 1093/1093/1093 
f 1086/1086/1086 1087/1087/1087 1093/1093/1093 
f 1093/1093/1093 1087/1087/1087 1094/1094/1094 
f 1087/1087/1087 1088/1088/1088 1094/1094/1094 
f 1094/1094/1094 1088/1088/1088 1095/1095/1095 
f 1088/1088/1088 1089/1089/1089 1095/1095/1095 
f 1095/1095/1095 1089/1089/1089 1096/1096/1096 
f 1089/1089/1089 1090/1090/1090 1096/1096/1096 
f 1096/1096/1096 1090/1090/1090 1097/1097/1097 
f 1090/1090/1090 1091/1091/1091 1097/1097/1097 
f 1097/1097/1097 1091/1091/1091 1098/1098/1098 
f 1092/1092/1092 1093/1093/1093 1099/1099/1099 
f 1099/1099/1099 1093/1093/1093 1100/1100/1100 
f 1093/1093/1093 1094/1094/1094 1100/1100/1100 
f 1100/1100/1100 1094/1094/1094 1101/1101/1101 
f 1094/1094/1094 1095/1095/1095 1101/1101/1101 
f 1101/1101/1101 1095/1095/1095 1102/1102/1102 
f 1095/1095/1095 1096/1096/1096 1102/1102/1102 
f 1102/1102/1102 1096/1096/1096 1103/1103/1103 
f 1096/1096/1096 1097/1097/1097 1103/1103/1103 
f 1103/1103/1103 1097/1097/1097 1104/1104/1104 
f 1097/1097/1097 1098/1098/1098 1104/1104/1104 
f 1104/1104/1104 1098/1098/1098 1105/1105/1105 
f 1099/1099/1099 1100/1100/1100 1106/1106/1106 
f 1106/1106/1106 1100/1100/1100 1107/1107/1107 
f 1100/1100/1100 1101/1101/1101 1107/1107/1107 
f 1107/1107/1107 1101/1101/1101 1108/1108/1108 
f 1101/1101/1101 1102/1102/1102 1108/1108/1108 
f 1108/1108/1108 1102/1102/1102 1109/1109/1109 
f 1102/1102/1102 1103/1103/1103 1109/1109/1109 
f 1109/1109/1109 1103/1103/1103 1110/1110/1110 
f 1103/1103/1103 1104/1104/1104 1110/1110/1110 
f 1110/1110/1110 1104/1104/1104 1111/1111/1111 
f 1104/1104/1104 1105/1105/1105 1111/1111/1111 
f 1111/1111/1111 1105/1105/1105 1112/1112/1112 
f 1106/1106/1106 1107/1107/1107 1113/1113/1113 
f 1113/1113/1113 1107/1107/1107 1114/1114/1114 
f 1107/1107/1107 1108/1108/1108 1114/1114/1114 
f 1114/1114/1114 1108/1108/1108 1115/1115/1115 
f 1108/1108/1108 1109/1109/1109 1115/1115/1115 
f 1115/1115/1115 1109/1109/1109 1116/1116/1116 
f 1109/1109/1109 1110/1110/1110 1116/1116/1116 
f 1116/1116/1116 1110/1110/1110 1117/1117/1117 
f 1110/1110/1110 1111/1111/1111 1117/1117/1117 
f 1117/1117/1117 1111/1111/1111 1118/1118/1118 
f 1111/1111/1111 1112/1112/1112 1118/1118/1118 
f 1118/1118/1118 1112/1112/1112 1119/1119/1119 
f 1113/1113/1113 1114/1114/1114 1120/1120/1120 
f 1120/1120/1120 1114/1114/1114 1121/1121/1121 
f 1114/1114/1114 1115/1115/1115 1121/1121/1121 
f 1121/1121/1121 1115/1115/1115 1122/1122/1122 
f 1115/1115/1115 1116/1116/1116 1122/1122/1122 
f 1122/1122/1122 1116/1116/1116 1123/1123/1123 
f 1116/1116/1116 1117/1117/1117 1123/1123/1123 
f 1123/1123/1123 1117/1117/1117 1124/1124/1124 
f 1117/1117/1117 1118/1118/1118 1124/1124/1124 
f 1124/1124/1124 1118/1118/1118 1125/1125/1125 
f 1118/1118/1118 1119/1119/1119 1125/1125/1125 
f 1125/1125/1125 1119/1119/1119 1126/1126/1126 

g Spheres2

v 25.7402 22.2269 -78.0415 
v 25.8336 22.3203 -77.8151 
v 25.9066 22.3933 -77.5196 
v 25.9349 22.4215 -77.1755 
v 25.9066 22.3933 -76.8314 
v 25.8336 22.3203 -76.5359 
v 25.7402 22.2269 -76.3095 
v 25.8336 22.0005 -78.1349 
v 25.9656 22.0885 -77.9031 
v 26.0769 22.1627 -77.5764 
v 26.1223 22.1929 -77.1755 
v 26.0769 22.1627 -76.7746 
v 25.9656 22.0885 -76.4479 
v 25.8336 22.0005 -76.2161 
v 25.9066 21.705 -78.2079 
v 26.0769 21.7618 -77.9773 
v 26.231 21.8132 -77.6278 
v 26.2972 21.8352 -77.1755 
v 26.231 21.8132 -76.7232 
v 26.0769 21.7618 -76.3737 
v 25.9066 21.705 -76.1431 
v 25.9349 21.3609 -78.2362 
v 26.1223 21.3609 -78.0076 
v 26.2972 21.3609 -77.6498 
v 26.3742 21.3609 -77.1755 
v 26.2972 21.3609 -76.7012 
v 26.1223 21.3609 -76.3434 
v 25.9349 21.3609 -76.1148 
v 25.9066 21.0168 -78.2079 
v 26.0769 20.96 -77.9773 
v 26.231 20.9086 -77.6278 
v 26.2972 20.8865 -77.1755 
v 26.231 20.9086 -76.7232 
v 26.0769 20.96 -76.3737 
v 25.9066 21.0168 -76.1431 
v 25.8336 20.7213 -78.1349 
v 25.9656 20.6333 -77.9031 
v 26.0769 20.5591 -77.5764 
v 26.1223 20.5288 -77.1755 
v 26.0769 20.5591 -76.7746 
v 25.9656 20.6333 -76.4479 
v 25.8336 20.7213 -76.2161 
v 25.7402 20.4949 -78.0415 
v 25.8336 20.4015 -77.8151 
v 25.9066 20.3285 -77.5196 
v 25.9349 20.3002 -77.1755 
v 25.9066 20.3285 -76.8314 
v 25.8336 20.4015 -76.5359 
v 25.7402 20.4949 -76.3095 
v 24.0082 22.2269 -76.3095 
v 24.2346 22.3203 -76.2161 
v 24.5301 22.3933 -76.1431 
v 24.8742 22.4215 -76.1148 
v 25.2183 22.3933 -76.1431 
v 25.5138 22.3203 -76.2161 
v 25.7402 22.2269 -76.3095 
v 23.9148 22.3203 -76.5359 
v 24.1466 22.4523 -76.4479 
v 24.4733 22.5636 -76.3737 
v 24.8742 22.609 -76.3434 
v 25.2751 22.5636 -76.3737 
v 25.6018 22.4523 -76.4479 
v 25.8336 22.3203 -76.5359 
v 23.8418 22.3933 -76.8314 
v 24.0724 22.5636 -76.7746 
v 24.4219 22.7177 -76.7232 
v 24.8742 22.7839 -76.7012 
v 25.3265 22.7177 -76.7232 
v 25.676 22.5636 -76.7746 
v 25.9066 22.3933 -76.8314 
v 23.8136 22.4215 -77.1755 
v 24.0422 22.609 -77.1755 
v 24.3999 22.7839 -77.1755 
v 24.8742 22.8609 -77.1755 
v 25.3486 22.7839 -77.1755 
v 25.7063 22.609 -77.1755 
v 25.9349 22.4215 -77.1755 
v 23.8418 22.3933 -77.5196 
v 24.0724 22.5636 -77.5764 
v 24.4219 22.7177 -77.6278 
v 24.8742 22.7839 -77.6498 
v 25.3265 22.7177 -77.6278 
v 25.676 22.5636 -77.5764 
v 25.9066 22.3933 -77.5196 
v 23.9148 22.3203 -77.8151 
v 24.1466 22.4523 -77.9031 
v 24.4733 22.5636 -77.9773 
v 24.8742 22.609 -78.0076 
v 25.2751 22.5636 -77.9773 
v 25.6018 22.4523 -77.9031 
v 25.8336 22.3203 -77.8151 
v 24.0082 22.2269 -78.0415 
v 24.2346 22.3203 -78.1349 
v 24.5301 22.3933 -78.2079 
v 24.8742 22.4215 -78.2362 
v 25.2183 22.3933 -78.2079 
v 25.5138 22.3203 -78.1349 
v 25.7402 22.2269 -78.0415 
v 25.7402 22.2269 -76.3095 
v 25.5138 22.3203 -76.2161 
v 25.2183 22.3933 -76.1431 
v 24.8742 22.4215 -76.1148 
v 24.5301 22.3933 -76.1431 
v 24.2346 22.3203 -76.2161 
v 24.0082 22.2269 -76.3095 
v 25.8336 22.0005 -76.2161 
v 25.6018 22.0885 -76.0841 
v 25.2751 22.1627 -75.9728 
v 24.8742 22.1929 -75.9274 
v 24.4733 22.1627 -75.9728 
v 24.1466 22.0885 -76.0841 
v 23.9148 22.0005 -76.2161 
v 25.9066 21.705 -76.1431 
v 25.676 21.7618 -75.9728 
v 25.3265 21.8132 -75.8187 
v 24.8742 21.8352 -75.7525 
v 24.4219 21.8132 -75.8187 
v 24.0724 21.7618 -75.9728 
v 23.8418 21.705 -76.1431 
v 25.9349 21.3609 -76.1148 
v 25.7063 21.3609 -75.9274 
v 25.3486 21.3609 -75.7525 
v 24.8742 21.3609 -75.6755 
v 24.3999 21.3609 -75.7525 
v 24.0422 21.3609 -75.9274 
v 23.8136 21.3609 -76.1148 
v 25.9066 21.0168 -76.1431 
v 25.676 20.96 -75.9728 
v 25.3265 20.9086 -75.8187 
v 24.8742 20.8865 -75.7525 
v 24.4219 20.9086 -75.8187 
v 24.0724 20.96 -75.9728 
v 23.8418 21.0168 -76.1431 
v 25.8336 20.7213 -76.2161 
v 25.6018 20.6333 -76.0841 
v 25.2751 20.5591 -75.9728 
v 24.8742 20.5288 -75.9274 
v 24.4733 20.5591 -75.9728 
v 24.1466 20.6333 -76.0841 
v 23.9148 20.7213 -76.2161 
v 25.7402 20.4949 -76.3095 
v 25.5138 20.4015 -76.2161 
v 25.2183 20.3285 -76.1431 
v 24.8742 20.3002 -76.1148 
v 24.5301 20.3285 -76.1431 
v 24.2346 20.4015 -76.2161 
v 24.0082 20.4949 -76.3095 
v 24.0082 22.2269 -76.3095 
v 23.9148 22.3203 -76.5359 
v 23.8418 22.3933 -76.8314 
v 23.8136 22.4215 -77.1755 
v 23.8418 22.3933 -77.5196 
v 23.9148 22.3203 -77.8151 
v 24.0082 22.2269 -78.0415 
v 23.9148 22.0005 -76.2161 
v 23.7828 22.0885 -76.4479 
v 23.6715 22.1627 -76.7746 
v 23.6261 22.1929 -77.1755 
v 23.6715 22.1627 -77.5764 
v 23.7828 22.0885 -77.9031 
v 23.9148 22.0005 -78.1349 
v 23.8418 21.705 -76.1431 
v 23.6715 21.7618 -76.3737 
v 23.5174 21.8132 -76.7232 
v 23.4512 21.8352 -77.1755 
v 23.5174 21.8132 -77.6278 
v 23.6715 21.7618 -77.9773 
v 23.8418 21.705 -78.2079 
v 23.8136 21.3609 -76.1148 
v 23.6261 21.3609 -76.3434 
v 23.4512 21.3609 -76.7012 
v 23.3742 21.3609 -77.1755 
v 23.4512 21.3609 -77.6498 
v 23.6261 21.3609 -78.0076 
v 23.8136 21.3609 -78.2362 
v 23.8418 21.0168 -76.1431 
v 23.6715 20.96 -76.3737 
v 23.5174 20.9086 -76.7232 
v 23.4512 20.8865 -77.1755 
v 23.5174 20.9086 -77.6278 
v 23.6715 20.96 -77.9773 
v 23.8418 21.0168 -78.2079 
v 23.9148 20.7213 -76.2161 
v 23.7828 20.6333 -76.4479 
v 23.6715 20.5591 -76.7746 
v 23.6261 20.5288 -77.1755 
v 23.6715 20.5591 -77.5764 
v 23.7828 20.6333 -77.9031 
v 23.9148 20.7213 -78.1349 
v 24.0082 20.4949 -76.3095 
v 23.9148 20.4015 -76.5359 
v 23.8418 20.3285 -76.8314 
v 23.8136 20.3002 -77.1755 
v 23.8418 20.3285 -77.5196 
v 23.9148 20.4015 -77.8151 
v 24.0082 20.4949 -78.0415 
v 24.0082 20.4949 -78.0415 
v 24.2346 20.4015 -78.1349 
v 24.5301 20.3285 -78.2079 
v 24.8742 20.3002 -78.2362 
v 25.2183 20.3285 -78.2079 
v 25.5138 20.4015 -78.1349 
v 25.7402 20.4949 -78.0415 
v 23.9148 20.4015 -77.8151 
v 24.1466 20.2695 -77.9031 
v 24.4733 20.1582 -77.9773 
v 24.8742 20.1128 -78.0076 
v 25.2751 20.1582 -77.9773 
v 25.6018 20.2695 -77.9031 
v 25.8336 20.4015 -77.8151 
v 23.8418 20.3285 -77.5196 
v 24.0724 20.1582 -77.5764 
v 24.4219 20.0041 -77.6278 
v 24.8742 19.9379 -77.6498 
v 25.3265 20.0041 -77.6278 
v 25.676 20.1582 -77.5764 
v 25.9066 20.3285 -77.5196 
v 23.8136 20.3002 -77.1755 
v 24.0422 20.1128 -77.1755 
v 24.3999 19.9379 -77.1755 
v 24.8742 19.8609 -77.1755 
v 25.3486 19.9379 -77.1755 
v 25.7063 20.1128 -77.1755 
v 25.9349 20.3002 -77.1755 
v 23.8418 20.3285 -76.8314 
v 24.0724 20.1582 -76.7746 
v 24.4219 20.0041 -76.7232 
v 24.8742 19.9379 -76.7012 
v 25.3265 20.0041 -76.7232 
v 25.676 20.1582 -76.7746 
v 25.9066 20.3285 -76.8314 
v 23.9148 20.4015 -76.5359 
v 24.1466 20.2695 -76.4479 
v 24.4733 20.1582 -76.3737 
v 24.8742 20.1128 -76.3434 
v 25.2751 20.1582 -76.3737 
v 25.6018 20.2695 -76.4479 
v 25.8336 20.4015 -76.5359 
v 24.0082 20.4949 -76.3095 
v 24.2346 20.4015 -76.2161 
v 24.5301 20.3285 -76.1431 
v 24.8742 20.3002 -76.1148 
v 25.2183 20.3285 -76.1431 
v 25.5138 20.4015 -76.2161 
v 25.7402 20.4949 -76.3095 
v 24.0082 22.2269 -78.0415 
v 24.2346 22.3203 -78.1349 
v 24.5301 22.3933 -78.2079 
v 24.8742 22.4215 -78.2362 
v 25.2183 22.3933 -78.2079 
v 25.5138 22.3203 -78.1349 
v 25.7402 22.2269 -78.0415 
v 23.9148 22.0005 -78.1349 
v 24.1466 22.0885 -78.2669 
v 24.4733 22.1627 -78.3782 
v 24.8742 22.1929 -78.4236 
v 25.2751 22.1627 -78.3782 
v 25.6018 22.0885 -78.2669 
v 25.8336 22.0005 -78.1349 
v 23.8418 21.705 -78.2079 
v 24.0724 21.7618 -78.3782 
v 24.4219 21.8132 -78.5323 
v 24.8742 21.8352 -78.5985 
v 25.3265 21.8132 -78.5323 
v 25.676 21.7618 -78.3782 
v 25.9066 21.705 -78.2079 
v 23.8136 21.3609 -78.2362 
v 24.0422 21.3609 -78.4236 
v 24.3999 21.3609 -78.5985 
v 24.8742 21.3609 -78.6755 
v 25.3486 21.3609 -78.5985 
v 25.7063 21.3609 -78.4236 
v 25.9349 21.3609 -78.2362 
v 23.8418 21.0168 -78.2079 
v 24.0724 20.96 -78.3782 
v 24.4219 20.9086 -78.5323 
v 24.8742 20.8865 -78.5985 
v 25.3265 20.9086 -78.5323 
v 25.676 20.96 -78.3782 
v 25.9066 21.0168 -78.2079 
v 23.9148 20.7213 -78.1349 
v 24.1466 20.6333 -78.2669 
v 24.4733 20.5591 -78.3782 
v 24.8742 20.5288 -78.4236 
v 25.2751 20.5591 -78.3782 
v 25.6018 20.6333 -78.2669 
v 25.8336 20.7213 -78.1349 
v 24.0082 20.4949 -78.0415 
v 24.2346 20.4015 -78.1349 
v 24.5301 20.3285 -78.2079 
v 24.8742 20.3002 -78.2362 
v 25.2183 20.3285 -78.2079 
v 25.5138 20.4015 -78.1349 
v 25.7402 20.4949 -78.0415 

vn 0.574803 0.574803 -0.574803 
vn 0.637795 0.637795 -0.425197 
vn 0.685039 0.685039 -0.228346 
vn 0.708661 0.708661 0 
vn 0.685039 0.685039 0.228346 
vn 0.637795 0.637795 0.425197 
vn 0.574803 0.574803 0.574803 
vn 0.637795 0.425197 -0.637795 
vn 0.724409 0.488189 -0.488189 
vn 0.80315 0.535433 -0.267717 
vn 0.834646 0.551181 0 
vn 0.80315 0.535433 0.267717 
vn 0.724409 0.488189 0.488189 
vn 0.637795 0.425197 0.637795 
vn 0.685039 0.228346 -0.685039 
vn 0.80315 0.267717 -0.535433 
vn 0.905512 0.299213 -0.299213 
vn 0.944882 0.314961 0 
vn 0.905512 0.299213 0.299213 
vn 0.80315 0.267717 0.535433 
vn 0.685039 0.228346 0.685039 
vn 0.708661 0 -0.708661 
vn 0.834646 0 -0.551181 
vn 0.944882 0 -0.314961 
vn 1 0 0 
vn 0.944882 0 0.314961 
vn 0.834646 0 0.551181 
vn 0.708661 0 0.708661 
vn 0.685039 -0.228346 -0.685039 
vn 0.80315 -0.267717 -0.535433 
vn 0.905512 -0.299213 -0.299213 
vn 0.944882 -0.314961 0 
vn 0.905512 -0.299213 0.299213 
vn 0.80315 -0.267717 0.535433 
vn 0.685039 -0.228346 0.685039 
vn 0.637795 -0.425197 -0.637795 
vn 0.724409 -0.488189 -0.488189 
vn 0.80315 -0.535433 -0.267717 
vn 0.834646 -0.551181 0 
vn 0.80315 -0.535433 0.267717 
vn 0.724409 -0.488189 0.488189 
vn 0.637795 -0.425197 0.637795 
vn 0.574803 -0.574803 -0.574803 
vn 0.637795 -0.637795 -0.425197 
vn 0.685039 -0.685039 -0.228346 
vn 0.708661 -0.708661 0 
vn 0.685039 -0.685039 0.228346 
vn 0.637795 -0.637795 0.425197 
vn 0.574803 -0.574803 0.574803 
vn -0.574803 0.574803 0.574803 
vn -0.425197 0.637795 0.637795 
vn -0.228346 0.685039 0.685039 
vn 0 0.708661 0.708661 
vn 0.228346 0.685039 0.685039 
vn 0.425197 0.637795 0.637795 
vn 0.574803 0.574803 0.574803 
vn -0.637795 0.637795 0.425197 
vn -0.488189 0.724409 0.488189 
vn -0.267717 0.80315 0.535433 
vn 0 0.834646 0.551181 
vn 0.267717 0.80315 0.535433 
vn 0.488189 0.724409 0.488189 
vn 0.637795 0.637795 0.425197 
vn -0.685039 0.685039 0.228346 
vn -0.535433 0.80315 0.267717 
vn -0.299213 0.905512 0.299213 
vn 0 0.944882 0.314961 
vn 0.299213 0.905512 0.299213 
vn 0.535433 0.80315 0.267717 
vn 0.685039 0.685039 0.228346 
vn -0.708661 0.708661 0 
vn -0.551181 0.834646 0 
vn -0.314961 0.944882 0 
vn 0 1 0 
vn 0.314961 0.944882 0 
vn 0.551181 0.834646 0 
vn 0.708661 0.708661 0 
vn -0.685039 0.685039 -0.228346 
vn -0.535433 0.80315 -0.267717 
vn -0.299213 0.905512 -0.299213 
vn 0 0.944882 -0.314961 
vn 0.299213 0.905512 -0.299213 
vn 0.535433 0.80315 -0.267717 
vn 0.685039 0.685039 -0.228346 
vn -0.637795 0.637795 -0.425197 
vn -0.488189 0.724409 -0.488189 
vn -0.267717 0.80315 -0.535433 
vn 0 0.834646 -0.551181 
vn 0.267717 0.80315 -0.535433 
vn 0.488189 0.724409 -0.488189 
vn 0.637795 0.637795 -0.425197 
vn -0.574803 0.574803 -0.574803 
vn -0.425197 0.637795 -0.637795 
vn -0.228346 0.685039 -0.685039 
vn 0 0.708661 -0.708661 
vn 0.228346 0.685039 -0.685039 
vn 0.425197 0.637795 -0.637795 
vn 0.574803 0.574803 -0.574803 
vn 0.574803 0.574803 0.574803 
vn 0.425197 0.637795 0.637795 
vn 0.228346 0.685039 0.685039 
vn 0 0.708661 0.708661 
vn -0.228346 0.685039 0.685039 
vn -0.425197 0.637795 0.637795 
vn -0.574803 0.574803 0.574803 
vn 0.637795 0.425197 0.637795 
vn 0.488189 0.488189 0.724409 
vn 0.267717 0.535433 0.80315 
vn 0 0.551181 0.834646 
vn -0.267717 0.535433 0.80315 
vn -0.488189 0.488189 0.724409 
vn -0.637795 0.425197 0.637795 
vn 0.685039 0.228346 0.685039 
vn 0.535433 0.267717 0.80315 
vn 0.299213 0.299213 0.905512 
vn 0 0.314961 0.944882 
vn -0.299213 0.299213 0.905512 
vn -0.535433 0.267717 0.80315 
vn -0.685039 0.228346 0.685039 
vn 0.708661 0 0.708661 
vn 0.551181 0 0.834646 
vn 0.314961 0 0.944882 
vn 0 0 1 
vn -0.314961 0 0.944882 
vn -0.551181 0 0.834646 
vn -0.708661 0 0.708661 
vn 0.685039 -0.228346 0.685039 
vn 0.535433 -0.267717 0.80315 
vn 0.299213 -0.299213 0.905512 
vn 0 -0.314961 0.944882 
vn -0.299213 -0.299213 0.905512 
vn -0.535433 -0.267717 0.80315 
vn -0.685039 -0.228346 0.685039 
vn 0.637795 -0.425197 0.637795 
vn 0.488189 -0.488189 0.724409 
vn 0.267717 -0.535433 0.80315 
vn 0 -0.551181 0.834646 
vn -0.267717 -0.535433 0.80315 
vn -0.488189 -0.488189 0.724409 
vn -0.637795 -0.425197 0.637795 
vn 0.574803 -0.574803 0.574803 
vn 0.425197 -0.637795 0.637795 
vn 0.228346 -0.685039 0.685039 
vn 0 -0.708661 0.708661 
vn -0.228346 -0.685039 0.685039 
vn -0.425197 -0.637795 0.637795 
vn -0.574803 -0.574803 0.574803 
vn -0.574803 0.574803 0.574803 
vn -0.637795 0.637795 0.425197 
vn -0.685039 0.685039 0.228346 
vn -0.708661 0.708661 0 
vn -0.685039 0.685039 -0.228346 
vn -0.637795 0.637795 -0.425197 
vn -0.574803 0.574803 -0.574803 
vn -0.637795 0.425197 0.637795 
vn -0.724409 0.488189 0.488189 
vn -0.80315 0.535433 0.267717 
vn -0.834646 0.551181 0 
vn -0.80315 0.535433 -0.267717 
vn -0.724409 0.488189 -0.488189 
vn -0.637795 0.425197 -0.637795 
vn -0.685039 0.228346 0.685039 
vn -0.80315 0.267717 0.535433 
vn -0.905512 0.299213 0.299213 
vn -0.944882 0.314961 0 
vn -0.905512 0.299213 -0.299213 
vn -0.80315 0.267717 -0.535433 
vn -0.685039 0.228346 -0.685039 
vn -0.708661 0 0.708661 
vn -0.834646 0 0.551181 
vn -0.944882 0 0.314961 
vn -1 0 0 
vn -0.944882 0 -0.314961 
vn -0.834646 0 -0.551181 
vn -0.708661 0 -0.708661 
vn -0.685039 -0.228346 0.685039 
vn -0.80315 -0.267717 0.535433 
vn -0.905512 -0.299213 0.299213 
vn -0.944882 -0.314961 0 
vn -0.905512 -0.299213 -0.299213 
vn -0.80315 -0.267717 -0.535433 
vn -0.685039 -0.228346 -0.685039 
vn -0.637795 -0.425197 0.637795 
vn -0.724409 -0.488189 0.488189 
vn -0.80315 -0.535433 0.267717 
vn -0.834646 -0.551181 0 
vn -0.80315 -0.535433 -0.267717 
vn -0.724409 -0.488189 -0.488189 
vn -0.637795 -0.425197 -0.637795 
vn -0.574803 -0.574803 0.574803 
vn -0.637795 -0.637795 0.425197 
vn -0.685039 -0.685039 0.228346 
vn -0.708661 -0.708661 0 
vn -0.685039 -0.685039 -0.228346 
vn -0.637795 -0.637795 -0.425197 
vn -0.574803 -0.574803 -0.574803 
vn -0.574803 -0.574803 -0.574803 
vn -0.425197 -0.637795 -0.637795 
vn -0.228346 -0.685039 -0.685039 
vn 0 -0.708661 -0.708661 
vn 0.228346 -0.685039 -0.685039 
vn 0.425197 -0.637795 -0.637795 
vn 0.574803 -0.574803 -0.574803 
vn -0.637795 -0.637795 -0.425197 
vn -0.488189 -0.724409 -0.488189 
vn -0.267717 -0.80315 -0.535433 
vn 0 -0.834646 -0.551181 
vn 0.267717 -0.80315 -0.535433 
vn 0.488189 -0.724409 -0.488189 
vn 0.637795 -0.637795 -0.425197 
vn -0.685039 -0.685039 -0.228346 
vn -0.535433 -0.80315 -0.267717 
vn -0.299213 -0.905512 -0.299213 
vn 0 -0.944882 -0.314961 
vn 0.299213 -0.905512 -0.299213 
vn 0.535433 -0.80315 -0.267717 
vn 0.685039 -0.685039 -0.228346 
vn -0.708661 -0.708661 0 
vn -0.551181 -0.834646 0 
vn -0.314961 -0.944882 0 
vn 0 -1 0 
vn 0.314961 -0.944882 0 
vn 0.551181 -0.834646 0 
vn 0.708661 -0.708661 0 
vn -0.685039 -0.685039 0.228346 
vn -0.535433 -0.80315 0.267717 
vn -0.299213 -0.905512 0.299213 
vn 0 -0.944882 0.314961 
vn 0.299213 -0.905512 0.299213 
vn 0.535433 -0.80315 0.267717 
vn 0.685039 -0.685039 0.228346 
vn -0.637795 -0.637795 0.425197 
vn -0.488189 -0.724409 0.488189 
vn -0.267717 -0.80315 0.535433 
vn 0 -0.834646 0.551181 
vn 0.267717 -0.80315 0.535433 
vn 0.488189 -0.724409 0.488189 
vn 0.637795 -0.637795 0.425197 
vn -0.574803 -0.574803 0.574803 
vn -0.425197 -0.637795 0.637795 
vn -0.228346 -0.685039 0.685039 
vn 0 -0.708661 0.708661 
vn 0.228346 -0.685039 0.685039 
vn 0.425197 -0.637795 0.637795 
vn 0.574803 -0.574803 0.574803 
vn -0.574803 0.574803 -0.574803 
vn -0.425197 0.637795 -0.637795 
vn -0.228346 0.685039 -0.685039 
vn 0 0.708661 -0.708661 
vn 0.228346 0.685039 -0.685039 
vn 0.425197 0.637795 -0.637795 
vn 0.574803 0.574803 -0.574803 
vn -0.637795 0.425197 -0.637795 
vn -0.488189 0.488189 -0.724409 
vn -0.267717 0.535433 -0.80315 
vn 0 0.551181 -0.834646 
vn 0.267717 0.535433 -0.80315 
vn 0.488189 0.488189 -0.724409 
vn 0.637795 0.425197 -0.637795 
vn -0.685039 0.228346 -0.685039 
vn -0.535433 0.267717 -0.80315 
vn -0.299213 0.299213 -0.905512 
vn 0 0.314961 -0.944882 
vn 0.299213 0.299213 -0.905512 
vn 0.535433 0.267717 -0.80315 
vn 0.685039 0.228346 -0.685039 
vn -0.708661 0 -0.708661 
vn -0.551181 0 -0.834646 
vn -0.314961 0 -0.944882 
vn 0 0 -1 
vn 0.314961 0 -0.944882 
vn 0.551181 0 -0.834646 
vn 0.708661 0 -0.708661 
vn -0.685039 -0.228346 -0.685039 
vn -0.535433 -0.267717 -0.80315 
vn -0.299213 -0.299213 -0.905512 
vn 0 -0.314961 -0.944882 
vn 0.299213 -0.299213 -0.905512 
vn 0.535433 -0.267717 -0.80315 
vn 0.685039 -0.228346 -0.685039 
vn -0.637795 -0.425197 -0.637795 
vn -0.488189 -0.488189 -0.724409 
vn -0.267717 -0.535433 -0.80315 
vn 0 -0.551181 -0.834646 
vn 0.267717 -0.535433 -0.80315 
vn 0.488189 -0.488189 -0.724409 
vn 0.637795 -0.425197 -0.637795 
vn -0.574803 -0.574803 -0.574803 
vn -0.425197 -0.637795 -0.637795 
vn -0.228346 -0.685039 -0.685039 
vn 0 -0.708661 -0.708661 
vn 0.228346 -0.685039 -0.685039 
vn 0.425197 -0.637795 -0.637795 
vn 0.574803 -0.574803 -0.574803 

vt 3.378 -1.67814 
vt 3.3155 -1.67814 
vt 3.253 -1.67814 
vt 3.1905 -1.67814 
vt 3.128 -1.67814 
vt 3.0655 -1.67814 
vt 3.003 -1.67814 
vt 3.378 -1.74064 
vt 3.3155 -1.74064 
vt 3.253 -1.74064 
vt 3.1905 -1.74064 
vt 3.128 -1.74064 
vt 3.0655 -1.74064 
vt 3.003 -1.74064 
vt 3.378 -1.80314 
vt 3.3155 -1.80314 
vt 3.253 -1.80314 
vt 3.1905 -1.80314 
vt 3.128 -1.80314 
vt 3.0655 -1.80314 
vt 3.003 -1.80314 
vt 3.378 -1.86564 
vt 3.3155 -1.86564 
vt 3.253 -1.86564 
vt 3.1905 -1.86564 
vt 3.128 -1.86564 
vt 3.0655 -1.86564 
vt 3.003 -1.86564 
vt 3.378 -1.92814 
vt 3.3155 -1.92814 
vt 3.253 -1.92814 
vt 3.1905 -1.92814 
vt 3.128 -1.92814 
vt 3.0655 -1.92814 
vt 3.003 -1.92814 
vt 3.378 -1.99064 
vt 3.3155 -1.99064 
vt 3.253 -1.99064 
vt 3.1905 -1.99064 
vt 3.128 -1.99064 
vt 3.0655 -1.99064 
vt 3.003 -1.99064 
vt 3.378 -2.05314 
vt 3.3155 -2.05314 
vt 3.253 -2.05314 
vt 3.1905 -2.05314 
vt 3.128 -2.05314 
vt 3.0655 -2.05314 
vt 3.003 -2.05314 
vt 3.378 -1.67814 
vt 3.3155 -1.67814 
vt 3.253 -1.67814 
vt 3.1905 -1.67814 
vt 3.128 -1.67814 
vt 3.0655 -1.67814 
vt 3.003 -1.67814 
vt 3.378 -1.74064 
vt 3.3155 -1.74064 
vt 3.253 -1.74064 
vt 3.1905 -1.74064 
vt 3.128 -1.74064 
vt 3.0655 -1.74064 
vt 3.003 -1.74064 
vt 3.378 -1.80314 
vt 3.3155 -1.80314 
vt 3.253 -1.80314 
vt 3.1905 -1.80314 
vt 3.128 -1.80314 
vt 3.0655 -1.80314 
vt 3.003 -1.80314 
vt 3.378 -1.86564 
vt 3.3155 -1.86564 
vt 3.253 -1.86564 
vt 3.1905 -1.86564 
vt 3.128 -1.86564 
vt 3.0655 -1.86564 
vt 3.003 -1.86564 
vt 3.378 -1.92814 
vt 3.3155 -1.92814 
vt 3.253 -1.92814 
vt 3.1905 -1.92814 
vt 3.128 -1.92814 
vt 3.0655 -1.92814 
vt 3.003 -1.92814 
vt 3.378 -1.99064 
vt 3.3155 -1.99064 
vt 3.253 -1.99064 
vt 3.1905 -1.99064 
vt 3.128 -1.99064 
vt 3.0655 -1.99064 
vt 3.003 -1.99064 
vt 3.378 -2.05314 
vt 3.3155 -2.05314 
vt 3.253 -2.05314 
vt 3.1905 -2.05314 
vt 3.128 -2.05314 
vt 3.0655 -2.05314 
vt 3.003 -2.05314 
vt 3.378 -1.67814 
vt 3.3155 -1.67814 
vt 3.253 -1.67814 
vt 3.1905 -1.67814 
vt 3.128 -1.67814 
vt 3.0655 -1.67814 
vt 3.003 -1.67814 
vt 3.378 -1.74064 
vt 3.3155 -1.74064 
vt 3.253 -1.74064 
vt 3.1905 -1.74064 
vt 3.128 -1.74064 
vt 3.0655 -1.74064 
vt 3.003 -1.74064 
vt 3.378 -1.80314 
vt 3.3155 -1.80314 
vt 3.253 -1.80314 
vt 3.1905 -1.80314 
vt 3.128 -1.80314 
vt 3.0655 -1.80314 
vt 3.003 -1.80314 
vt 3.378 -1.86564 
vt 3.3155 -1.86564 
vt 3.253 -1.86564 
vt 3.1905 -1.86564 
vt 3.128 -1.86564 
vt 3.0655 -1.86564 
vt 3.003 -1.86564 
vt 3.378 -1.92814 
vt 3.3155 -1.92814 
vt 3.253 -1.92814 
vt 3.1905 -1.92814 
vt 3.128 -1.92814 
vt 3.0655 -1.92814 
vt 3.003 -1.92814 
vt 3.378 -1.99064 
vt 3.3155 -1.99064 
vt 3.253 -1.99064 
vt 3.1905 -1.99064 
vt 3.128 -1.99064 
vt 3.0655 -1.99064 
vt 3.003 -1.99064 
vt 3.378 -2.05314 
vt 3.3155 -2.05314 
vt 3.253 -2.05314 
vt 3.1905 -2.05314 
vt 3.128 -2.05314 
vt 3.0655 -2.05314 
vt 3.003 -2.05314 
vt 3.378 -1.67814 
vt 3.3155 -1.67814 
vt 3.253 -1.67814 
vt 3.1905 -1.67814 
vt 3.128 -1.67814 
vt 3.0655 -1.67814 
vt 3.003 -1.67814 
vt 3.378 -1.74064 
vt 3.3155 -1.74064 
vt 3.253 -1.74064 
vt 3.1905 -1.74064 
vt 3.128 -1.74064 
vt 3.0655 -1.74064 
vt 3.003 -1.74064 
vt 3.378 -1.80314 
vt 3.3155 -1.80314 
vt 3.253 -1.80314 
vt 3.1905 -1.80314 
vt 3.128 -1.80314 
vt 3.0655 -1.80314 
vt 3.003 -1.80314 
vt 3.378 -1.86564 
vt 3.3155 -1.86564 
vt 3.253 -1.86564 
vt 3.1905 -1.86564 
vt 3.128 -1.86564 
vt 3.0655 -1.86564 
vt 3.003 -1.86564 
vt 3.378 -1.92814 
vt 3.3155 -1.92814 
vt 3.253 -1.92814 
vt 3.1905 -1.92814 
vt 3.128 -1.92814 
vt 3.0655 -1.92814 
vt 3.003 -1.92814 
vt 3.378 -1.99064 
vt 3.3155 -1.99064 
vt 3.253 -1.99064 
vt 3.1905 -1.99064 
vt 3.128 -1.99064 
vt 3.0655 -1.99064 
vt 3.003 -1.99064 
vt 3.378 -2.05314 
vt 3.3155 -2.05314 
vt 3.253 -2.05314 
vt 3.1905 -2.05314 
vt 3.128 -2.05314 
vt 3.0655 -2.05314 
vt 3.003 -2.05314 
vt 3.378 -1.67814 
vt 3.3155 -1.67814 
vt 3.253 -1.67814 
vt 3.1905 -1.67814 
vt 3.128 -1.67814 
vt 3.0655 -1.67814 
vt 3.003 -1.67814 
vt 3.378 -1.74064 
vt 3.3155 -1.74064 
vt 3.253 -1.74064 
vt 3.1905 -1.74064 
vt 3.128 -1.74064 
vt 3.0655 -1.74064 
vt 3.003 -1.74064 
vt 3.378 -1.80314 
vt 3.3155 -1.80314 
vt 3.253 -1.80314 
vt 3.1905 -1.80314 
vt 3.128 -1.80314 
vt 3.0655 -1.80314 
vt 3.003 -1.80314 
vt 3.378 -1.86564 
vt 3.3155 -1.86564 
vt 3.253 -1.86564 
vt 3.1905 -1.86564 
vt 3.128 -1.86564 
vt 3.0655 -1.86564 
vt 3.003 -1.86564 
vt 3.378 -1.92814 
vt 3.3155 -1.92814 
vt 3.253 -1.92814 
vt 3.1905 -1.92814 
vt 3.128 -1.92814 
vt 3.0655 -1.92814 
vt 3.003 -1.92814 
vt 3.378 -1.99064 
vt 3.3155 -1.99064 
vt 3.253 -1.99064 
vt 3.1905 -1.99064 
vt 3.128 -1.99064 
vt 3.0655 -1.99064 
vt 3.003 -1.99064 
vt 3.378 -2.05314 
vt 3.3155 -2.05314 
vt 3.253 -2.05314 
vt 3.1905 -2.05314 
vt 3.128 -2.05314 
vt 3.0655 -2.05314 
vt 3.003 -2.05314 
vt 3.378 -1.67814 
vt 3.3155 -1.67814 
vt 3.253 -1.67814 
vt 3.1905 -1.67814 
vt 3.128 -1.67814 
vt 3.0655 -1.67814 
vt 3.003 -1.67814 
vt 3.378 -1.74064 
vt 3.3155 -1.74064 
vt 3.253 -1.74064 
vt 3.1905 -1.74064 
vt 3.128 -1.74064 
vt 3.0655 -1.74064 
vt 3.003 -1.74064 
vt 3.378 -1.80314 
vt 3.3155 -1.80314 
vt 3.253 -1.80314 
vt 3.1905 -1.80314 
vt 3.128 -1.80314 
vt 3.0655 -1.80314 
vt 3.003 -1.80314 
vt 3.378 -1.86564 
vt 3.3155 -1.86564 
vt 3.253 -1.86564 
vt 3.1905 -1.86564 
vt 3.128 -1.86564 
vt 3.0655 -1.86564 
vt 3.003 -1.86564 
vt 3.378 -1.92814 
vt 3.3155 -1.92814 
vt 3.253 -1.92814 
vt 3.1905 -1.92814 
vt 3.128 -1.92814 
vt 3.0655 -1.92814 
vt 3.003 -1.92814 
vt 3.378 -1.99064 
vt 3.3155 -1.99064 
vt 3.253 -1.99064 
vt 3.1905 -1.99064 
vt 3.128 -1.99064 
vt 3.0655 -1.99064 
vt 3.003 -1.99064 
vt 3.378 -2.05314 
vt 3.3155 -2.05314 
vt 3.253 -2.05314 
vt 3.1905 -2.05314 
vt 3.128 -2.05314 
vt 3.0655 -2.05314 
vt 3.003 -2.05314 

usemtl Spheres2Mtl

f 1127/1127/1127 1128/1128/1128 1134/1134/1134 
f 1134/1134/1134 1128/1128/1128 1135/1135/1135 
f 1128/1128/1128 1129/1129/1129 1135/1135/1135 
f 1135/1135/1135 1129/1129/1129 1136/1136/1136 
f 1129/1129/1129 1130/1130/1130 1136/1136/1136 
f 1136/1136/1136 1130/1130/1130 1137/1137/1137 
f 1130/1130/1130 1131/1131/1131 1137/1137/1137 
f 1137/1137/1137 1131/1131/1131 1138/1138/1138 
f 1131/1131/1131 1132/1132/1132 1138/1138/1138 
f 1138/1138/1138 1132/1132/1132 1139/1139/1139 
f 1132/1132/1132 1133/1133/1133 1139/1139/1139 
f 1139/1139/1139 1133/1133/1133 1140/1140/1140 
f 1134/1134/1134 1135/1135/1135 1141/1141/1141 
f 1141/1141/1141 1135/1135/1135 1142/1142/1142 
f 1135/1135/1135 1136/1136/1136 1142/1142/1142 
f 1142/1142/1142 1136/1136/1136 1143/1143/1143 
f 1136/1136/1136 1137/1137/1137 1143/1143/1143 
f 1143/1143/1143 1137/1137/1137 1144/1144/1144 
f 1137/1137/1137 1138/1138/1138 1144/1144/1144 
f 1144/1144/1144 1138/1138/1138 1145/1145/1145 
f 1138/1138/1138 1139/1139/1139 1145/1145/1145 
f 1145/1145/1145 1139/1139/1139 1146/1146/1146 
f 1139/1139/1139 1140/1140/1140 1146/1146/1146 
f 1146/1146/1146 1140/1140/1140 1147/1147/1147 
f 1141/1141/1141 1142/1142/1142 1148/1148/1148 
f 1148/1148/1148 1142/1142/1142 1149/1149/1149 
f 1142/1142/1142 1143/1143/1143 1149/1149/1149 
f 1149/1149/1149 1143/1143/1143 1150/1150/1150 
f 1143/1143/1143 1144/1144/1144 1150/1150/1150 
f 1150/1150/1150 1144/1144/1144 1151/1151/1151 
f 1144/1144/1144 1145/1145/1145 1151/1151/1151 
f 1151/1151/1151 1145/1145/1145 1152/1152/1152 
f 1145/1145/1145 1146/1146/1146 1152/1152/1152 
f 1152/1152/1152 1146/1146/1146 1153/1153/1153 
f 1146/1146/1146 1147/1147/1147 1153/1153/1153 
f 1153/1153/1153 1147/1147/1147 1154/1154/1154 
f 1148/1148/1148 1149/1149/1149 1155/1155/1155 
f 1155/1155/1155 1149/1149/1149 1156/1156/1156 
f 1149/1149/1149 1150/1150/1150 1156/1156/1156 
f 1156/1156/1156 1150/1150/1150 1157/1157/1157 
f 1150/1150/1150 1151/1151/1151 1157/1157/1157 
f 1157/1157/1157 1151/1151/1151 1158/1158/1158 
f 1151/1151/1151 1152/1152/1152 1158/1158/1158 
f 1158/1158/1158 1152/1152/1152 1159/1159/1159 
f 1152/1152/1152 1153/1153/1153 1159/1159/1159 
f 1159/1159/1159 1153/1153/1153 1160/1160/1160 
f 1153/1153/1153 1154/1154/1154 1160/1160/1160 
f 1160/1160/1160 1154/1154/1154 1161/1161/1161 
f 1155/1155/1155 1156/1156/1156 1162/1162/1162 
f 1162/1162/1162 1156/1156/1156 1163/1163/1163 
f 1156/1156/1156 1157/1157/1157 1163/1163/1163 
f 1163/1163/1163 1157/1157/1157 1164/1164/1164 
f 1157/1157/1157 1158/1158/1158 1164/1164/1164 
f 1164/1164/1164 1158/1158/1158 1165/1165/1165 
f 1158/1158/1158 1159/1159/1159 1165/1165/1165 
f 1165/1165/1165 1159/1159/1159 1166/1166/1166 
f 1159/1159/1159 1160/1160/1160 1166/1166/1166 
f 1166/1166/1166 1160/1160/1160 1167/1167/1167 
f 1160/1160/1160 1161/1161/1161 1167/1167/1167 
f 1167/1167/1167 1161/1161/1161 1168/1168/1168 
f 1162/1162/1162 1163/1163/1163 1169/1169/1169 
f 1169/1169/1169 1163/1163/1163 1170/1170/1170 
f 1163/1163/1163 1164/1164/1164 1170/1170/1170 
f 1170/1170/1170 1164/1164/1164 1171/1171/1171 
f 1164/1164/1164 1165/1165/1165 1171/1171/1171 
f 1171/1171/1171 1165/1165/1165 1172/1172/1172 
f 1165/1165/1165 1166/1166/1166 1172/1172/1172 
f 1172/1172/1172 1166/1166/1166 1173/1173/1173 
f 1166/1166/1166 1167/1167/1167 1173/1173/1173 
f 1173/1173/1173 1167/1167/1167 1174/1174/1174 
f 1167/1167/1167 1168/1168/1168 1174/1174/1174 
f 1174/1174/1174 1168/1168/1168 1175/1175/1175 
f 1176/1176/1176 1177/1177/1177 1183/1183/1183 
f 1183/1183/1183 1177/1177/1177 1184/1184/1184 
f 1177/1177/1177 1178/1178/1178 1184/1184/1184 
f 1184/1184/1184 1178/1178/1178 1185/1185/1185 
f 1178/1178/1178 1179/1179/1179 1185/1185/1185 
f 1185/1185/1185 1179/1179/1179 1186/1186/1186 
f 1179/1179/1179 1180/1180/1180 1186/1186/1186 
f 1186/1186/1186 1180/1180/1180 1187/1187/1187 
f 1180/1180/1180 1181/1181/1181 1187/1187/1187 
f 1187/1187/1187 1181/1181/1181 1188/1188/1188 
f 1181/1181/1181 1182/1182/1182 1188/1188/1188 
f 1188/1188/1188 1182/1182/1182 1189/1189/1189 
f 1183/1183/1183 1184/1184/1184 1190/1190/1190 
f 1190/1190/1190 1184/1184/1184 1191/1191/1191 
f 1184/1184/1184 1185/1185/1185 1191/1191/1191 
f 1191/1191/1191 1185/1185/1185 1192/1192/1192 
f 1185/1185/1185 1186/1186/1186 1192/1192/1192 
f 1192/1192/1192 1186/1186/1186 1193/1193/1193 
f 1186/1186/1186 1187/1187/1187 1193/1193/1193 
f 1193/1193/1193 1187/1187/1187 1194/1194/1194 
f 1187/1187/1187 1188/1188/1188 1194/1194/1194 
f 1194/1194/1194 1188/1188/1188 1195/1195/1195 
f 1188/1188/1188 1189/1189/1189 1195/1195/1195 
f 1195/1195/1195 1189/1189/1189 1196/1196/1196 
f 1190/1190/1190 1191/1191/1191 1197/1197/1197 
f 1197/1197/1197 1191/1191/1191 1198/1198/1198 
f 1191/1191/1191 1192/1192/1192 1198/1198/1198 
f 1198/1198/1198 1192/1192/1192 1199/1199/1199 
f 1192/1192/1192 1193/1193/1193 1199/1199/1199 
f 1199/1199/1199 1193/1193/1193 1200/1200/1200 
f 1193/1193/1193 1194/1194/1194 1200/1200/1200 
f 1200/1200/1200 1194/1194/1194 1201/1201/1201 
f 1194/1194/1194 1195/1195/1195 1201/1201/1201 
f 1201/1201/1201 1195/1195/1195 1202/1202/1202 
f 1195/1195/1195 1196/1196/1196 1202/1202/1202 
f 1202/1202/1202 1196/1196/1196 1203/1203/1203 
f 1197/1197/1197 1198/1198/1198 1204/1204/1204 
f 1204/1204/1204 1198/1198/1198 1205/1205/1205 
f 1198/1198/1198 1199/1199/1199 1205/1205/1205 
f 1205/1205/1205 1199/1199/1199 1206/1206/1206 
f 1199/1199/1199 1200/1200/1200 1206/1206/1206 
f 1206/1206/1206 1200/1200/1200 1207/1207/1207 
f 1200/1200/1200 1201/1201/1201 1207/1207/1207 
f 1207/1207/1207 1201/1201/1201 1208/1208/1208 
f 1201/1201/1201 1202/1202/1202 1208/1208/1208 
f 1208/1208/1208 1202/1202/1202 1209/1209/1209 
f 1202/1202/1202 1203/1203/1203 1209/1209/1209 
f 1209/1209/1209 1203/1203/1203 1210/1210/1210 
f 1204/1204/1204 1205/1205/1205 1211/1211/1211 
f 1211/1211/1211 1205/1205/1205 1212/1212/1212 
f 1205/1205/1205 1206/1206/1206 1212/1212/1212 
f 1212/1212/1212 1206/1206/1206 1213/1213/1213 
f 1206/1206/1206 1207/1207/1207 1213/1213/1213 
f 1213/1213/1213 1207/1207/1207 1214/1214/1214 
f 1207/1207/1207 1208/1208/1208 1214/1214/1214 
f 1214/1214/1214 1208/1208/1208 1215/1215/1215 
f 1208/1208/1208 1209/1209/1209 1215/1215/1215 
f 1215/1215/1215 1209/1209/1209 1216/1216/1216 
f 1209/1209/1209 1210/1210/1210 1216/1216/1216 
f 1216/1216/1216 1210/1210/1210 1217/1217/1217 
f 1211/1211/1211 1212/1212/1212 1218/1218/1218 
f 1218/1218/1218 1212/1212/1212 1219/1219/1219 
f 1212/1212/1212 1213/1213/1213 1219/1219/1219 
f 1219/1219/1219 1213/1213/1213 1220/1220/1220 
f 1213/1213/1213 1214/1214/1214 1220/1220/1220 
f 1220/1220/1220 1214/1214/1214 1221/1221/1221 
f 1214/1214/1214 1215/1215/1215 1221/1221/1221 
f 1221/1221/1221 1215/1215/1215 1222/1222/1222 
f 1215/1215/1215 1216/1216/1216 1222/1222/1222 
f 1222/1222/1222 1216/1216/1216 1223/1223/1223 
f 1216/1216/1216 1217/1217/1217 1223/1223/1223 
f 1223/1223/1223 1217/1217/1217 1224/1224/1224 
f 1225/1225/1225 1226/1226/1226 1232/1232/1232 
f 1232/1232/1232 1226/1226/1226 1233/1233/1233 
f 1226/1226/1226 1227/1227/1227 1233/1233/1233 
f 1233/1233/1233 1227/1227/1227 1234/1234/1234 
f 1227/1227/1227 1228/1228/1228 1234/1234/1234 
f 1234/1234/1234 1228/1228/1228 1235/1235/1235 
f 1228/1228/1228 1229/1229/1229 1235/1235/1235 
f 1235/1235/1235 1229/1229/1229 1236/1236/1236 
f 1229/1229/1229 1230/1230/1230 1236/1236/1236 
f 1236/1236/1236 1230/1230/1230 1237/1237/1237 
f 1230/1230/1230 1231/1231/1231 1237/1237/1237 
f 1237/1237/1237 1231/1231/1231 1238/1238/1238 
f 1232/1232/1232 1233/1233/1233 1239/1239/1239 
f 1239/1239/1239 1233/1233/1233 1240/1240/1240 
f 1233/1233/1233 1234/1234/1234 1240/1240/1240 
f 1240/1240/1240 1234/1234/1234 1241/1241/1241 
f 1234/1234/1234 1235/1235/1235 1241/1241/1241 
f 1241/1241/1241 1235/1235/1235 1242/1242/1242 
f 1235/1235/1235 1236/1236/1236 1242/1242/1242 
f 1242/1242/1242 1236/1236/1236 1243/1243/1243 
f 1236/1236/1236 1237/1237/1237 1243/1243/1243 
f 1243/1243/1243 1237/1237/1237 1244/1244/1244 
f 1237/1237/1237 1238/1238/1238 1244/1244/1244 
f 1244/1244/1244 1238/1238/1238 1245/1245/1245 
f 1239/1239/1239 1240/1240/1240 1246/1246/1246 
f 1246/1246/1246 1240/1240/1240 1247/1247/1247 
f 1240/1240/1240 1241/1241/1241 1247/1247/1247 
f 1247/1247/1247 1241/1241/1241 1248/1248/1248 
f 1241/1241/1241 1242/1242/1242 1248/1248/1248 
f 1248/1248/1248 1242/1242/1242 1249/1249/1249 
f 1242/1242/1242 1243/1243/1243 1249/1249/1249 
f 1249/1249/1249 1243/1243/1243 1250/1250/1250 
f 1243/1243/1243 1244/1244/1244 1250/1250/1250 
f 1250/1250/1250 1244/1244/1244 1251/1251/1251 
f 1244/1244/1244 1245/1245/1245 1251/1251/1251 
f 1251/1251/1251 1245/1245/1245 1252/1252/1252 
f 1246/1246/1246 1247/1247/1247 1253/1253/1253 
f 1253/1253/1253 1247/1247/1247 1254/1254/1254 
f 1247/1247/1247 1248/1248/1248 1254/1254/1254 
f 1254/1254/1254 1248/1248/1248 1255/1255/1255 
f 1248/1248/1248 1249/1249/1249 1255/1255/1255 
f 1255/1255/1255 1249/1249/1249 1256/1256/1256 
f 1249/1249/1249 1250/1250/1250 1256/1256/1256 
f 1256/1256/1256 1250/1250/1250 1257/1257/1257 
f 1250/1250/1250 1251/1251/1251 1257/1257/1257 
f 1257/1257/1257 1251/1251/1251 1258/1258/1258 
f 1251/1251/1251 1252/1252/1252 1258/1258/1258 
f 1258/1258/1258 1252/1252/1252 1259/1259/1259 
f 1253/1253/1253 1254/1254/1254 1260/1260/1260 
f 1260/1260/1260 1254/1254/1254 1261/1261/1261 
f 1254/1254/1254 1255/1255/1255 1261/1261/1261 
f 1261/1261/1261 1255/1255/1255 1262/1262/1262 
f 1255/1255/1255 1256/1256/1256 1262/1262/1262 
f 1262/1262/1262 1256/1256/1256 1263/1263/1263 
f 1256/1256/1256 1257/1257/1257 1263/1263/1263 
f 1263/1263/1263 1257/1257/1257 1264/1264/1264 
f 1257/1257/1257 1258/1258/1258 1264/1264/1264 
f 1264/1264/1264 1258/1258/1258 1265/1265/1265 
f 1258/1258/1258 1259/1259/1259 1265/1265/1265 
f 1265/1265/1265 1259/1259/1259 1266/1266/1266 
f 1260/1260/1260 1261/1261/1261 1267/1267/1267 
f 1267/1267/1267 1261/1261/1261 1268/1268/1268 
f 1261/1261/1261 1262/1262/1262 1268/1268/1268 
f 1268/1268/1268 1262/1262/1262 1269/1269/1269 
f 1262/1262/1262 1263/1263/1263 1269/1269/1269 
f 1269/1269/1269 1263/1263/1263 1270/1270/1270 
f 1263/1263/1263 1264/1264/1264 1270/1270/1270 
f 1270/1270/1270 1264/1264/1264 1271/1271/1271 
f 1264/1264/1264 1265/1265/1265 1271/1271/1271 
f 1271/1271/1271 1265/1265/1265 1272/1272/1272 
f 1265/1265/1265 1266/1266/1266 1272/1272/1272 
f 1272/1272/1272 1266/1266/1266 1273/1273/1273 
f 1274/1274/1274 1275/1275/1275 1281/1281/1281 
f 1281/1281/1281 1275/1275/1275 1282/1282/1282 
f 1275/1275/1275 1276/1276/1276 1282/1282/1282 
f 1282/1282/1282 1276/1276/1276 1283/1283/1283 
f 1276/1276/1276 1277/1277/1277 1283/1283/1283 
f 1283/1283/1283 1277/1277/1277 1284/1284/1284 
f 1277/1277/1277 1278/1278/1278 1284/1284/1284 
f 1284/1284/1284 1278/1278/1278 1285/1285/1285 
f 1278/1278/1278 1279/1279/1279 1285/1285/1285 
f 1285/1285/1285 1279/1279/1279 1286/1286/1286 
f 1279/1279/1279 1280/1280/1280 1286/1286/1286 
f 1286/1286/1286 1280/1280/1280 1287/1287/1287 
f 1281/1281/1281 1282/1282/1282 1288/1288/1288 
f 1288/1288/1288 1282/1282/1282 1289/1289/1289 
f 1282/1282/1282 1283/1283/1283 1289/1289/1289 
f 1289/1289/1289 1283/1283/1283 1290/1290/1290 
f 1283/1283/1283 1284/1284/1284 1290/1290/1290 
f 1290/1290/1290 1284/1284/1284 1291/1291/1291 
f 1284/1284/1284 1285/1285/1285 1291/1291/1291 
f 1291/1291/1291 1285/1285/1285 1292/1292/1292 
f 1285/1285/1285 1286/1286/1286 1292/1292/1292 
f 1292/1292/1292 1286/1286/1286 1293/1293/1293 
f 1286/1286/1286 1287/1287/1287 1293/1293/1293 
f 1293/1293/1293 1287/1287/1287 1294/1294/1294 
f 1288/1288/1288 1289/1289/1289 1295/1295/1295 
f 1295/1295/1295 1289/1289/1289 1296/1296/1296 
f 1289/1289/1289 1290/1290/1290 1296/1296/1296 
f 1296/1296/1296 1290/1290/1290 1297/1297/1297 
f 1290/1290/1290 1291/1291/1291 1297/1297/1297 
f 1297/1297/1297 1291/1291/1291 1298/1298/1298 
f 1291/1291/1291 1292/1292/1292 1298/1298/1298 
f 1298/1298/1298 1292/1292/1292 1299/1299/1299 
f 1292/1292/1292 1293/1293/1293 1299/1299/1299 
f 1299/1299/1299 1293/1293/1293 1300/1300/1300 
f 1293/1293/1293 1294/1294/1294 1300/1300/1300 
f 1300/1300/1300 1294/1294/1294 1301/1301/1301 
f 1295/1295/1295 1296/1296/1296 1302/1302/1302 
f 1302/1302/1302 1296/1296/1296 1303/1303/1303 
f 1296/1296/1296 1297/1297/1297 1303/1303/1303 
f 1303/1303/1303 1297/1297/1297 1304/1304/1304 
f 1297/1297/1297 1298/1298/1298 1304/1304/1304 
f 1304/1304/1304 1298/1298/1298 1305/1305/1305 
f 1298/1298/1298 1299/1299/1299 1305/1305/1305 
f 1305/1305/1305 1299/1299/1299 1306/1306/1306 
f 1299/1299/1299 1300/1300/1300 1306/1306/1306 
f 1306/1306/1306 1300/1300/1300 1307/1307/1307 
f 1300/1300/1300 1301/1301/1301 1307/1307/1307 
f 1307/1307/1307 1301/1301/1301 1308/1308/1308 
f 1302/1302/1302 1303/1303/1303 1309/1309/1309 
f 1309/1309/1309 1303/1303/1303 1310/1310/1310 
f 1303/1303/1303 1304/1304/1304 1310/1310/1310 
f 1310/1310/1310 1304/1304/1304 1311/1311/1311 
f 1304/1304/1304 1305/1305/1305 1311/1311/1311 
f 1311/1311/1311 1305/1305/1305 1312/1312/1312 
f 1305/1305/1305 1306/1306/1306 1312/1312/1312 
f 1312/1312/1312 1306/1306/1306 1313/1313/1313 
f 1306/1306/1306 1307/1307/1307 1313/1313/1313 
f 1313/1313/1313 1307/1307/1307 1314/1314/1314 
f 1307/1307/1307 1308/1308/1308 1314/1314/1314 
f 1314/1314/1314 1308/1308/1308 1315/1315/1315 
f 1309/1309/1309 1310/1310/1310 1316/1316/1316 
f 1316/1316/1316 1310/1310/1310 1317/1317/1317 
f 1310/1310/1310 1311/1311/1311 1317/1317/1317 
f 1317/1317/1317 1311/1311/1311 1318/1318/1318 
f 1311/1311/1311 1312/1312/1312 1318/1318/1318 
f 1318/1318/1318 1312/1312/1312 1319/1319/1319 
f 1312/1312/1312 1313/1313/1313 1319/1319/1319 
f 1319/1319/1319 1313/1313/1313 1320/1320/1320 
f 1313/1313/1313 1314/1314/1314 1320/1320/1320 
f 1320/1320/1320 1314/1314/1314 1321/1321/1321 
f 1314/1314/1314 1315/1315/1315 1321/1321/1321 
f 1321/1321/1321 1315/1315/1315 1322/1322/1322 
f 1323/1323/1323 1324/1324/1324 1330/1330/1330 
f 1330/1330/1330 1324/1324/1324 1331/1331/1331 
f 1324/1324/1324 1325/1325/1325 1331/1331/1331 
f 1331/1331/1331 1325/1325/1325 1332/1332/1332 
f 1325/1325/1325 1326/1326/1326 1332/1332/1332 
f 1332/1332/1332 1326/1326/1326 1333/1333/1333 
f 1326/1326/1326 1327/1327/1327 1333/1333/1333 
f 1333/1333/1333 1327/1327/1327 1334/1334/1334 
f 1327/1327/1327 1328/1328/1328 1334/1334/1334 
f 1334/1334/1334 1328/1328/1328 1335/1335/1335 
f 1328/1328/1328 1329/1329/1329 1335/1335/1335 
f 1335/1335/1335 1329/1329/1329 1336/1336/1336 
f 1330/1330/1330 1331/1331/1331 1337/1337/1337 
f 1337/1337/1337 1331/1331/1331 1338/1338/1338 
f 1331/1331/1331 1332/1332/1332 1338/1338/1338 
f 1338/1338/1338 1332/1332/1332 1339/1339/1339 
f 1332/1332/1332 1333/1333/1333 1339/1339/1339 
f 1339/1339/1339 1333/1333/1333 1340/1340/1340 
f 1333/1333/1333 1334/1334/1334 1340/1340/1340 
f 1340/1340/1340 1334/1334/1334 1341/1341/1341 
f 1334/1334/1334 1335/1335/1335 1341/1341/1341 
f 1341/1341/1341 1335/1335/1335 1342/1342/1342 
f 1335/1335/1335 1336/1336/1336 1342/1342/1342 
f 1342/1342/1342 1336/1336/1336 1343/1343/1343 
f 1337/1337/1337 1338/1338/1338 1344/1344/1344 
f 1344/1344/1344 1338/1338/1338 1345/1345/1345 
f 1338/1338/1338 1339/1339/1339 1345/1345/1345 
f 1345/1345/1345 1339/1339/1339 1346/1346/1346 
f 1339/1339/1339 1340/1340/1340 1346/1346/1346 
f 1346/1346/1346 1340/1340/1340 1347/1347/1347 
f 1340/1340/1340 1341/1341/1341 1347/1347/1347 
f 1347/1347/1347 1341/1341/1341 1348/1348/1348 
f 1341/1341/1341 1342/1342/1342 1348/1348/1348 
f 1348/1348/1348 1342/1342/1342 1349/1349/1349 
f 1342/1342/1342 1343/1343/1343 1349/1349/1349 
f 1349/1349/1349 1343/1343/1343 1350/1350/1350 
f 1344/1344/1344 1345/1345/1345 1351/1351/1351 
f 1351/1351/1351 1345/1345/1345 1352/1352/1352 
f 1345/1345/1345 1346/1346/1346 1352/1352/1352 
f 1352/1352/1352 1346/1346/1346 1353/1353/1353 
f 1346/1346/1346 1347/1347/1347 1353/1353/1353 
f 1353/1353/1353 1347/1347/1347 1354/1354/1354 
f 1347/1347/1347 1348/1348/1348 1354/1354/1354 
f 1354/1354/1354 1348/1348/1348 1355/1355/1355 
f 1348/1348/1348 1349/1349/1349 1355/1355/1355 
f 1355/1355/1355 1349/1349/1349 1356/1356/1356 
f 1349/1349/1349 1350/1350/1350 1356/1356/1356 
f 1356/1356/1356 1350/1350/1350 1357/1357/1357 
f 1351/1351/1351 1352/1352/1352 1358/1358/1358 
f 1358/1358/1358 1352/1352/1352 1359/1359/1359 
f 1352/1352/1352 1353/1353/1353 1359/1359/1359 
f 1359/1359/1359 1353/1353/1353 1360/1360/1360 
f 1353/1353/1353 1354/1354/1354 1360/1360/1360 
f 1360/1360/1360 1354/1354/1354 1361/1361/1361 
f 1354/1354/1354 1355/1355/1355 1361/1361/1361 
f 1361/1361/1361 1355/1355/1355 1362/1362/1362 
f 1355/1355/1355 1356/1356/1356 1362/1362/1362 
f 1362/1362/1362 1356/1356/1356 1363/1363/1363 
f 1356/1356/1356 1357/1357/1357 1363/1363/1363 
f 1363/1363/1363 1357/1357/1357 1364/1364/1364 
f 1358/1358/1358 1359/1359/1359 1365/1365/1365 
f 1365/1365/1365 1359/1359/1359 1366/1366/1366 
f 1359/1359/1359 1360/1360/1360 1366/1366/1366 
f 1366/1366/1366 1360/1360/1360 1367/1367/1367 
f 1360/1360/1360 1361/1361/1361 1367/1367/1367 
f 1367/1367/1367 1361/1361/1361 1368/1368/1368 
f 1361/1361/1361 1362/1362/1362 1368/1368/1368 
f 1368/1368/1368 1362/1362/1362 1369/1369/1369 
f 1362/1362/1362 1363/1363/1363 1369/1369/1369 
f 1369/1369/1369 1363/1363/1363 1370/1370/1370 
f 1363/1363/1363 1364/1364/1364 1370/1370/1370 
f 1370/1370/1370 1364/1364/1364 1371/1371/1371 
f 1372/1372/1372 1373/1373/1373 1379/1379/1379 
f 1379/1379/1379 1373/1373/1373 1380/1380/1380 
f 1373/1373/1373 1374/1374/1374 1380/1380/1380 
f 1380/1380/1380 1374/1374/1374 1381/1381/1381 
f 1374/1374/1374 1375/1375/1375 1381/1381/1381 
f 1381/1381/1381 1375/1375/1375 1382/1382/1382 
f 1375/1375/1375 1376/1376/1376 1382/1382/1382 
f 1382/1382/1382 1376/1376/1376 1383/1383/1383 
f 1376/1376/1376 1377/1377/1377 1383/1383/1383 
f 1383/1383/1383 1377/1377/1377 1384/1384/1384 
f 1377/1377/1377 1378/1378/1378 1384/1384/1384 
f 1384/1384/1384 1378/1378/1378 1385/1385/1385 
f 1379/1379/1379 1380/1380/1380 1386/1386/1386 
f 1386/1386/1386 1380/1380/1380 1387/1387/1387 
f 1380/1380/1380 1381/1381/1381 1387/1387/1387 
f 1387/1387/1387 1381/1381/1381 1388/1388/1388 
f 1381/1381/1381 1382/1382/1382 1388/1388/1388 
f 1388/1388/1388 1382/1382/1382 1389/1389/1389 
f 1382/1382/1382 1383/1383/1383 1389/1389/1389 
f 1389/1389/1389 1383/1383/1383 1390/1390/1390 
f 1383/1383/1383 1384/1384/1384 1390/1390/1390 
f 1390/1390/1390 1384/1384/1384 1391/1391/1391 
f 1384/1384/1384 1385/1385/1385 1391/1391/1391 
f 1391/1391/1391 1385/1385/1385 1392/1392/1392 
f 1386/1386/1386 1387/1387/1387 1393/1393/1393 
f 1393/1393/1393 1387/1387/1387 1394/1394/1394 
f 1387/1387/1387 1388/1388/1388 1394/1394/1394 
f 1394/1394/1394 1388/1388/1388 1395/1395/1395 
f 1388/1388/1388 1389/1389/1389 1395/1395/1395 
f 1395/1395/1395 1389/1389/1389 1396/1396/1396 
f 1389/1389/1389 1390/1390/1390 1396/1396/1396 
f 1396/1396/1396 1390/1390/1390 1397/1397/1397 
f 1390/1390/1390 1391/1391/1391 1397/1397/1397 
f 1397/1397/1397 1391/1391/1391 1398/1398/1398 
f 1391/1391/1391 1392/1392/1392 1398/1398/1398 
f 1398/1398/1398 1392/1392/1392 1399/1399/1399 
f 1393/1393/1393 1394/1394/1394 1400/1400/1400 
f 1400/1400/1400 1394/1394/1394 1401/1401/1401 
f 1394/1394/1394 1395/1395/1395 1401/1401/1401 
f 1401/1401/1401 1395/1395/1395 1402/1402/1402 
f 1395/1395/1395 1396/1396/1396 1402/1402/1402 
f 1402/1402/1402 1396/1396/1396 1403/1403/1403 
f 1396/1396/1396 1397/1397/1397 1403/1403/1403 
f 1403/1403/1403 1397/1397/1397 1404/1404/1404 
f 1397/1397/1397 1398/1398/1398 1404/1404/1404 
f 1404/1404/1404 1398/1398/1398 1405/1405/1405 
f 1398/1398/1398 1399/1399/1399 1405/1405/1405 
f 1405/1405/1405 1399/1399/1399 1406/1406/1406 
f 1400/1400/1400 1401/1401/1401 1407/1407/1407 
f 1407/1407/1407 1401/1401/1401 1408/1408/1408 
f 1401/1401/1401 1402/1402/1402 1408/1408/1408 
f 1408/1408/1408 1402/1402/1402 1409/1409/1409 
f 1402/1402/1402 1403/1403/1403 1409/1409/1409 
f 1409/1409/1409 1403/1403/1403 1410/1410/1410 
f 1403/1403/1403 1404/1404/1404 1410/1410/1410 
f 1410/1410/1410 1404/1404/1404 1411/1411/1411 
f 1404/1404/1404 1405/1405/1405 1411/1411/1411 
f 1411/1411/1411 1405/1405/1405 1412/1412/1412 
f 1405/1405/1405 1406/1406/1406 1412/1412/1412 
f 1412/1412/1412 1406/1406/1406 1413/1413/1413 
f 1407/1407/1407 1408/1408/1408 1414/1414/1414 
f 1414/1414/1414 1408/1408/1408 1415/1415/1415 
f 1408/1408/1408 1409/1409/1409 1415/1415/1415 
f 1415/1415/1415 1409/1409/1409 1416/1416/1416 
f 1409/1409/1409 1410/1410/1410 1416/1416/1416 
f 1416/1416/1416 1410/1410/1410 1417/1417/1417 
f 1410/1410/1410 1411/1411/1411 1417/1417/1417 
f 1417/1417/1417 1411/1411/1411 1418/1418/1418 
f 1411/1411/1411 1412/1412/1412 1418/1418/1418 
f 1418/1418/1418 1412/1412/1412 1419/1419/1419 
f 1412/1412/1412 1413/1413/1413 1419/1419/1419 
f 1419/1419/1419 1413/1413/1413 1420/1420/1420 

g Right11

v 22.3741 19.3609 -79.1759 
v 22.3741 19.3609 -75.1759 
v 20.3741 19.3609 -79.1759 
v 20.3741 19.3609 -75.1759 
v 22.3741 23.3609 -75.1759 
v 22.3741 19.3609 -75.1759 
v 22.3741 23.3609 -79.1759 
v 22.3741 19.3609 -79.1759 
v 22.3741 19.3609 -75.1759 
v 22.3741 23.3609 -75.1759 
v 20.3741 19.3609 -75.1759 
v 20.3741 23.3609 -75.1759 
v 22.3741 23.3609 -75.1759 
v 22.3741 23.3609 -79.1759 
v 20.3741 23.3609 -75.1759 
v 20.3741 23.3609 -79.1759 
v 20.3741 23.3609 -79.1759 
v 20.3741 19.3609 -79.1759 
v 20.3741 23.3609 -75.1759 
v 20.3741 19.3609 -75.1759 
v 22.3741 23.3609 -79.1759 
v 22.3741 19.3609 -79.1759 
v 20.3741 23.3609 -79.1759 
v 20.3741 19.3609 -79.1759 

vn 0 -1 0 
vn 0 -1 0 
vn 0 -1 0 
vn 0 -1 0 
vn 1 0 0 
vn 1 0 0 
vn 1 0 0 
vn 1 0 0 
vn 0 0 1 
vn 0 0 1 
vn 0 0 1 
vn 0 0 1 
vn 0 1 0 
vn 0 1 0 
vn 0 1 0 
vn 0 1 0 
vn -1 0 0 
vn -1 0 0 
vn -1 0 0 
vn -1 0 0 
vn 0 0 -1 
vn 0 0 -1 
vn 0 0 -1 
vn 0 0 -1 

vt 7.75 -1.25 
vt 7.25 -1.25 
vt 7.75 -1.5 
vt 7.25 -1.5 
vt 7.75 -1.25 
vt 7.25 -1.25 
vt 7.75 -1.75 
vt 7.25 -1.75 
vt 7.75 -1.25 
vt 7.25 -1.25 
vt 7.75 -1.5 
vt 7.25 -1.5 
vt 7.75 -1.25 
vt 7.25 -1.25 
vt 7.75 -1.5 
vt 7.25 -1.5 
vt 7.75 -1.25 
vt 7.25 -1.25 
vt 7.75 -1.75 
vt 7.25 -1.75 
vt 7.75 -1.25 
vt 7.25 -1.25 
vt 7.75 -1.5 
vt 7.25 -1.5 

usemtl Top11Mtl

f 1421/1421/1421 1422/1422/1422 1423/1423/1423 
f 1423/1423/1423 1422/1422/1422 1424/1424/1424 
f 1425/1425/1425 1426/1426/1426 1427/1427/1427 
f 1427/1427/1427 1426/1426/1426 1428/1428/1428 
f 1429/1429/1429 1430/1430/1430 1431/1431/1431 
f 1431/1431/1431 1430/1430/1430 1432/1432/1432 
f 1433/1433/1433 1434/1434/1434 1435/1435/1435 
f 1435/1435/1435 1434/1434/1434 1436/1436/1436 
f 1437/1437/1437 1438/1438/1438 1439/1439/1439 
f 1439/1439/1439 1438/1438/1438 1440/1440/1440 
f 1441/1441/1441 1442/1442/1442 1443/1443/1443 
f 1443/1443/1443 1442/1442/1442 1444/1444/1444 

g Blue22

v 24.8742 23.3609 -77.1759 
v 26.2926 23.3609 -78.5944 
v 25.9869 23.3609 -78.845 
v 25.5085 23.3609 -79.079 
v 24.8742 23.3609 -79.1819 
v 24.2398 23.3609 -79.079 
v 23.7614 23.3609 -78.845 
v 23.4557 23.3609 -78.5944 
v 23.4557 23.3609 -78.5944 
v 23.2051 23.3609 -78.2886 
v 22.9711 23.3609 -77.8103 
v 22.8682 23.3609 -77.1759 
v 22.9711 23.3609 -76.5415 
v 23.2051 23.3609 -76.0632 
v 23.4557 23.3609 -75.7574 
v 23.4557 23.3609 -75.7574 
v 23.7614 23.3609 -75.5068 
v 24.2398 23.3609 -75.2728 
v 24.8742 23.3609 -75.1699 
v 25.5085 23.3609 -75.2728 
v 25.9869 23.3609 -75.5068 
v 26.2926 23.3609 -75.7574 
v 26.2926 23.3609 -75.7574 
v 26.5433 23.3609 -76.0632 
v 26.7772 23.3609 -76.5415 
v 26.8802 23.3609 -77.1759 
v 26.7772 23.3609 -77.8103 
v 26.5433 23.3609 -78.2886 
v 26.2926 23.3609 -78.5944 
v 26.2926 27.6109 -75.7574 
v 26.2926 23.3609 -75.7574 
v 26.5433 27.6109 -76.0632 
v 26.5433 23.3609 -76.0632 
v 26.7772 27.6109 -76.5415 
v 26.7772 23.3609 -76.5415 
v 26.8802 27.6109 -77.1759 
v 26.8802 23.3609 -77.1759 
v 26.7772 27.6109 -77.8103 
v 26.7772 23.3609 -77.8103 
v 26.5433 27.6109 -78.2886 
v 26.5433 23.3609 -78.2886 
v 26.2926 27.6109 -78.5944 
v 26.2926 23.3609 -78.5944 
v 26.2926 23.3609 -75.7574 
v 26.2926 27.6109 -75.7574 
v 25.9869 23.3609 -75.5068 
v 25.9869 27.6109 -75.5068 
v 25.5085 23.3609 -75.2728 
v 25.5085 27.6109 -75.2728 
v 24.8742 23.3609 -75.1699 
v 24.8742 27.6109 -75.1699 
v 24.2398 23.3609 -75.2728 
v 24.2398 27.6109 -75.2728 
v 23.7614 23.3609 -75.5068 
v 23.7614 27.6109 -75.5068 
v 23.4557 23.3609 -75.7574 
v 23.4557 27.6109 -75.7574 
v 24.8742 27.6109 -77.1759 
v 26.2926 27.6109 -75.7574 
v 25.9869 27.6109 -75.5068 
v 25.5085 27.6109 -75.2728 
v 24.8742 27.6109 -75.1699 
v 24.2398 27.6109 -75.2728 
v 23.7614 27.6109 -75.5068 
v 23.4557 27.6109 -75.7574 
v 23.4557 27.6109 -75.7574 
v 23.2051 27.6109 -76.0632 
v 22.9711 27.6109 -76.5415 
v 22.8682 27.6109 -77.1759 
v 22.9711 27.6109 -77.8103 
v 23.2051 27.6109 -78.2886 
v 23.4557 27.6109 -78.5944 
v 23.4557 27.6109 -78.5944 
v 23.7614 27.6109 -78.845 
v 24.2398 27.6109 -79.079 
v 24.8742 27.6109 -79.1819 
v 25.5085 27.6109 -79.079 
v 25.9869 27.6109 -78.845 
v 26.2926 27.6109 -78.5944 
v 26.2926 27.6109 -78.5944 
v 26.5433 27.6109 -78.2886 
v 26.7772 27.6109 -77.8103 
v 26.8802 27.6109 -77.1759 
v 26.7772 27.6109 -76.5415 
v 26.5433 27.6109 -76.0632 
v 26.2926 27.6109 -75.7574 
v 23.4557 27.6109 -78.5944 
v 23.4557 23.3609 -78.5944 
v 23.2051 27.6109 -78.2886 
v 23.2051 23.3609 -78.2886 
v 22.9711 27.6109 -77.8103 
v 22.9711 23.3609 -77.8103 
v 22.8682 27.6109 -77.1759 
v 22.8682 23.3609 -77.1759 
v 22.9711 27.6109 -76.5415 
v 22.9711 23.3609 -76.5415 
v 23.2051 27.6109 -76.0632 
v 23.2051 23.3609 -76.0632 
v 23.4557 27.6109 -75.7574 
v 23.4557 23.3609 -75.7574 
v 26.2926 27.6109 -78.5944 
v 26.2926 23.3609 -78.5944 
v 25.9869 27.6109 -78.845 
v 25.9869 23.3609 -78.845 
v 25.5085 27.6109 -79.079 
v 25.5085 23.3609 -79.079 
v 24.8742 27.6109 -79.1819 
v 24.8742 23.3609 -79.1819 
v 24.2398 27.6109 -79.079 
v 24.2398 23.3609 -79.079 
v 23.7614 27.6109 -78.845 
v 23.7614 23.3609 -78.845 
v 23.4557 27.6109 -78.5944 
v 23.4557 23.3609 -78.5944 

vn 0 -1 0 
vn 0 -1 0 
vn 0 -1 0 
vn 0 -1 0 
vn 0 -1 0 
vn 0 -1 0 
vn 0 -1 0 
vn 0 -1 0 
vn 0 -1 0 
vn 0 -1 0 
vn 0 -1 0 
vn 0 -1 0 
vn 0 -1 0 
vn 0 -1 0 
vn 0 -1 0 
vn 0 -1 0 
vn 0 -1 0 
vn 0 -1 0 
vn 0 -1 0 
vn 0 -1 0 
vn 0 -1 0 
vn 0 -1 0 
vn 0 -1 0 
vn 0 -1 0 
vn 0 -1 0 
vn 0 -1 0 
vn 0 -1 0 
vn 0 -1 0 
vn 0 -1 0 
vn 0.708661 0 0.708661 
vn 0.708661 0 0.708661 
vn 0.834646 0 0.551181 
vn 0.834646 0 0.551181 
vn 0.944882 0 0.314961 
vn 0.944882 0 0.314961 
vn 1 0 0 
vn 1 0 0 
vn 0.944882 0 -0.314961 
vn 0.944882 0 -0.314961 
vn 0.834646 0 -0.551181 
vn 0.834646 0 -0.551181 
vn 0.708661 0 -0.708661 
vn 0.708661 0 -0.708661 
vn 0.708661 0 0.708661 
vn 0.708661 0 0.708661 
vn 0.551181 0 0.834646 
vn 0.551181 0 0.834646 
vn 0.314961 0 0.944882 
vn 0.314961 0 0.944882 
vn 0 0 1 
vn 0 0 1 
vn -0.314961 0 0.944882 
vn -0.314961 0 0.944882 
vn -0.551181 0 0.834646 
vn -0.551181 0 0.834646 
vn -0.708661 0 0.708661 
vn -0.708661 0 0.708661 
vn 0 1 0 
vn 0 1 0 
vn 0 1 0 
vn 0 1 0 
vn 0 1 0 
vn 0 1 0 
vn 0 1 0 
vn 0 1 0 
vn 0 1 0 
vn 0 1 0 
vn 0 1 0 
vn 0 1 0 
vn 0 1 0 
vn 0 1 0 
vn 0 1 0 
vn 0 1 0 
vn 0 1 0 
vn 0 1 0 
vn 0 1 0 
vn 0 1 0 
vn 0 1 0 
vn 0 1 0 
vn 0 1 0 
vn 0 1 0 
vn 0 1 0 
vn 0 1 0 
vn 0 1 0 
vn 0 1 0 
vn 0 1 0 
vn -0.708661 0 -0.708661 
vn -0.708661 0 -0.708661 
vn -0.834646 0 -0.551181 
vn -0.834646 0 -0.551181 
vn -0.944882 0 -0.314961 
vn -0.944882 0 -0.314961 
vn -1 0 0 
vn -1 0 0 
vn -0.944882 0 0.314961 
vn -0.944882 0 0.314961 
vn -0.834646 0 0.551181 
vn -0.834646 0 0.551181 
vn -0.708661 0 0.708661 
vn -0.708661 0 0.708661 
vn 0.708661 0 -0.708661 
vn 0.708661 0 -0.708661 
vn 0.551181 0 -0.834646 
vn 0.551181 0 -0.834646 
vn 0.314961 0 -0.944882 
vn 0.314961 0 -0.944882 
vn 0 0 -1 
vn 0 0 -1 
vn -0.314961 0 -0.944882 
vn -0.314961 0 -0.944882 
vn -0.551181 0 -0.834646 
vn -0.551181 0 -0.834646 
vn -0.708661 0 -0.708661 
vn -0.708661 0 -0.708661 

vt 5.50075 -4.00075 
vt 5.67806 -3.82344 
vt 5.70939 -3.86166 
vt 5.73863 -3.92146 
vt 5.7515 -4.00075 
vt 5.73863 -4.08004 
vt 5.70939 -4.13984 
vt 5.67806 -4.17806 
vt 5.67806 -4.17806 
vt 5.63984 -4.20939 
vt 5.58004 -4.23863 
vt 5.50075 -4.2515 
vt 5.42146 -4.23863 
vt 5.36166 -4.20939 
vt 5.32344 -4.17806 
vt 5.32344 -4.17806 
vt 5.29211 -4.13984 
vt 5.26287 -4.08004 
vt 5.25 -4.00075 
vt 5.26287 -3.92146 
vt 5.29211 -3.86166 
vt 5.32344 -3.82344 
vt 5.32344 -3.82344 
vt 5.36166 -3.79211 
vt 5.42146 -3.76287 
vt 5.50075 -3.75 
vt 5.58004 -3.76287 
vt 5.63984 -3.79211 
vt 5.67806 -3.82344 
vt 5.78125 -3.75 
vt 5.25 -3.75 
vt 5.78125 -3.83358 
vt 5.25 -3.83358 
vt 5.78125 -3.91717 
vt 5.25 -3.91717 
vt 5.78125 -4.00075 
vt 5.25 -4.00075 
vt 5.78125 -4.08433 
vt 5.25 -4.08433 
vt 5.78125 -4.16792 
vt 5.25 -4.16792 
vt 5.78125 -4.2515 
vt 5.25 -4.2515 
vt 5.78125 -3.75 
vt 5.25 -3.75 
vt 5.78125 -3.83358 
vt 5.25 -3.83358 
vt 5.78125 -3.91717 
vt 5.25 -3.91717 
vt 5.78125 -4.00075 
vt 5.25 -4.00075 
vt 5.78125 -4.08433 
vt 5.25 -4.08433 
vt 5.78125 -4.16792 
vt 5.25 -4.16792 
vt 5.78125 -4.2515 
vt 5.25 -4.2515 
vt 5.50075 -4.00075 
vt 5.67806 -3.82344 
vt 5.70939 -3.86166 
vt 5.73863 -3.92146 
vt 5.7515 -4.00075 
vt 5.73863 -4.08004 
vt 5.70939 -4.13984 
vt 5.67806 -4.17806 
vt 5.67806 -4.17806 
vt 5.63984 -4.20939 
vt 5.58004 -4.23863 
vt 5.50075 -4.2515 
vt 5.42146 -4.23863 
vt 5.36166 -4.20939 
vt 5.32344 -4.17806 
vt 5.32344 -4.17806 
vt 5.29211 -4.13984 
vt 5.26287 -4.08004 
vt 5.25 -4.00075 
vt 5.26287 -3.92146 
vt 5.29211 -3.86166 
vt 5.32344 -3.82344 
vt 5.32344 -3.82344 
vt 5.36166 -3.79211 
vt 5.42146 -3.76287 
vt 5.50075 -3.75 
vt 5.58004 -3.76287 
vt 5.63984 -3.79211 
vt 5.67806 -3.82344 
vt 5.78125 -3.75 
vt 5.25 -3.75 
vt 5.78125 -3.83358 
vt 5.25 -3.83358 
vt 5.78125 -3.91717 
vt 5.25 -3.91717 
vt 5.78125 -4.00075 
vt 5.25 -4.00075 
vt 5.78125 -4.08433 
vt 5.25 -4.08433 
vt 5.78125 -4.16792 
vt 5.25 -4.16792 
vt 5.78125 -4.2515 
vt 5.25 -4.2515 
vt 5.78125 -3.75 
vt 5.25 -3.75 
vt 5.78125 -3.83358 
vt 5.25 -3.83358 
vt 5.78125 -3.91717 
vt 5.25 -3.91717 
vt 5.78125 -4.00075 
vt 5.25 -4.00075 
vt 5.78125 -4.08433 
vt 5.25 -4.08433 
vt 5.78125 -4.16792 
vt 5.25 -4.16792 
vt 5.78125 -4.2515 
vt 5.25 -4.2515 

usemtl Blue1Mtl

f 1445/1445/1445 1447/1447/1447 1446/1446/1446 
f 1445/1445/1445 1448/1448/1448 1447/1447/1447 
f 1445/1445/1445 1449/1449/1449 1448/1448/1448 
f 1445/1445/1445 1450/1450/1450 1449/1449/1449 
f 1445/1445/1445 1451/1451/1451 1450/1450/1450 
f 1445/1445/1445 1452/1452/1452 1451/1451/1451 
f 1445/1445/1445 1454/1454/1454 1453/1453/1453 
f 1445/1445/1445 1455/1455/1455 1454/1454/1454 
f 1445/1445/1445 1456/1456/1456 1455/1455/1455 
f 1445/1445/1445 1457/1457/1457 1456/1456/1456 
f 1445/1445/1445 1458/1458/1458 1457/1457/1457 
f 1445/1445/1445 1459/1459/1459 1458/1458/1458 
f 1445/1445/1445 1461/1461/1461 1460/1460/1460 
f 1445/1445/1445 1462/1462/1462 1461/1461/1461 
f 1445/1445/1445 1463/1463/1463 1462/1462/1462 
f 1445/1445/1445 1464/1464/1464 1463/1463/1463 
f 1445/1445/1445 1465/1465/1465 1464/1464/1464 
f 1445/1445/1445 1466/1466/1466 1465/1465/1465 
f 1445/1445/1445 1468/1468/1468 1467/1467/1467 
f 1445/1445/1445 1469/1469/1469 1468/1468/1468 
f 1445/1445/1445 1470/1470/1470 1469/1469/1469 
f 1445/1445/1445 1471/1471/1471 1470/1470/1470 
f 1445/1445/1445 1472/1472/1472 1471/1471/1471 
f 1445/1445/1445 1473/1473/1473 1472/1472/1472 
f 1474/1474/1474 1475/1475/1475 1476/1476/1476 
f 1476/1476/1476 1475/1475/1475 1477/1477/1477 
f 1476/1476/1476 1477/1477/1477 1478/1478/1478 
f 1478/1478/1478 1477/1477/1477 1479/1479/1479 
f 1478/1478/1478 1479/1479/1479 1480/1480/1480 
f 1480/1480/1480 1479/1479/1479 1481/1481/1481 
f 1480/1480/1480 1481/1481/1481 1482/1482/1482 
f 1482/1482/1482 1481/1481/1481 1483/1483/1483 
f 1482/1482/1482 1483/1483/1483 1484/1484/1484 
f 1484/1484/1484 1483/1483/1483 1485/1485/1485 
f 1484/1484/1484 1485/1485/1485 1486/1486/1486 
f 1486/1486/1486 1485/1485/1485 1487/1487/1487 
f 1488/1488/1488 1489/1489/1489 1490/1490/1490 
f 1490/1490/1490 1489/1489/1489 1491/1491/1491 
f 1490/1490/1490 1491/1491/1491 1492/1492/1492 
f 1492/1492/1492 1491/1491/1491 1493/1493/1493 
f 1492/1492/1492 1493/1493/1493 1494/1494/1494 
f 1494/1494/1494 1493/1493/1493 1495/1495/1495 
f 1494/1494/1494 1495/1495/1495 1496/1496/1496 
f 1496/1496/1496 1495/1495/1495 1497/1497/1497 
f 1496/1496/1496 1497/1497/1497 1498/1498/1498 
f 1498/1498/1498 1497/1497/1497 1499/1499/1499 
f 1498/1498/1498 1499/1499/1499 1500/1500/1500 
f 1500/1500/1500 1499/1499/1499 1501/1501/1501 
f 1502/1502/1502 1504/1504/1504 1503/1503/1503 
f 1502/1502/1502 1505/1505/1505 1504/1504/1504 
f 1502/1502/1502 1506/1506/1506 1505/1505/1505 
f 1502/1502/1502 1507/1507/1507 1506/1506/1506 
f 1502/1502/1502 1508/1508/1508 1507/1507/1507 
f 1502/1502/1502 1509/1509/1509 1508/1508/1508 
f 1502/1502/1502 1511/1511/1511 1510/1510/1510 
f 1502/1502/1502 1512/1512/1512 1511/1511/1511 
f 1502/1502/1502 1513/1513/1513 1512/1512/1512 
f 1502/1502/1502 1514/1514/1514 1513/1513/1513 
f 1502/1502/1502 1515/1515/1515 1514/1514/1514 
f 1502/1502/1502 1516/1516/1516 1515/1515/1515 
f 1502/1502/1502 1518/1518/1518 1517/1517/1517 
f 1502/1502/1502 1519/1519/1519 1518/1518/1518 
f 1502/1502/1502 1520/1520/1520 1519/1519/1519 
f 1502/1502/1502 1521/1521/1521 1520/1520/1520 
f 1502/1502/1502 1522/1522/1522 1521/1521/1521 
f 1502/1502/1502 1523/1523/1523 1522/1522/1522 
f 1502/1502/1502 1525/1525/1525 1524/1524/1524 
f 1502/1502/1502 1526/1526/1526 1525/1525/1525 
f 1502/1502/1502 1527/1527/1527 1526/1526/1526 
f 1502/1502/1502 1528/1528/1528 1527/1527/1527 
f 1502/1502/1502 1529/1529/1529 1528/1528/1528 
f 1502/1502/1502 1530/1530/1530 1529/1529/1529 
f 1531/1531/1531 1532/1532/1532 1533/1533/1533 
f 1533/1533/1533 1532/1532/1532 1534/1534/1534 
f 1533/1533/1533 1534/1534/1534 1535/1535/1535 
f 1535/1535/1535 1534/1534/1534 1536/1536/1536 
f 1535/1535/1535 1536/1536/1536 1537/1537/1537 
f 1537/1537/1537 1536/1536/1536 1538/1538/1538 
f 1537/1537/1537 1538/1538/1538 1539/1539/1539 
f 1539/1539/1539 1538/1538/1538 1540/1540/1540 
f 1539/1539/1539 1540/1540/1540 1541/1541/1541 
f 1541/1541/1541 1540/1540/1540 1542/1542/1542 
f 1541/1541/1541 1542/1542/1542 1543/1543/1543 
f 1543/1543/1543 1542/1542/1542 1544/1544/1544 
f 1545/1545/1545 1546/1546/1546 1547/1547/1547 
f 1547/1547/1547 1546/1546/1546 1548/1548/1548 
f 1547/1547/1547 1548/1548/1548 1549/1549/1549 
f 1549/1549/1549 1548/1548/1548 1550/1550/1550 
f 1549/1549/1549 1550/1550/1550 1551/1551/1551 
f 1551/1551/1551 1550/1550/1550 1552/1552/1552 
f 1551/1551/1551 1552/1552/1552 1553/1553/1553 
f 1553/1553/1553 1552/1552/1552 1554/1554/1554 
f 1553/1553/1553 1554/1554/1554 1555/1555/1555 
f 1555/1555/1555 1554/1554/1554 1556/1556/1556 
f 1555/1555/1555 1556/1556/1556 1557/1557/1557 
f 1557/1557/1557 1556/1556/1556 1558/1558/1558 

g Blue23

v 26.2962 27.6109 -75.7539 
v 26.2962 23.3609 -75.7539 
v 26.5474 27.6109 -76.0604 
v 26.5474 23.3609 -76.0604 
v 26.782 27.6109 -76.54 
v 26.782 23.3609 -76.54 
v 26.8852 27.6109 -77.1759 
v 26.8852 23.3609 -77.1759 
v 26.782 27.6109 -77.8118 
v 26.782 23.3609 -77.8118 
v 26.5474 27.6109 -78.2914 
v 26.5474 23.3609 -78.2914 
v 26.2962 27.6109 -78.5979 
v 26.2962 23.3609 -78.5979 

vn 0.708661 0 0.708661 
vn 0.708661 0 0.708661 
vn 0.834646 0 0.551181 
vn 0.834646 0 0.551181 
vn 0.944882 0 0.314961 
vn 0.944882 0 0.314961 
vn 1 0 0 
vn 1 0 0 
vn 0.944882 0 -0.314961 
vn 0.944882 0 -0.314961 
vn 0.834646 0 -0.551181 
vn 0.834646 0 -0.551181 
vn 0.708661 0 -0.708661 
vn 0.708661 0 -0.708661 

vt 1.25926 1 
vt 0 1 
vt 1.25926 0.801852 
vt 0 0.801852 
vt 1.25926 0.603704 
vt 0 0.603704 
vt 1.25926 0.405556 
vt 0 0.405556 
vt 1.25926 0.207407 
vt 0 0.207407 
vt 1.25926 0.00925934 
vt 0 0.00925934 
vt 1.25926 -0.188889 
vt 0 -0.188889 

usemtl Blue2Mtl

f 1559/1559/1559 1560/1560/1560 1561/1561/1561 
f 1561/1561/1561 1560/1560/1560 1562/1562/1562 
f 1561/1561/1561 1562/1562/1562 1563/1563/1563 
f 1563/1563/1563 1562/1562/1562 1564/1564/1564 
f 1563/1563/1563 1564/1564/1564 1565/1565/1565 
f 1565/1565/1565 1564/1564/1564 1566/1566/1566 
f 1565/1565/1565 1566/1566/1566 1567/1567/1567 
f 1567/1567/1567 1566/1566/1566 1568/1568/1568 
f 1567/1567/1567 1568/1568/1568 1569/1569/1569 
f 1569/1569/1569 1568/1568/1568 1570/1570/1570 
f 1569/1569/1569 1570/1570/1570 1571/1571/1571 
f 1571/1571/1571 1570/1570/1570 1572/1572/1572 

g Blue24

v 23.4522 27.6109 -78.5979 
v 23.4522 23.3609 -78.5979 
v 23.2009 27.6109 -78.2914 
v 23.2009 23.3609 -78.2914 
v 22.9664 27.6109 -77.8118 
v 22.9664 23.3609 -77.8118 
v 22.8632 27.6109 -77.1759 
v 22.8632 23.3609 -77.1759 
v 22.9664 27.6109 -76.54 
v 22.9664 23.3609 -76.54 
v 23.2009 27.6109 -76.0604 
v 23.2009 23.3609 -76.0604 
v 23.4522 27.6109 -75.7539 
v 23.4522 23.3609 -75.7539 

vn -0.708661 0 -0.708661 
vn -0.708661 0 -0.708661 
vn -0.834646 0 -0.551181 
vn -0.834646 0 -0.551181 
vn -0.944882 0 -0.314961 
vn -0.944882 0 -0.314961 
vn -1 0 0 
vn -1 0 0 
vn -0.944882 0 0.314961 
vn -0.944882 0 0.314961 
vn -0.834646 0 0.551181 
vn -0.834646 0 0.551181 
vn -0.708661 0 0.708661 
vn -0.708661 0 0.708661 

vt 1.25926 1 
vt 0 1 
vt 1.25926 0.801852 
vt 0 0.801852 
vt 1.25926 0.603704 
vt 0 0.603704 
vt 1.25926 0.405556 
vt 0 0.405556 
vt 1.25926 0.207407 
vt 0 0.207407 
vt 1.25926 0.00925934 
vt 0 0.00925934 
vt 1.25926 -0.188889 
vt 0 -0.188889 

usemtl Blue2Mtl

f 1573/1573/1573 1574/1574/1574 1575/1575/1575 
f 1575/1575/1575 1574/1574/1574 1576/1576/1576 
f 1575/1575/1575 1576/1576/1576 1577/1577/1577 
f 1577/1577/1577 1576/1576/1576 1578/1578/1578 
f 1577/1577/1577 1578/1578/1578 1579/1579/1579 
f 1579/1579/1579 1578/1578/1578 1580/1580/1580 
f 1579/1579/1579 1580/1580/1580 1581/1581/1581 
f 1581/1581/1581 1580/1580/1580 1582/1582/1582 
f 1581/1581/1581 1582/1582/1582 1583/1583/1583 
f 1583/1583/1583 1582/1582/1582 1584/1584/1584 
f 1583/1583/1583 1584/1584/1584 1585/1585/1585 
f 1585/1585/1585 1584/1584/1584 1586/1586/1586 

g Blue25

v 24.8742 27.6159 -77.1759 
v 26.2926 27.6159 -75.7574 
v 25.9869 27.6159 -75.5068 
v 25.5085 27.6159 -75.2728 
v 24.8742 27.6159 -75.1699 
v 24.2398 27.6159 -75.2728 
v 23.7614 27.6159 -75.5068 
v 23.4557 27.6159 -75.7574 
v 23.4557 27.6159 -75.7574 
v 23.2051 27.6159 -76.0632 
v 22.9711 27.6159 -76.5415 
v 22.8682 27.6159 -77.1759 
v 22.9711 27.6159 -77.8103 
v 23.2051 27.6159 -78.2886 
v 23.4557 27.6159 -78.5944 
v 23.4557 27.6159 -78.5944 
v 23.7614 27.6159 -78.845 
v 24.2398 27.6159 -79.079 
v 24.8742 27.6159 -79.1819 
v 25.5085 27.6159 -79.079 
v 25.9869 27.6159 -78.845 
v 26.2926 27.6159 -78.5944 
v 26.2926 27.6159 -78.5944 
v 26.5433 27.6159 -78.2886 
v 26.7772 27.6159 -77.8103 
v 26.8802 27.6159 -77.1759 
v 26.7772 27.6159 -76.5415 
v 26.5433 27.6159 -76.0632 
v 26.2926 27.6159 -75.7574 

vn 0 1 0 
vn 0 1 0 
vn 0 1 0 
vn 0 1 0 
vn 0 1 0 
vn 0 1 0 
vn 0 1 0 
vn 0 1 0 
vn 0 1 0 
vn 0 1 0 
vn 0 1 0 
vn 0 1 0 
vn 0 1 0 
vn 0 1 0 
vn 0 1 0 
vn 0 1 0 
vn 0 1 0 
vn 0 1 0 
vn 0 1 0 
vn 0 1 0 
vn 0 1 0 
vn 0 1 0 
vn 0 1 0 
vn 0 1 0 
vn 0 1 0 
vn 0 1 0 
vn 0 1 0 
vn 0 1 0 
vn 0 1 0 

vt 0.59437 0.40563 
vt 1.01465 0.825913 
vt 1.08892 0.735327 
vt 1.15824 0.593586 
vt 1.18874 0.40563 
vt 1.15824 0.217673 
vt 1.08892 0.0759323 
vt 1.01465 -0.0146537 
vt 1.01465 -0.0146537 
vt 0.924068 -0.0889164 
vt 0.782327 -0.15824 
vt 0.59437 -0.188741 
vt 0.406414 -0.15824 
vt 0.264673 -0.0889164 
vt 0.174087 -0.0146537 
vt 0.174087 -0.0146537 
vt 0.0998243 0.0759323 
vt 0.0305011 0.217673 
vt 0 0.40563 
vt 0.0305011 0.593586 
vt 0.0998243 0.735327 
vt 0.174087 0.825913 
vt 0.174087 0.825913 
vt 0.264673 0.900176 
vt 0.406414 0.969499 
vt 0.59437 1 
vt 0.782327 0.969499 
vt 0.924068 0.900176 
vt 1.01465 0.825913 

usemtl Blue2Mtl

f 1587/1587/1587 1589/1589/1589 1588/1588/1588 
f 1587/1587/1587 1590/1590/1590 1589/1589/1589 
f 1587/1587/1587 1591/1591/1591 1590/1590/1590 
f 1587/1587/1587 1592/1592/1592 1591/1591/1591 
f 1587/1587/1587 1593/1593/1593 1592/1592/1592 
f 1587/1587/1587 1594/1594/1594 1593/1593/1593 
f 1587/1587/1587 1596/1596/1596 1595/1595/1595 
f 1587/1587/1587 1597/1597/1597 1596/1596/1596 
f 1587/1587/1587 1598/1598/1598 1597/1597/1597 
f 1587/1587/1587 1599/1599/1599 1598/1598/1598 
f 1587/1587/1587 1600/1600/1600 1599/1599/1599 
f 1587/1587/1587 1601/1601/1601 1600/1600/1600 
f 1587/1587/1587 1603/1603/1603 1602/1602/1602 
f 1587/1587/1587 1604/1604/1604 1603/1603/1603 
f 1587/1587/1587 1605/1605/1605 1604/1604/1604 
f 1587/1587/1587 1606/1606/1606 1605/1605/1605 
f 1587/1587/1587 1607/1607/1607 1606/1606/1606 
f 1587/1587/1587 1608/1608/1608 1607/1607/1607 
f 1587/1587/1587 1610/1610/1610 1609/1609/1609 
f 1587/1587/1587 1611/1611/1611 1610/1610/1610 
f 1587/1587/1587 1612/1612/1612 1611/1611/1611 
f 1587/1587/1587 1613/1613/1613 1612/1612/1612 
f 1587/1587/1587 1614/1614/1614 1613/1613/1613 
f 1587/1587/1587 1615/1615/1615 1614/1614/1614 

g Blue26

v 26.2962 27.6109 -78.5979 
v 26.2962 23.3609 -78.5979 
v 25.9897 27.6109 -78.8492 
v 25.9897 23.3609 -78.8492 
v 25.5101 27.6109 -79.0837 
v 25.5101 23.3609 -79.0837 
v 24.8742 27.6109 -79.1869 
v 24.8742 23.3609 -79.1869 
v 24.2382 27.6109 -79.0837 
v 24.2382 23.3609 -79.0837 
v 23.7587 27.6109 -78.8492 
v 23.7587 23.3609 -78.8492 
v 23.4522 27.6109 -78.5979 
v 23.4522 23.3609 -78.5979 

vn 0.708661 0 -0.708661 
vn 0.708661 0 -0.708661 
vn 0.551181 0 -0.834646 
vn 0.551181 0 -0.834646 
vn 0.314961 0 -0.944882 
vn 0.314961 0 -0.944882 
vn 0 0 -1 
vn 0 0 -1 
vn -0.314961 0 -0.944882 
vn -0.314961 0 -0.944882 
vn -0.551181 0 -0.834646 
vn -0.551181 0 -0.834646 
vn -0.708661 0 -0.708661 
vn -0.708661 0 -0.708661 

vt 1.25926 1 
vt 0 1 
vt 1.25926 0.801877 
vt 0 0.801877 
vt 1.25926 0.603753 
vt 0 0.603753 
vt 1.25926 0.40563 
vt 0 0.40563 
vt 1.25926 0.207506 
vt 0 0.207506 
vt 1.25926 0.00938272 
vt 0 0.00938272 
vt 1.25926 -0.188741 
vt 0 -0.188741 

usemtl Blue2Mtl

f 1616/1616/1616 1617/1617/1617 1618/1618/1618 
f 1618/1618/1618 1617/1617/1617 1619/1619/1619 
f 1618/1618/1618 1619/1619/1619 1620/1620/1620 
f 1620/1620/1620 1619/1619/1619 1621/1621/1621 
f 1620/1620/1620 1621/1621/1621 1622/1622/1622 
f 1622/1622/1622 1621/1621/1621 1623/1623/1623 
f 1622/1622/1622 1623/1623/1623 1624/1624/1624 
f 1624/1624/1624 1623/1623/1623 1625/1625/1625 
f 1624/1624/1624 1625/1625/1625 1626/1626/1626 
f 1626/1626/1626 1625/1625/1625 1627/1627/1627 
f 1626/1626/1626 1627/1627/1627 1628/1628/1628 
f 1628/1628/1628 1627/1627/1627 1629/1629/1629 

g Blue27

v 24.8742 23.3559 -77.1759 
v 26.2926 23.3559 -78.5944 
v 25.9869 23.3559 -78.845 
v 25.5085 23.3559 -79.079 
v 24.8742 23.3559 -79.1819 
v 24.2398 23.3559 -79.079 
v 23.7614 23.3559 -78.845 
v 23.4557 23.3559 -78.5944 
v 23.4557 23.3559 -78.5944 
v 23.2051 23.3559 -78.2886 
v 22.9711 23.3559 -77.8103 
v 22.8682 23.3559 -77.1759 
v 22.9711 23.3559 -76.5415 
v 23.2051 23.3559 -76.0632 
v 23.4557 23.3559 -75.7574 
v 23.4557 23.3559 -75.7574 
v 23.7614 23.3559 -75.5068 
v 24.2398 23.3559 -75.2728 
v 24.8742 23.3559 -75.1699 
v 25.5085 23.3559 -75.2728 
v 25.9869 23.3559 -75.5068 
v 26.2926 23.3559 -75.7574 
v 26.2926 23.3559 -75.7574 
v 26.5433 23.3559 -76.0632 
v 26.7772 23.3559 -76.5415 
v 26.8802 23.3559 -77.1759 
v 26.7772 23.3559 -77.8103 
v 26.5433 23.3559 -78.2886 
v 26.2926 23.3559 -78.5944 

vn 0 -1 0 
vn 0 -1 0 
vn 0 -1 0 
vn 0 -1 0 
vn 0 -1 0 
vn 0 -1 0 
vn 0 -1 0 
vn 0 -1 0 
vn 0 -1 0 
vn 0 -1 0 
vn 0 -1 0 
vn 0 -1 0 
vn 0 -1 0 
vn 0 -1 0 
vn 0 -1 0 
vn 0 -1 0 
vn 0 -1 0 
vn 0 -1 0 
vn 0 -1 0 
vn 0 -1 0 
vn 0 -1 0 
vn 0 -1 0 
vn 0 -1 0 
vn 0 -1 0 
vn 0 -1 0 
vn 0 -1 0 
vn 0 -1 0 
vn 0 -1 0 
vn 0 -1 0 

vt 0.59437 0.40563 
vt 1.01465 0.825913 
vt 1.08892 0.735327 
vt 1.15824 0.593586 
vt 1.18874 0.40563 
vt 1.15824 0.217673 
vt 1.08892 0.0759323 
vt 1.01465 -0.0146537 
vt 1.01465 -0.0146537 
vt 0.924068 -0.0889164 
vt 0.782327 -0.15824 
vt 0.59437 -0.188741 
vt 0.406414 -0.15824 
vt 0.264673 -0.0889164 
vt 0.174087 -0.0146537 
vt 0.174087 -0.0146537 
vt 0.0998243 0.0759323 
vt 0.0305011 0.217673 
vt 0 0.40563 
vt 0.0305011 0.593586 
vt 0.0998243 0.735327 
vt 0.174087 0.825913 
vt 0.174087 0.825913 
vt 0.264673 0.900176 
vt 0.406414 0.969499 
vt 0.59437 1 
vt 0.782327 0.969499 
vt 0.924068 0.900176 
vt 1.01465 0.825913 

usemtl Blue2Mtl

f 1630/1630/1630 1632/1632/1632 1631/1631/1631 
f 1630/1630/1630 1633/1633/1633 1632/1632/1632 
f 1630/1630/1630 1634/1634/1634 1633/1633/1633 
f 1630/1630/1630 1635/1635/1635 1634/1634/1634 
f 1630/1630/1630 1636/1636/1636 1635/1635/1635 
f 1630/1630/1630 1637/1637/1637 1636/1636/1636 
f 1630/1630/1630 1639/1639/1639 1638/1638/1638 
f 1630/1630/1630 1640/1640/1640 1639/1639/1639 
f 1630/1630/1630 1641/1641/1641 1640/1640/1640 
f 1630/1630/1630 1642/1642/1642 1641/1641/1641 
f 1630/1630/1630 1643/1643/1643 1642/1642/1642 
f 1630/1630/1630 1644/1644/1644 1643/1643/1643 
f 1630/1630/1630 1646/1646/1646 1645/1645/1645 
f 1630/1630/1630 1647/1647/1647 1646/1646/1646 
f 1630/1630/1630 1648/1648/1648 1647/1647/1647 
f 1630/1630/1630 1649/1649/1649 1648/1648/1648 
f 1630/1630/1630 1650/1650/1650 1649/1649/1649 
f 1630/1630/1630 1651/1651/1651 1650/1650/1650 
f 1630/1630/1630 1653/1653/1653 1652/1652/1652 
f 1630/1630/1630 1654/1654/1654 1653/1653/1653 
f 1630/1630/1630 1655/1655/1655 1654/1654/1654 
f 1630/1630/1630 1656/1656/1656 1655/1655/1655 
f 1630/1630/1630 1657/1657/1657 1656/1656/1656 
f 1630/1630/1630 1658/1658/1658 1657/1657/1657 

g Blue28

v 26.2962 23.3609 -75.7539 
v 26.2962 27.6109 -75.7539 
v 25.9897 23.3609 -75.5026 
v 25.9897 27.6109 -75.5026 
v 25.5101 23.3609 -75.2681 
v 25.5101 27.6109 -75.2681 
v 24.8742 23.3609 -75.1649 
v 24.8742 27.6109 -75.1649 
v 24.2382 23.3609 -75.2681 
v 24.2382 27.6109 -75.2681 
v 23.7587 23.3609 -75.5026 
v 23.7587 27.6109 -75.5026 
v 23.4522 23.3609 -75.7539 
v 23.4522 27.6109 -75.7539 

vn 0.708661 0 0.708661 
vn 0.708661 0 0.708661 
vn 0.551181 0 0.834646 
vn 0.551181 0 0.834646 
vn 0.314961 0 0.944882 
vn 0.314961 0 0.944882 
vn 0 0 1 
vn 0 0 1 
vn -0.314961 0 0.944882 
vn -0.314961 0 0.944882 
vn -0.551181 0 0.834646 
vn -0.551181 0 0.834646 
vn -0.708661 0 0.708661 
vn -0.708661 0 0.708661 

vt 1.25926 1 
vt 0 1 
vt 1.25926 0.801877 
vt 0 0.801877 
vt 1.25926 0.603753 
vt 0 0.603753 
vt 1.25926 0.40563 
vt 0 0.40563 
vt 1.25926 0.207506 
vt 0 0.207506 
vt 1.25926 0.00938272 
vt 0 0.00938272 
vt 1.25926 -0.188741 
vt 0 -0.188741 

usemtl Blue2Mtl

f 1659/1659/1659 1660/1660/1660 1661/1661/1661 
f 1661/1661/1661 1660/1660/1660 1662/1662/1662 
f 1661/1661/1661 1662/1662/1662 1663/1663/1663 
f 1663/1663/1663 1662/1662/1662 1664/1664/1664 
f 1663/1663/1663 1664/1664/1664 1665/1665/1665 
f 1665/1665/1665 1664/1664/1664 1666/1666/1666 
f 1665/1665/1665 1666/1666/1666 1667/1667/1667 
f 1667/1667/1667 1666/1666/1666 1668/1668/1668 
f 1667/1667/1667 1668/1668/1668 1669/1669/1669 
f 1669/1669/1669 1668/1668/1668 1670/1670/1670 
f 1669/1669/1669 1670/1670/1670 1671/1671/1671 
f 1671/1671/1671 1670/1670/1670 1672/1672/1672 

g Cannon1

v 24.8742 27.4859 -77.1759 
v 26.2 27.4859 -78.5017 
v 25.9142 27.4859 -78.736 
v 25.4671 27.4859 -78.9547 
v 24.8742 27.4859 -79.0509 
v 24.2812 27.4859 -78.9547 
v 23.8341 27.4859 -78.736 
v 23.5484 27.4859 -78.5017 
v 23.5484 27.4859 -78.5017 
v 23.3141 27.4859 -78.216 
v 23.0954 27.4859 -77.7688 
v 22.9992 27.4859 -77.1759 
v 23.0954 27.4859 -76.583 
v 23.3141 27.4859 -76.1358 
v 23.5484 27.4859 -75.8501 
v 23.5484 27.4859 -75.8501 
v 23.8341 27.4859 -75.6158 
v 24.2812 27.4859 -75.3971 
v 24.8742 27.4859 -75.3009 
v 25.4671 27.4859 -75.3971 
v 25.9142 27.4859 -75.6158 
v 26.2 27.4859 -75.8501 
v 26.2 27.4859 -75.8501 
v 26.4343 27.4859 -76.1358 
v 26.653 27.4859 -76.583 
v 26.7492 27.4859 -77.1759 
v 26.653 27.4859 -77.7688 
v 26.4343 27.4859 -78.216 
v 26.2 27.4859 -78.5017 
v 26.2 27.7359 -75.8501 
v 26.2 27.4859 -75.8501 
v 26.4343 27.7359 -76.1358 
v 26.4343 27.4859 -76.1358 
v 26.653 27.7359 -76.583 
v 26.653 27.4859 -76.583 
v 26.7492 27.7359 -77.1759 
v 26.7492 27.4859 -77.1759 
v 26.653 27.7359 -77.7688 
v 26.653 27.4859 -77.7688 
v 26.4343 27.7359 -78.216 
v 26.4343 27.4859 -78.216 
v 26.2 27.7359 -78.5017 
v 26.2 27.4859 -78.5017 
v 26.2 27.4859 -75.8501 
v 26.2 27.7359 -75.8501 
v 25.9142 27.4859 -75.6158 
v 25.9142 27.7359 -75.6158 
v 25.4671 27.4859 -75.3971 
v 25.4671 27.7359 -75.3971 
v 24.8742 27.4859 -75.3009 
v 24.8742 27.7359 -75.3009 
v 24.2812 27.4859 -75.3971 
v 24.2812 27.7359 -75.3971 
v 23.8341 27.4859 -75.6158 
v 23.8341 27.7359 -75.6158 
v 23.5484 27.4859 -75.8501 
v 23.5484 27.7359 -75.8501 
v 24.8742 27.7359 -77.1759 
v 26.2 27.7359 -75.8501 
v 25.9142 27.7359 -75.6158 
v 25.4671 27.7359 -75.3971 
v 24.8742 27.7359 -75.3009 
v 24.2812 27.7359 -75.3971 
v 23.8341 27.7359 -75.6158 
v 23.5484 27.7359 -75.8501 
v 23.5484 27.7359 -75.8501 
v 23.3141 27.7359 -76.1358 
v 23.0954 27.7359 -76.583 
v 22.9992 27.7359 -77.1759 
v 23.0954 27.7359 -77.7688 
v 23.3141 27.7359 -78.216 
v 23.5484 27.7359 -78.5017 
v 23.5484 27.7359 -78.5017 
v 23.8341 27.7359 -78.736 
v 24.2812 27.7359 -78.9547 
v 24.8742 27.7359 -79.0509 
v 25.4671 27.7359 -78.9547 
v 25.9142 27.7359 -78.736 
v 26.2 27.7359 -78.5017 
v 26.2 27.7359 -78.5017 
v 26.4343 27.7359 -78.216 
v 26.653 27.7359 -77.7688 
v 26.7492 27.7359 -77.1759 
v 26.653 27.7359 -76.583 
v 26.4343 27.7359 -76.1358 
v 26.2 27.7359 -75.8501 
v 23.5484 27.7359 -78.5017 
v 23.5484 27.4859 -78.5017 
v 23.3141 27.7359 -78.216 
v 23.3141 27.4859 -78.216 
v 23.0954 27.7359 -77.7688 
v 23.0954 27.4859 -77.7688 
v 22.9992 27.7359 -77.1759 
v 22.9992 27.4859 -77.1759 
v 23.0954 27.7359 -76.583 
v 23.0954 27.4859 -76.583 
v 23.3141 27.7359 -76.1358 
v 23.3141 27.4859 -76.1358 
v 23.5484 27.7359 -75.8501 
v 23.5484 27.4859 -75.8501 
v 26.2 27.7359 -78.5017 
v 26.2 27.4859 -78.5017 
v 25.9142 27.7359 -78.736 
v 25.9142 27.4859 -78.736 
v 25.4671 27.7359 -78.9547 
v 25.4671 27.4859 -78.9547 
v 24.8742 27.7359 -79.0509 
v 24.8742 27.4859 -79.0509 
v 24.2812 27.7359 -78.9547 
v 24.2812 27.4859 -78.9547 
v 23.8341 27.7359 -78.736 
v 23.8341 27.4859 -78.736 
v 23.5484 27.7359 -78.5017 
v 23.5484 27.4859 -78.5017 

vn 0 -1 0 
vn 0 -1 0 
vn 0 -1 0 
vn 0 -1 0 
vn 0 -1 0 
vn 0 -1 0 
vn 0 -1 0 
vn 0 -1 0 
vn 0 -1 0 
vn 0 -1 0 
vn 0 -1 0 
vn 0 -1 0 
vn 0 -1 0 
vn 0 -1 0 
vn 0 -1 0 
vn 0 -1 0 
vn 0 -1 0 
vn 0 -1 0 
vn 0 -1 0 
vn 0 -1 0 
vn 0 -1 0 
vn 0 -1 0 
vn 0 -1 0 
vn 0 -1 0 
vn 0 -1 0 
vn 0 -1 0 
vn 0 -1 0 
vn 0 -1 0 
vn 0 -1 0 
vn 0.708661 0 0.708661 
vn 0.708661 0 0.708661 
vn 0.834646 0 0.551181 
vn 0.834646 0 0.551181 
vn 0.944882 0 0.314961 
vn 0.944882 0 0.314961 
vn 1 0 0 
vn 1 0 0 
vn 0.944882 0 -0.314961 
vn 0.944882 0 -0.314961 
vn 0.834646 0 -0.551181 
vn 0.834646 0 -0.551181 
vn 0.708661 0 -0.708661 
vn 0.708661 0 -0.708661 
vn 0.708661 0 0.708661 
vn 0.708661 0 0.708661 
vn 0.551181 0 0.834646 
vn 0.551181 0 0.834646 
vn 0.314961 0 0.944882 
vn 0.314961 0 0.944882 
vn 0 0 1 
vn 0 0 1 
vn -0.314961 0 0.944882 
vn -0.314961 0 0.944882 
vn -0.551181 0 0.834646 
vn -0.551181 0 0.834646 
vn -0.708661 0 0.708661 
vn -0.708661 0 0.708661 
vn 0 1 0 
vn 0 1 0 
vn 0 1 0 
vn 0 1 0 
vn 0 1 0 
vn 0 1 0 
vn 0 1 0 
vn 0 1 0 
vn 0 1 0 
vn 0 1 0 
vn 0 1 0 
vn 0 1 0 
vn 0 1 0 
vn 0 1 0 
vn 0 1 0 
vn 0 1 0 
vn 0 1 0 
vn 0 1 0 
vn 0 1 0 
vn 0 1 0 
vn 0 1 0 
vn 0 1 0 
vn 0 1 0 
vn 0 1 0 
vn 0 1 0 
vn 0 1 0 
vn 0 1 0 
vn 0 1 0 
vn 0 1 0 
vn -0.708661 0 -0.708661 
vn -0.708661 0 -0.708661 
vn -0.834646 0 -0.551181 
vn -0.834646 0 -0.551181 
vn -0.944882 0 -0.314961 
vn -0.944882 0 -0.314961 
vn -1 0 0 
vn -1 0 0 
vn -0.944882 0 0.314961 
vn -0.944882 0 0.314961 
vn -0.834646 0 0.551181 
vn -0.834646 0 0.551181 
vn -0.708661 0 0.708661 
vn -0.708661 0 0.708661 
vn 0.708661 0 -0.708661 
vn 0.708661 0 -0.708661 
vn 0.551181 0 -0.834646 
vn 0.551181 0 -0.834646 
vn 0.314961 0 -0.944882 
vn 0.314961 0 -0.944882 
vn 0 0 -1 
vn 0 0 -1 
vn -0.314961 0 -0.944882 
vn -0.314961 0 -0.944882 
vn -0.551181 0 -0.834646 
vn -0.551181 0 -0.834646 
vn -0.708661 0 -0.708661 
vn -0.708661 0 -0.708661 

vt 0.129516 1.19846 
vt 0.295244 1.36419 
vt 0.324527 1.32847 
vt 0.351863 1.27258 
vt 0.363891 1.19846 
vt 0.351863 1.12434 
vt 0.324527 1.06845 
vt 0.295244 1.03273 
vt 0.295244 1.03273 
vt 0.259523 1.00345 
vt 0.203631 0.976112 
vt 0.129516 0.964085 
vt 0.0553997 0.976112 
vt -0.000492312 1.00345 
vt -0.0362126 1.03273 
vt -0.0362126 1.03273 
vt -0.0654962 1.06845 
vt -0.0928321 1.12434 
vt -0.104859 1.19846 
vt -0.0928321 1.27258 
vt -0.0654962 1.32847 
vt -0.0362126 1.36419 
vt -0.0362126 1.36419 
vt -0.000492297 1.39347 
vt 0.0553997 1.42081 
vt 0.129516 1.43283 
vt 0.203631 1.42081 
vt 0.259523 1.39347 
vt 0.295244 1.36419 
vt -0.0736094 1.43283 
vt -0.104859 1.43283 
vt -0.0736094 1.35471 
vt -0.104859 1.35471 
vt -0.0736094 1.27658 
vt -0.104859 1.27658 
vt -0.0736094 1.19846 
vt -0.104859 1.19846 
vt -0.0736094 1.12033 
vt -0.104859 1.12033 
vt -0.0736094 1.04221 
vt -0.104859 1.04221 
vt -0.0736094 0.964085 
vt -0.104859 0.964085 
vt -0.0736094 1.43283 
vt -0.104859 1.43283 
vt -0.0736094 1.35471 
vt -0.104859 1.35471 
vt -0.0736094 1.27658 
vt -0.104859 1.27658 
vt -0.0736094 1.19846 
vt -0.104859 1.19846 
vt -0.0736094 1.12033 
vt -0.104859 1.12033 
vt -0.0736094 1.04221 
vt -0.104859 1.04221 
vt -0.0736094 0.964085 
vt -0.104859 0.964085 
vt 0.129516 1.19846 
vt 0.295244 1.36419 
vt 0.324527 1.32847 
vt 0.351863 1.27258 
vt 0.363891 1.19846 
vt 0.351863 1.12434 
vt 0.324527 1.06845 
vt 0.295244 1.03273 
vt 0.295244 1.03273 
vt 0.259523 1.00345 
vt 0.203631 0.976112 
vt 0.129516 0.964085 
vt 0.0553997 0.976112 
vt -0.000492312 1.00345 
vt -0.0362126 1.03273 
vt -0.0362126 1.03273 
vt -0.0654962 1.06845 
vt -0.0928321 1.12434 
vt -0.104859 1.19846 
vt -0.0928321 1.27258 
vt -0.0654962 1.32847 
vt -0.0362126 1.36419 
vt -0.0362126 1.36419 
vt -0.000492297 1.39347 
vt 0.0553997 1.42081 
vt 0.129516 1.43283 
vt 0.203631 1.42081 
vt 0.259523 1.39347 
vt 0.295244 1.36419 
vt -0.0736094 1.43283 
vt -0.104859 1.43283 
vt -0.0736094 1.35471 
vt -0.104859 1.35471 
vt -0.0736094 1.27658 
vt -0.104859 1.27658 
vt -0.0736094 1.19846 
vt -0.104859 1.19846 
vt -0.0736094 1.12033 
vt -0.104859 1.12033 
vt -0.0736094 1.04221 
vt -0.104859 1.04221 
vt -0.0736094 0.964085 
vt -0.104859 0.964085 
vt -0.0736094 1.43283 
vt -0.104859 1.43283 
vt -0.0736094 1.35471 
vt -0.104859 1.35471 
vt -0.0736094 1.27658 
vt -0.104859 1.27658 
vt -0.0736094 1.19846 
vt -0.104859 1.19846 
vt -0.0736094 1.12033 
vt -0.104859 1.12033 
vt -0.0736094 1.04221 
vt -0.104859 1.04221 
vt -0.0736094 0.964085 
vt -0.104859 0.964085 

usemtl Spheres2Mtl

f 1673/1673/1673 1675/1675/1675 1674/1674/1674 
f 1673/1673/1673 1676/1676/1676 1675/1675/1675 
f 1673/1673/1673 1677/1677/1677 1676/1676/1676 
f 1673/1673/1673 1678/1678/1678 1677/1677/1677 
f 1673/1673/1673 1679/1679/1679 1678/1678/1678 
f 1673/1673/1673 1680/1680/1680 1679/1679/1679 
f 1673/1673/1673 1682/1682/1682 1681/1681/1681 
f 1673/1673/1673 1683/1683/1683 1682/1682/1682 
f 1673/1673/1673 1684/1684/1684 1683/1683/1683 
f 1673/1673/1673 1685/1685/1685 1684/1684/1684 
f 1673/1673/1673 1686/1686/1686 1685/1685/1685 
f 1673/1673/1673 1687/1687/1687 1686/1686/1686 
f 1673/1673/1673 1689/1689/1689 1688/1688/1688 
f 1673/1673/1673 1690/1690/1690 1689/1689/1689 
f 1673/1673/1673 1691/1691/1691 1690/1690/1690 
f 1673/1673/1673 1692/1692/1692 1691/1691/1691 
f 1673/1673/1673 1693/1693/1693 1692/1692/1692 
f 1673/1673/1673 1694/1694/1694 1693/1693/1693 
f 1673/1673/1673 1696/1696/1696 1695/1695/1695 
f 1673/1673/1673 1697/1697/1697 1696/1696/1696 
f 1673/1673/1673 1698/1698/1698 1697/1697/1697 
f 1673/1673/1673 1699/1699/1699 1698/1698/1698 
f 1673/1673/1673 1700/1700/1700 1699/1699/1699 
f 1673/1673/1673 1701/1701/1701 1700/1700/1700 
f 1702/1702/1702 1703/1703/1703 1704/1704/1704 
f 1704/1704/1704 1703/1703/1703 1705/1705/1705 
f 1704/1704/1704 1705/1705/1705 1706/1706/1706 
f 1706/1706/1706 1705/1705/1705 1707/1707/1707 
f 1706/1706/1706 1707/1707/1707 1708/1708/1708 
f 1708/1708/1708 1707/1707/1707 1709/1709/1709 
f 1708/1708/1708 1709/1709/1709 1710/1710/1710 
f 1710/1710/1710 1709/1709/1709 1711/1711/1711 
f 1710/1710/1710 1711/1711/1711 1712/1712/1712 
f 1712/1712/1712 1711/1711/1711 1713/1713/1713 
f 1712/1712/1712 1713/1713/1713 1714/1714/1714 
f 1714/1714/1714 1713/1713/1713 1715/1715/1715 
f 1716/1716/1716 1717/1717/1717 1718/1718/1718 
f 1718/1718/1718 1717/1717/1717 1719/1719/1719 
f 1718/1718/1718 1719/1719/1719 1720/1720/1720 
f 1720/1720/1720 1719/1719/1719 1721/1721/1721 
f 1720/1720/1720 1721/1721/1721 1722/1722/1722 
f 1722/1722/1722 1721/1721/1721 1723/1723/1723 
f 1722/1722/1722 1723/1723/1723 1724/1724/1724 
f 1724/1724/1724 1723/1723/1723 1725/1725/1725 
f 1724/1724/1724 1725/1725/1725 1726/1726/1726 
f 1726/1726/1726 1725/1725/1725 1727/1727/1727 
f 1726/1726/1726 1727/1727/1727 1728/1728/1728 
f 1728/1728/1728 1727/1727/1727 1729/1729/1729 
f 1730/1730/1730 1732/1732/1732 1731/1731/1731 
f 1730/1730/1730 1733/1733/1733 1732/1732/1732 
f 1730/1730/1730 1734/1734/1734 1733/1733/1733 
f 1730/1730/1730 1735/1735/1735 1734/1734/1734 
f 1730/1730/1730 1736/1736/1736 1735/1735/1735 
f 1730/1730/1730 1737/1737/1737 1736/1736/1736 
f 1730/1730/1730 1739/1739/1739 1738/1738/1738 
f 1730/1730/1730 1740/1740/1740 1739/1739/1739 
f 1730/1730/1730 1741/1741/1741 1740/1740/1740 
f 1730/1730/1730 1742/1742/1742 1741/1741/1741 
f 1730/1730/1730 1743/1743/1743 1742/1742/1742 
f 1730/1730/1730 1744/1744/1744 1743/1743/1743 
f 1730/1730/1730 1746/1746/1746 1745/1745/1745 
f 1730/1730/1730 1747/1747/1747 1746/1746/1746 
f 1730/1730/1730 1748/1748/1748 1747/1747/1747 
f 1730/1730/1730 1749/1749/1749 1748/1748/1748 
f 1730/1730/1730 1750/1750/1750 1749/1749/1749 
f 1730/1730/1730 1751/1751/1751 1750/1750/1750 
f 1730/1730/1730 1753/1753/1753 1752/1752/1752 
f 1730/1730/1730 1754/1754/1754 1753/1753/1753 
f 1730/1730/1730 1755/1755/1755 1754/1754/1754 
f 1730/1730/1730 1756/1756/1756 1755/1755/1755 
f 1730/1730/1730 1757/1757/1757 1756/1756/1756 
f 1730/1730/1730 1758/1758/1758 1757/1757/1757 
f 1759/1759/1759 1760/1760/1760 1761/1761/1761 
f 1761/1761/1761 1760/1760/1760 1762/1762/1762 
f 1761/1761/1761 1762/1762/1762 1763/1763/1763 
f 1763/1763/1763 1762/1762/1762 1764/1764/1764 
f 1763/1763/1763 1764/1764/1764 1765/1765/1765 
f 1765/1765/1765 1764/1764/1764 1766/1766/1766 
f 1765/1765/1765 1766/1766/1766 1767/1767/1767 
f 1767/1767/1767 1766/1766/1766 1768/1768/1768 
f 1767/1767/1767 1768/1768/1768 1769/1769/1769 
f 1769/1769/1769 1768/1768/1768 1770/1770/1770 
f 1769/1769/1769 1770/1770/1770 1771/1771/1771 
f 1771/1771/1771 1770/1770/1770 1772/1772/1772 
f 1773/1773/1773 1774/1774/1774 1775/1775/1775 
f 1775/1775/1775 1774/1774/1774 1776/1776/1776 
f 1775/1775/1775 1776/1776/1776 1777/1777/1777 
f 1777/1777/1777 1776/1776/1776 1778/1778/1778 
f 1777/1777/1777 1778/1778/1778 1779/1779/1779 
f 1779/1779/1779 1778/1778/1778 1780/1780/1780 
f 1779/1779/1779 1780/1780/1780 1781/1781/1781 
f 1781/1781/1781 1780/1780/1780 1782/1782/1782 
f 1781/1781/1781 1782/1782/1782 1783/1783/1783 
f 1783/1783/1783 1782/1782/1782 1784/1784/1784 
f 1783/1783/1783 1784/1784/1784 1785/1785/1785 
f 1785/1785/1785 1784/1784/1784 1786/1786/1786 

g Left11

v 31.3741 19.3609 -79.1759 
v 31.3741 19.3609 -75.1759 
v 29.3741 19.3609 -79.1759 
v 29.3741 19.3609 -75.1759 
v 31.3741 23.3609 -75.1759 
v 31.3741 19.3609 -75.1759 
v 31.3741 23.3609 -79.1759 
v 31.3741 19.3609 -79.1759 
v 31.3741 19.3609 -75.1759 
v 31.3741 23.3609 -75.1759 
v 29.3741 19.3609 -75.1759 
v 29.3741 23.3609 -75.1759 
v 31.3741 23.3609 -75.1759 
v 31.3741 23.3609 -79.1759 
v 29.3741 23.3609 -75.1759 
v 29.3741 23.3609 -79.1759 
v 29.3741 23.3609 -79.1759 
v 29.3741 19.3609 -79.1759 
v 29.3741 23.3609 -75.1759 
v 29.3741 19.3609 -75.1759 
v 31.3741 23.3609 -79.1759 
v 31.3741 19.3609 -79.1759 
v 29.3741 23.3609 -79.1759 
v 29.3741 19.3609 -79.1759 

vn 0 -1 0 
vn 0 -1 0 
vn 0 -1 0 
vn 0 -1 0 
vn 1 0 0 
vn 1 0 0 
vn 1 0 0 
vn 1 0 0 
vn 0 0 1 
vn 0 0 1 
vn 0 0 1 
vn 0 0 1 
vn 0 1 0 
vn 0 1 0 
vn 0 1 0 
vn 0 1 0 
vn -1 0 0 
vn -1 0 0 
vn -1 0 0 
vn -1 0 0 
vn 0 0 -1 
vn 0 0 -1 
vn 0 0 -1 
vn 0 0 -1 

vt 2.5 -0.5 
vt 2 -0.5 
vt 2.5 -0.75 
vt 2 -0.75 
vt 2.5 -0.5 
vt 2 -0.5 
vt 2.5 -1 
vt 2 -1 
vt 2.5 -0.5 
vt 2 -0.5 
vt 2.5 -0.75 
vt 2 -0.75 
vt 2.5 -0.5 
vt 2 -0.5 
vt 2.5 -0.75 
vt 2 -0.75 
vt 2.5 -0.5 
vt 2 -0.5 
vt 2.5 -1 
vt 2 -1 
vt 2.5 -0.5 
vt 2 -0.5 
vt 2.5 -0.75 
vt 2 -0.75 

usemtl Top11Mtl

f 1787/1787/1787 1788/1788/1788 1789/1789/1789 
f 1789/1789/1789 1788/1788/1788 1790/1790/1790 
f 1791/1791/1791 1792/1792/1792 1793/1793/1793 
f 1793/1793/1793 1792/1792/1792 1794/1794/1794 
f 1795/1795/1795 1796/1796/1796 1797/1797/1797 
f 1797/1797/1797 1796/1796/1796 1798/1798/1798 
f 1799/1799/1799 1800/1800/1800 1801/1801/1801 
f 1801/1801/1801 1800/1800/1800 1802/1802/1802 
f 1803/1803/1803 1804/1804/1804 1805/1805/1805 
f 1805/1805/1805 1804/1804/1804 1806/1806/1806 
f 1807/1807/1807 1808/1808/1808 1809/1809/1809 
f 1809/1809/1809 1808/1808/1808 1810/1810/1810 

g Bottom21

v 26.874 14.3609 -79.1759 
v 26.874 14.3609 -75.1759 
v 26.874 10.3609 -79.1759 
v 26.874 10.3609 -75.1759 
v 22.874 14.3609 -75.1759 
v 26.874 14.3609 -75.1759 
v 22.874 14.3609 -79.1759 
v 26.874 14.3609 -79.1759 
v 26.874 14.3609 -75.1759 
v 22.874 14.3609 -75.1759 
v 26.874 10.3609 -75.1759 
v 22.874 10.3609 -75.1759 
v 22.874 14.3609 -75.1759 
v 22.874 14.3609 -79.1759 
v 22.874 10.3609 -75.1759 
v 22.874 10.3609 -79.1759 
v 22.874 10.3609 -79.1759 
v 26.874 10.3609 -79.1759 
v 22.874 10.3609 -75.1759 
v 26.874 10.3609 -75.1759 
v 22.874 14.3609 -79.1759 
v 26.874 14.3609 -79.1759 
v 22.874 10.3609 -79.1759 
v 26.874 10.3609 -79.1759 

vn 1 0 0 
vn 1 0 0 
vn 1 0 0 
vn 1 0 0 
vn 0 1 0 
vn 0 1 0 
vn 0 1 0 
vn 0 1 0 
vn 0 0 1 
vn 0 0 1 
vn 0 0 1 
vn 0 0 1 
vn -1 0 0 
vn -1 0 0 
vn -1 0 0 
vn -1 0 0 
vn 0 -1 0 
vn 0 -1 0 
vn 0 -1 0 
vn 0 -1 0 
vn 0 0 -1 
vn 0 0 -1 
vn 0 0 -1 
vn 0 0 -1 

vt 5.75 -5.75 
vt 5.25 -5.75 
vt 5.75 -6.25 
vt 5.25 -6.25 
vt 5.75 -5.75 
vt 5.25 -5.75 
vt 5.75 -6.25 
vt 5.25 -6.25 
vt 5.75 -5.75 
vt 5.25 -5.75 
vt 5.75 -6.25 
vt 5.25 -6.25 
vt 5.75 -5.75 
vt 5.25 -5.75 
vt 5.75 -6.25 
vt 5.25 -6.25 
vt 5.75 -5.75 
vt 5.25 -5.75 
vt 5.75 -6.25 
vt 5.25 -6.25 
vt 5.75 -5.75 
vt 5.25 -5.75 
vt 5.75 -6.25 
vt 5.25 -6.25 

usemtl Top11Mtl

f 1811/1811/1811 1812/1812/1812 1813/1813/1813 
f 1813/1813/1813 1812/1812/1812 1814/1814/1814 
f 1815/1815/1815 1816/1816/1816 1817/1817/1817 
f 1817/1817/1817 1816/1816/1816 1818/1818/1818 
f 1819/1819/1819 1820/1820/1820 1821/1821/1821 
f 1821/1821/1821 1820/1820/1820 1822/1822/1822 
f 1823/1823/1823 1824/1824/1824 1825/1825/1825 
f 1825/1825/1825 1824/1824/1824 1826/1826/1826 
f 1827/1827/1827 1828/1828/1828 1829/1829/1829 
f 1829/1829/1829 1828/1828/1828 1830/1830/1830 
f 1831/1831/1831 1832/1832/1832 1833/1833/1833 
f 1833/1833/1833 1832/1832/1832 1834/1834/1834 

g Top21

v 24.8741 27.8609 -79.1759 
v 24.8741 27.8609 -75.1759 
v 24.8741 23.8609 -79.1759 
v 24.8741 23.8609 -75.1759 
v 22.8741 27.8609 -75.1759 
v 24.8741 27.8609 -75.1759 
v 22.8741 27.8609 -79.1759 
v 24.8741 27.8609 -79.1759 
v 24.8741 27.8609 -75.1759 
v 22.8741 27.8609 -75.1759 
v 24.8741 23.8609 -75.1759 
v 22.8741 23.8609 -75.1759 
v 22.8741 27.8609 -75.1759 
v 22.8741 27.8609 -79.1759 
v 22.8741 23.8609 -75.1759 
v 22.8741 23.8609 -79.1759 
v 22.8741 23.8609 -79.1759 
v 24.8741 23.8609 -79.1759 
v 22.8741 23.8609 -75.1759 
v 24.8741 23.8609 -75.1759 
v 22.8741 27.8609 -79.1759 
v 24.8741 27.8609 -79.1759 
v 22.8741 23.8609 -79.1759 
v 24.8741 23.8609 -79.1759 

vn 1 0 0 
vn 1 0 0 
vn 1 0 0 
vn 1 0 0 
vn 0 1 0 
vn 0 1 0 
vn 0 1 0 
vn 0 1 0 
vn 0 0 1 
vn 0 0 1 
vn 0 0 1 
vn 0 0 1 
vn -1 0 0 
vn -1 0 0 
vn -1 0 0 
vn -1 0 0 
vn 0 -1 0 
vn 0 -1 0 
vn 0 -1 0 
vn 0 -1 0 
vn 0 0 -1 
vn 0 0 -1 
vn 0 0 -1 
vn 0 0 -1 

vt 4.5 -0.25 
vt 4 -0.25 
vt 4.5 -0.75 
vt 4 -0.75 
vt 4.25 -0.25 
vt 4 -0.25 
vt 4.25 -0.75 
vt 4 -0.75 
vt 4.25 -0.25 
vt 4 -0.25 
vt 4.25 -0.75 
vt 4 -0.75 
vt 4.5 -0.25 
vt 4 -0.25 
vt 4.5 -0.75 
vt 4 -0.75 
vt 4.25 -0.25 
vt 4 -0.25 
vt 4.25 -0.75 
vt 4 -0.75 
vt 4.25 -0.25 
vt 4 -0.25 
vt 4.25 -0.75 
vt 4 -0.75 

usemtl Top11Mtl

f 1835/1835/1835 1836/1836/1836 1837/1837/1837 
f 1837/1837/1837 1836/1836/1836 1838/1838/1838 
f 1839/1839/1839 1840/1840/1840 1841/1841/1841 
f 1841/1841/1841 1840/1840/1840 1842/1842/1842 
f 1843/1843/1843 1844/1844/1844 1845/1845/1845 
f 1845/1845/1845 1844/1844/1844 1846/1846/1846 
f 1847/1847/1847 1848/1848/1848 1849/1849/1849 
f 1849/1849/1849 1848/1848/1848 1850/1850/1850 
f 1851/1851/1851 1852/1852/1852 1853/1853/1853 
f 1853/1853/1853 1852/1852/1852 1854/1854/1854 
f 1855/1855/1855 1856/1856/1856 1857/1857/1857 
f 1857/1857/1857 1856/1856/1856 1858/1858/1858 

