# This file is brought to you by Roblox Corporation
# Generated by Roblox Studio

mtllib Liberty base red.mtl

g Part1

v 124.843 115.677 4.27055 
v 124.843 115.677 4.27055 
v 124.523 116.001 4.27055 
v 124.523 115.677 4.27055 
v 124.843 115.677 4.27055 
v 124.843 115.677 9.47017 
v 124.523 115.677 4.27055 
v 124.523 115.677 9.47017 
v 124.843 115.677 9.47017 
v 124.843 115.677 9.47017 
v 124.523 115.677 9.47017 
v 124.523 116.001 9.47017 
v 124.523 116.001 9.47017 
v 124.523 116.001 4.27055 
v 124.523 115.677 9.47017 
v 124.523 115.677 4.27055 
v 124.843 115.677 9.47017 
v 124.843 115.677 4.27055 
v 124.523 116.001 9.47017 
v 124.523 116.001 4.27055 

vn 0 0 -1 
vn 0 0 -1 
vn 0 0 -1 
vn 0 0 -1 
vn 0 -1 0 
vn 0 -1 0 
vn 0 -1 0 
vn 0 -1 0 
vn 0 0 1 
vn 0 0 1 
vn 0 0 1 
vn 0 0 1 
vn -1 0 0 
vn -1 0 0 
vn -1 0 0 
vn -1 0 0 
vn 0.708661 0.700787 0 
vn 0.708661 0.700787 0 
vn 0.708661 0.700787 0 
vn 0.708661 0.700787 0 

vt 6 1 
vt 6 1 
vt 6.04048 0.960007 
vt 6 0.960007 
vt 6.64995 1 
vt 6 1 
vt 6.64995 0.960007 
vt 6 0.960007 
vt 6.04048 1 
vt 6.04048 1 
vt 6.04048 0.960007 
vt 6 0.960007 
vt 6.64995 1 
vt 6 1 
vt 6.64995 0.959517 
vt 6 0.959517 
vt 6.64995 1 
vt 6 1 
vt 6.64995 0.943094 
vt 6 0.943094 

usemtl Part1Mtl

f 1/1/1 2/2/2 3/3/3 
f 3/3/3 2/2/2 4/4/4 
f 5/5/5 6/6/6 7/7/7 
f 7/7/7 6/6/6 8/8/8 
f 9/9/9 10/10/10 11/11/11 
f 11/11/11 10/10/10 12/12/12 
f 13/13/13 14/14/14 15/15/15 
f 15/15/15 14/14/14 16/16/16 
f 17/17/17 18/18/18 19/19/19 
f 19/19/19 18/18/18 20/20/20 

g Part2

v 122.893 122.175 10.1907 
v 123.27 122.175 10.5676 
v 123.189 122.175 10.6342 
v 123.062 122.175 10.6963 
v 122.893 122.175 10.7237 
v 122.725 122.175 10.6963 
v 122.598 122.175 10.6342 
v 122.517 122.175 10.5676 
v 122.517 122.175 10.5676 
v 122.45 122.175 10.4863 
v 122.388 122.175 10.3592 
v 122.36 122.175 10.1907 
v 122.388 122.175 10.0221 
v 122.45 122.175 9.89502 
v 122.517 122.175 9.81379 
v 122.517 122.175 9.81379 
v 122.598 122.175 9.7472 
v 122.725 122.175 9.68503 
v 122.893 122.175 9.65768 
v 123.062 122.175 9.68503 
v 123.189 122.175 9.7472 
v 123.27 122.175 9.81379 
v 123.27 122.175 9.81379 
v 123.337 122.175 9.89502 
v 123.399 122.175 10.0221 
v 123.426 122.175 10.1907 
v 123.399 122.175 10.3592 
v 123.337 122.175 10.4863 
v 123.27 122.175 10.5676 
v 123.27 117.627 9.81379 
v 123.27 122.175 9.81379 
v 123.337 117.627 9.89502 
v 123.337 122.175 9.89502 
v 123.399 117.627 10.0221 
v 123.399 122.175 10.0221 
v 123.426 117.627 10.1907 
v 123.426 122.175 10.1907 
v 123.399 117.627 10.3592 
v 123.399 122.175 10.3592 
v 123.337 117.627 10.4863 
v 123.337 122.175 10.4863 
v 123.27 117.627 10.5676 
v 123.27 122.175 10.5676 
v 123.27 122.175 9.81379 
v 123.27 117.627 9.81379 
v 123.189 122.175 9.7472 
v 123.189 117.627 9.7472 
v 123.062 122.175 9.68503 
v 123.062 117.627 9.68503 
v 122.893 122.175 9.65768 
v 122.893 117.627 9.65768 
v 122.725 122.175 9.68503 
v 122.725 117.627 9.68503 
v 122.598 122.175 9.7472 
v 122.598 117.627 9.7472 
v 122.517 122.175 9.81379 
v 122.517 117.627 9.81379 
v 122.893 117.627 10.1907 
v 123.27 117.627 9.81379 
v 123.189 117.627 9.7472 
v 123.062 117.627 9.68503 
v 122.893 117.627 9.65768 
v 122.725 117.627 9.68503 
v 122.598 117.627 9.7472 
v 122.517 117.627 9.81379 
v 122.517 117.627 9.81379 
v 122.45 117.627 9.89502 
v 122.388 117.627 10.0221 
v 122.36 117.627 10.1907 
v 122.388 117.627 10.3592 
v 122.45 117.627 10.4863 
v 122.517 117.627 10.5676 
v 122.517 117.627 10.5676 
v 122.598 117.627 10.6342 
v 122.725 117.627 10.6963 
v 122.893 117.627 10.7237 
v 123.062 117.627 10.6963 
v 123.189 117.627 10.6342 
v 123.27 117.627 10.5676 
v 123.27 117.627 10.5676 
v 123.337 117.627 10.4863 
v 123.399 117.627 10.3592 
v 123.426 117.627 10.1907 
v 123.399 117.627 10.0221 
v 123.337 117.627 9.89502 
v 123.27 117.627 9.81379 
v 122.517 117.627 10.5676 
v 122.517 122.175 10.5676 
v 122.45 117.627 10.4863 
v 122.45 122.175 10.4863 
v 122.388 117.627 10.3592 
v 122.388 122.175 10.3592 
v 122.36 117.627 10.1907 
v 122.36 122.175 10.1907 
v 122.388 117.627 10.0221 
v 122.388 122.175 10.0221 
v 122.45 117.627 9.89502 
v 122.45 122.175 9.89502 
v 122.517 117.627 9.81379 
v 122.517 122.175 9.81379 
v 123.27 117.627 10.5676 
v 123.27 122.175 10.5676 
v 123.189 117.627 10.6342 
v 123.189 122.175 10.6342 
v 123.062 117.627 10.6963 
v 123.062 122.175 10.6963 
v 122.893 117.627 10.7237 
v 122.893 122.175 10.7237 
v 122.725 117.627 10.6963 
v 122.725 122.175 10.6963 
v 122.598 117.627 10.6342 
v 122.598 122.175 10.6342 
v 122.517 117.627 10.5676 
v 122.517 122.175 10.5676 

vn 0 1 0 
vn 0 1 0 
vn 0 1 0 
vn 0 1 0 
vn 0 1 0 
vn 0 1 0 
vn 0 1 0 
vn 0 1 0 
vn 0 1 0 
vn 0 1 0 
vn 0 1 0 
vn 0 1 0 
vn 0 1 0 
vn 0 1 0 
vn 0 1 0 
vn 0 1 0 
vn 0 1 0 
vn 0 1 0 
vn 0 1 0 
vn 0 1 0 
vn 0 1 0 
vn 0 1 0 
vn 0 1 0 
vn 0 1 0 
vn 0 1 0 
vn 0 1 0 
vn 0 1 0 
vn 0 1 0 
vn 0 1 0 
vn 0.708661 0 -0.708661 
vn 0.708661 0 -0.708661 
vn 0.834646 0 -0.551181 
vn 0.834646 0 -0.551181 
vn 0.944882 0 -0.314961 
vn 0.944882 0 -0.314961 
vn 1 0 0 
vn 1 0 0 
vn 0.944882 0 0.314961 
vn 0.944882 0 0.314961 
vn 0.834646 0 0.551181 
vn 0.834646 0 0.551181 
vn 0.708661 0 0.708661 
vn 0.708661 0 0.708661 
vn 0.708661 0 -0.708661 
vn 0.708661 0 -0.708661 
vn 0.551181 0 -0.834646 
vn 0.551181 0 -0.834646 
vn 0.314961 0 -0.944882 
vn 0.314961 0 -0.944882 
vn 0 0 -1 
vn 0 0 -1 
vn -0.314961 0 -0.944882 
vn -0.314961 0 -0.944882 
vn -0.551181 0 -0.834646 
vn -0.551181 0 -0.834646 
vn -0.708661 0 -0.708661 
vn -0.708661 0 -0.708661 
vn 0 -1 0 
vn 0 -1 0 
vn 0 -1 0 
vn 0 -1 0 
vn 0 -1 0 
vn 0 -1 0 
vn 0 -1 0 
vn 0 -1 0 
vn 0 -1 0 
vn 0 -1 0 
vn 0 -1 0 
vn 0 -1 0 
vn 0 -1 0 
vn 0 -1 0 
vn 0 -1 0 
vn 0 -1 0 
vn 0 -1 0 
vn 0 -1 0 
vn 0 -1 0 
vn 0 -1 0 
vn 0 -1 0 
vn 0 -1 0 
vn 0 -1 0 
vn 0 -1 0 
vn 0 -1 0 
vn 0 -1 0 
vn 0 -1 0 
vn 0 -1 0 
vn 0 -1 0 
vn -0.708661 0 0.708661 
vn -0.708661 0 0.708661 
vn -0.834646 0 0.551181 
vn -0.834646 0 0.551181 
vn -0.944882 0 0.314961 
vn -0.944882 0 0.314961 
vn -1 0 0 
vn -1 0 0 
vn -0.944882 0 -0.314961 
vn -0.944882 0 -0.314961 
vn -0.834646 0 -0.551181 
vn -0.834646 0 -0.551181 
vn -0.708661 0 -0.708661 
vn -0.708661 0 -0.708661 
vn 0.708661 0 0.708661 
vn 0.708661 0 0.708661 
vn 0.551181 0 0.834646 
vn 0.551181 0 0.834646 
vn 0.314961 0 0.944882 
vn 0.314961 0 0.944882 
vn 0 0 1 
vn 0 0 1 
vn -0.314961 0 0.944882 
vn -0.314961 0 0.944882 
vn -0.551181 0 0.834646 
vn -0.551181 0 0.834646 
vn -0.708661 0 0.708661 
vn -0.708661 0 0.708661 

vt 0.566625 -6.81662 
vt 0.613735 -6.76951 
vt 0.62206 -6.77967 
vt 0.62983 -6.79556 
vt 0.633249 -6.81662 
vt 0.62983 -6.83769 
vt 0.62206 -6.85358 
vt 0.613735 -6.86374 
vt 0.613735 -6.86374 
vt 0.603581 -6.87206 
vt 0.587693 -6.87983 
vt 0.566625 -6.88325 
vt 0.545556 -6.87983 
vt 0.529668 -6.87206 
vt 0.519514 -6.86374 
vt 0.519514 -6.86374 
vt 0.51119 -6.85358 
vt 0.503419 -6.83769 
vt 0.5 -6.81662 
vt 0.503419 -6.79556 
vt 0.51119 -6.77967 
vt 0.519514 -6.76951 
vt 0.519514 -6.76951 
vt 0.529668 -6.76119 
vt 0.545556 -6.75342 
vt 0.566625 -6.75 
vt 0.587693 -6.75342 
vt 0.603581 -6.76119 
vt 0.613735 -6.76951 
vt 1.0685 -6.75 
vt 0.5 -6.75 
vt 1.0685 -6.77221 
vt 0.5 -6.77221 
vt 1.0685 -6.79442 
vt 0.5 -6.79442 
vt 1.0685 -6.81662 
vt 0.5 -6.81662 
vt 1.0685 -6.83883 
vt 0.5 -6.83883 
vt 1.0685 -6.86104 
vt 0.5 -6.86104 
vt 1.0685 -6.88325 
vt 0.5 -6.88325 
vt 1.0685 -6.75 
vt 0.5 -6.75 
vt 1.0685 -6.77221 
vt 0.5 -6.77221 
vt 1.0685 -6.79442 
vt 0.5 -6.79442 
vt 1.0685 -6.81662 
vt 0.5 -6.81662 
vt 1.0685 -6.83883 
vt 0.5 -6.83883 
vt 1.0685 -6.86104 
vt 0.5 -6.86104 
vt 1.0685 -6.88325 
vt 0.5 -6.88325 
vt 0.566625 -6.81662 
vt 0.613735 -6.76951 
vt 0.62206 -6.77967 
vt 0.62983 -6.79556 
vt 0.633249 -6.81662 
vt 0.62983 -6.83769 
vt 0.62206 -6.85358 
vt 0.613735 -6.86374 
vt 0.613735 -6.86374 
vt 0.603581 -6.87206 
vt 0.587693 -6.87983 
vt 0.566625 -6.88325 
vt 0.545556 -6.87983 
vt 0.529668 -6.87206 
vt 0.519514 -6.86374 
vt 0.519514 -6.86374 
vt 0.51119 -6.85358 
vt 0.503419 -6.83769 
vt 0.5 -6.81662 
vt 0.503419 -6.79556 
vt 0.51119 -6.77967 
vt 0.519514 -6.76951 
vt 0.519514 -6.76951 
vt 0.529668 -6.76119 
vt 0.545556 -6.75342 
vt 0.566625 -6.75 
vt 0.587693 -6.75342 
vt 0.603581 -6.76119 
vt 0.613735 -6.76951 
vt 1.0685 -6.75 
vt 0.5 -6.75 
vt 1.0685 -6.77221 
vt 0.5 -6.77221 
vt 1.0685 -6.79442 
vt 0.5 -6.79442 
vt 1.0685 -6.81662 
vt 0.5 -6.81662 
vt 1.0685 -6.83883 
vt 0.5 -6.83883 
vt 1.0685 -6.86104 
vt 0.5 -6.86104 
vt 1.0685 -6.88325 
vt 0.5 -6.88325 
vt 1.0685 -6.75 
vt 0.5 -6.75 
vt 1.0685 -6.77221 
vt 0.5 -6.77221 
vt 1.0685 -6.79442 
vt 0.5 -6.79442 
vt 1.0685 -6.81662 
vt 0.5 -6.81662 
vt 1.0685 -6.83883 
vt 0.5 -6.83883 
vt 1.0685 -6.86104 
vt 0.5 -6.86104 
vt 1.0685 -6.88325 
vt 0.5 -6.88325 

usemtl Part1Mtl

f 21/21/21 23/23/23 22/22/22 
f 21/21/21 24/24/24 23/23/23 
f 21/21/21 25/25/25 24/24/24 
f 21/21/21 26/26/26 25/25/25 
f 21/21/21 27/27/27 26/26/26 
f 21/21/21 28/28/28 27/27/27 
f 21/21/21 30/30/30 29/29/29 
f 21/21/21 31/31/31 30/30/30 
f 21/21/21 32/32/32 31/31/31 
f 21/21/21 33/33/33 32/32/32 
f 21/21/21 34/34/34 33/33/33 
f 21/21/21 35/35/35 34/34/34 
f 21/21/21 37/37/37 36/36/36 
f 21/21/21 38/38/38 37/37/37 
f 21/21/21 39/39/39 38/38/38 
f 21/21/21 40/40/40 39/39/39 
f 21/21/21 41/41/41 40/40/40 
f 21/21/21 42/42/42 41/41/41 
f 21/21/21 44/44/44 43/43/43 
f 21/21/21 45/45/45 44/44/44 
f 21/21/21 46/46/46 45/45/45 
f 21/21/21 47/47/47 46/46/46 
f 21/21/21 48/48/48 47/47/47 
f 21/21/21 49/49/49 48/48/48 
f 50/50/50 51/51/51 52/52/52 
f 52/52/52 51/51/51 53/53/53 
f 52/52/52 53/53/53 54/54/54 
f 54/54/54 53/53/53 55/55/55 
f 54/54/54 55/55/55 56/56/56 
f 56/56/56 55/55/55 57/57/57 
f 56/56/56 57/57/57 58/58/58 
f 58/58/58 57/57/57 59/59/59 
f 58/58/58 59/59/59 60/60/60 
f 60/60/60 59/59/59 61/61/61 
f 60/60/60 61/61/61 62/62/62 
f 62/62/62 61/61/61 63/63/63 
f 64/64/64 65/65/65 66/66/66 
f 66/66/66 65/65/65 67/67/67 
f 66/66/66 67/67/67 68/68/68 
f 68/68/68 67/67/67 69/69/69 
f 68/68/68 69/69/69 70/70/70 
f 70/70/70 69/69/69 71/71/71 
f 70/70/70 71/71/71 72/72/72 
f 72/72/72 71/71/71 73/73/73 
f 72/72/72 73/73/73 74/74/74 
f 74/74/74 73/73/73 75/75/75 
f 74/74/74 75/75/75 76/76/76 
f 76/76/76 75/75/75 77/77/77 
f 78/78/78 80/80/80 79/79/79 
f 78/78/78 81/81/81 80/80/80 
f 78/78/78 82/82/82 81/81/81 
f 78/78/78 83/83/83 82/82/82 
f 78/78/78 84/84/84 83/83/83 
f 78/78/78 85/85/85 84/84/84 
f 78/78/78 87/87/87 86/86/86 
f 78/78/78 88/88/88 87/87/87 
f 78/78/78 89/89/89 88/88/88 
f 78/78/78 90/90/90 89/89/89 
f 78/78/78 91/91/91 90/90/90 
f 78/78/78 92/92/92 91/91/91 
f 78/78/78 94/94/94 93/93/93 
f 78/78/78 95/95/95 94/94/94 
f 78/78/78 96/96/96 95/95/95 
f 78/78/78 97/97/97 96/96/96 
f 78/78/78 98/98/98 97/97/97 
f 78/78/78 99/99/99 98/98/98 
f 78/78/78 101/101/101 100/100/100 
f 78/78/78 102/102/102 101/101/101 
f 78/78/78 103/103/103 102/102/102 
f 78/78/78 104/104/104 103/103/103 
f 78/78/78 105/105/105 104/104/104 
f 78/78/78 106/106/106 105/105/105 
f 107/107/107 108/108/108 109/109/109 
f 109/109/109 108/108/108 110/110/110 
f 109/109/109 110/110/110 111/111/111 
f 111/111/111 110/110/110 112/112/112 
f 111/111/111 112/112/112 113/113/113 
f 113/113/113 112/112/112 114/114/114 
f 113/113/113 114/114/114 115/115/115 
f 115/115/115 114/114/114 116/116/116 
f 115/115/115 116/116/116 117/117/117 
f 117/117/117 116/116/116 118/118/118 
f 117/117/117 118/118/118 119/119/119 
f 119/119/119 118/118/118 120/120/120 
f 121/121/121 122/122/122 123/123/123 
f 123/123/123 122/122/122 124/124/124 
f 123/123/123 124/124/124 125/125/125 
f 125/125/125 124/124/124 126/126/126 
f 125/125/125 126/126/126 127/127/127 
f 127/127/127 126/126/126 128/128/128 
f 127/127/127 128/128/128 129/129/129 
f 129/129/129 128/128/128 130/130/130 
f 129/129/129 130/130/130 131/131/131 
f 131/131/131 130/130/130 132/132/132 
f 131/131/131 132/132/132 133/133/133 
f 133/133/133 132/132/132 134/134/134 

g Part3

v 122.244 122.175 8.172 
v 122.244 122.175 8.172 
v 122.244 120.876 9.47106 
v 122.244 122.175 9.47106 
v 122.244 122.175 8.172 
v 121.593 122.175 8.172 
v 122.244 122.175 9.47106 
v 121.593 122.175 9.47106 
v 121.593 122.175 8.172 
v 121.593 122.175 8.172 
v 121.593 122.175 9.47106 
v 121.593 120.876 9.47106 
v 121.593 120.876 9.47106 
v 122.244 120.876 9.47106 
v 121.593 122.175 9.47106 
v 122.244 122.175 9.47106 
v 121.593 122.175 8.172 
v 122.244 122.175 8.172 
v 121.593 120.876 9.47106 
v 122.244 120.876 9.47106 

vn 1 0 0 
vn 1 0 0 
vn 1 0 0 
vn 1 0 0 
vn 0 1 0 
vn 0 1 0 
vn 0 1 0 
vn 0 1 0 
vn -1 0 0 
vn -1 0 0 
vn -1 0 0 
vn -1 0 0 
vn 0 0 1 
vn 0 0 1 
vn 0 0 1 
vn 0 0 1 
vn 0 -0.708661 -0.708661 
vn 0 -0.708661 -0.708661 
vn 0 -0.708661 -0.708661 
vn 0 -0.708661 -0.708661 

vt 2.5 0.75 
vt 2.5 0.75 
vt 2.6624 0.587617 
vt 2.5 0.587617 
vt 2.5813 0.75 
vt 2.5 0.75 
vt 2.5813 0.587617 
vt 2.5 0.587617 
vt 2.6624 0.75 
vt 2.6624 0.75 
vt 2.6624 0.587617 
vt 2.5 0.587617 
vt 2.5813 0.75 
vt 2.5 0.75 
vt 2.5813 0.587599 
vt 2.5 0.587599 
vt 2.5813 0.75 
vt 2.5 0.75 
vt 2.5813 0.520343 
vt 2.5 0.520343 

usemtl Part1Mtl

f 135/135/135 136/136/136 137/137/137 
f 137/137/137 136/136/136 138/138/138 
f 139/139/139 140/140/140 141/141/141 
f 141/141/141 140/140/140 142/142/142 
f 143/143/143 144/144/144 145/145/145 
f 145/145/145 144/144/144 146/146/146 
f 147/147/147 148/148/148 149/149/149 
f 149/149/149 148/148/148 150/150/150 
f 151/151/151 152/152/152 153/153/153 
f 153/153/153 152/152/152 154/154/154 

g Part4

v 110.293 122.823 12.0696 
v 110.293 114.845 12.0696 
v 113.943 122.823 12.0696 
v 113.943 114.845 12.0696 
v 110.293 114.845 1.6033 
v 110.293 114.845 12.0696 
v 110.293 122.823 1.6033 
v 110.293 122.823 12.0696 
v 110.293 114.845 12.0696 
v 110.293 114.845 1.6033 
v 113.943 114.845 12.0696 
v 113.943 114.845 1.6033 
v 110.293 114.845 1.6033 
v 110.293 122.823 1.6033 
v 113.943 114.845 1.6033 
v 113.943 122.823 1.6033 
v 113.943 122.823 1.6033 
v 113.943 122.823 12.0696 
v 113.943 114.845 1.6033 
v 113.943 114.845 12.0696 
v 110.293 122.823 1.6033 
v 110.293 122.823 12.0696 
v 113.943 122.823 1.6033 
v 113.943 122.823 12.0696 

vn 0 0 1 
vn 0 0 1 
vn 0 0 1 
vn 0 0 1 
vn -1 0 0 
vn -1 0 0 
vn -1 0 0 
vn -1 0 0 
vn 0 -1 0 
vn 0 -1 0 
vn 0 -1 0 
vn 0 -1 0 
vn 0 0 -1 
vn 0 0 -1 
vn 0 0 -1 
vn 0 0 -1 
vn 1 0 0 
vn 1 0 0 
vn 1 0 0 
vn 1 0 0 
vn 0 1 0 
vn 0 1 0 
vn 0 1 0 
vn 0 1 0 

vt 4.99733 -3.75 
vt 4 -3.75 
vt 4.99733 -4.2063 
vt 4 -4.2063 
vt 5.30829 -3.75 
vt 4 -3.75 
vt 5.30829 -4.74733 
vt 4 -4.74733 
vt 5.30829 -3.75 
vt 4 -3.75 
vt 5.30829 -4.2063 
vt 4 -4.2063 
vt 4.99733 -3.75 
vt 4 -3.75 
vt 4.99733 -4.2063 
vt 4 -4.2063 
vt 5.30829 -3.75 
vt 4 -3.75 
vt 5.30829 -4.74733 
vt 4 -4.74733 
vt 5.30829 -3.75 
vt 4 -3.75 
vt 5.30829 -4.2063 
vt 4 -4.2063 

usemtl Part1Mtl

f 155/155/155 156/156/156 157/157/157 
f 157/157/157 156/156/156 158/158/158 
f 159/159/159 160/160/160 161/161/161 
f 161/161/161 160/160/160 162/162/162 
f 163/163/163 164/164/164 165/165/165 
f 165/165/165 164/164/164 166/166/166 
f 167/167/167 168/168/168 169/169/169 
f 169/169/169 168/168/168 170/170/170 
f 171/171/171 172/172/172 173/173/173 
f 173/173/173 172/172/172 174/174/174 
f 175/175/175 176/176/176 177/177/177 
f 177/177/177 176/176/176 178/178/178 

g Part5

v 122.244 116.001 9.47017 
v 122.244 116.001 4.27055 
v 122.244 115.677 9.47017 
v 122.244 115.677 4.27055 
v 124.523 116.001 4.27055 
v 122.244 116.001 4.27055 
v 124.523 116.001 9.47017 
v 122.244 116.001 9.47017 
v 122.244 116.001 4.27055 
v 124.523 116.001 4.27055 
v 122.244 115.677 4.27055 
v 124.523 115.677 4.27055 
v 124.523 116.001 4.27055 
v 124.523 116.001 9.47017 
v 124.523 115.677 4.27055 
v 124.523 115.677 9.47017 
v 124.523 115.677 9.47017 
v 122.244 115.677 9.47017 
v 124.523 115.677 4.27055 
v 122.244 115.677 4.27055 
v 124.523 116.001 9.47017 
v 122.244 116.001 9.47017 
v 124.523 115.677 9.47017 
v 122.244 115.677 9.47017 

vn -1 0 0 
vn -1 0 0 
vn -1 0 0 
vn -1 0 0 
vn 0 1 0 
vn 0 1 0 
vn 0 1 0 
vn 0 1 0 
vn 0 0 -1 
vn 0 0 -1 
vn 0 0 -1 
vn 0 0 -1 
vn 1 0 0 
vn 1 0 0 
vn 1 0 0 
vn 1 0 0 
vn 0 -1 0 
vn 0 -1 0 
vn 0 -1 0 
vn 0 -1 0 
vn 0 0 1 
vn 0 0 1 
vn 0 0 1 
vn 0 0 1 

vt 7.89995 -4 
vt 7.25 -4 
vt 7.89995 -4.04048 
vt 7.25 -4.04048 
vt 7.53489 -4 
vt 7.25 -4 
vt 7.53489 -4.64995 
vt 7.25 -4.64995 
vt 7.53489 -4 
vt 7.25 -4 
vt 7.53489 -4.04048 
vt 7.25 -4.04048 
vt 7.89995 -4 
vt 7.25 -4 
vt 7.89995 -4.04048 
vt 7.25 -4.04048 
vt 7.53489 -4 
vt 7.25 -4 
vt 7.53489 -4.64995 
vt 7.25 -4.64995 
vt 7.53489 -4 
vt 7.25 -4 
vt 7.53489 -4.04048 
vt 7.25 -4.04048 

usemtl Part1Mtl

f 179/179/179 180/180/180 181/181/181 
f 181/181/181 180/180/180 182/182/182 
f 183/183/183 184/184/184 185/185/185 
f 185/185/185 184/184/184 186/186/186 
f 187/187/187 188/188/188 189/189/189 
f 189/189/189 188/188/188 190/190/190 
f 191/191/191 192/192/192 193/193/193 
f 193/193/193 192/192/192 194/194/194 
f 195/195/195 196/196/196 197/197/197 
f 197/197/197 196/196/196 198/198/198 
f 199/199/199 200/200/200 201/201/201 
f 201/201/201 200/200/200 202/202/202 

g Part6

v 125.493 115.353 4.27055 
v 125.493 115.353 4.27055 
v 125.173 115.677 4.27055 
v 125.173 115.353 4.27055 
v 125.493 115.353 4.27055 
v 125.493 115.353 9.47017 
v 125.173 115.353 4.27055 
v 125.173 115.353 9.47017 
v 125.493 115.353 9.47017 
v 125.493 115.353 9.47017 
v 125.173 115.353 9.47017 
v 125.173 115.677 9.47017 
v 125.173 115.677 9.47017 
v 125.173 115.677 4.27055 
v 125.173 115.353 9.47017 
v 125.173 115.353 4.27055 
v 125.493 115.353 9.47017 
v 125.493 115.353 4.27055 
v 125.173 115.677 9.47017 
v 125.173 115.677 4.27055 

vn 0 0 -1 
vn 0 0 -1 
vn 0 0 -1 
vn 0 0 -1 
vn 0 -1 0 
vn 0 -1 0 
vn 0 -1 0 
vn 0 -1 0 
vn 0 0 1 
vn 0 0 1 
vn 0 0 1 
vn 0 0 1 
vn -1 0 0 
vn -1 0 0 
vn -1 0 0 
vn -1 0 0 
vn 0.708661 0.700787 0 
vn 0.708661 0.700787 0 
vn 0.708661 0.700787 0 
vn 0.708661 0.700787 0 

vt 5.75 -4.5 
vt 5.75 -4.5 
vt 5.79048 -4.53999 
vt 5.75 -4.53999 
vt 6.39995 -4.5 
vt 5.75 -4.5 
vt 6.39995 -4.53999 
vt 5.75 -4.53999 
vt 5.79048 -4.5 
vt 5.79048 -4.5 
vt 5.79048 -4.53999 
vt 5.75 -4.53999 
vt 6.39995 -4.5 
vt 5.75 -4.5 
vt 6.39995 -4.54048 
vt 5.75 -4.54048 
vt 6.39995 -4.5 
vt 5.75 -4.5 
vt 6.39995 -4.55691 
vt 5.75 -4.55691 

usemtl Part1Mtl

f 203/203/203 204/204/204 205/205/205 
f 205/205/205 204/204/204 206/206/206 
f 207/207/207 208/208/208 209/209/209 
f 209/209/209 208/208/208 210/210/210 
f 211/211/211 212/212/212 213/213/213 
f 213/213/213 212/212/212 214/214/214 
f 215/215/215 216/216/216 217/217/217 
f 217/217/217 216/216/216 218/218/218 
f 219/219/219 220/220/220 221/221/221 
f 221/221/221 220/220/220 222/222/222 

g Part7

v 121.623 123.824 0.268328 
v 121.623 123.824 0.268328 
v 123.623 123.824 1.26829 
v 121.623 123.824 1.26829 
v 121.623 123.824 0.268328 
v 121.623 122.824 0.268328 
v 121.623 123.824 1.26829 
v 121.623 122.824 1.26829 
v 121.623 122.824 0.268328 
v 121.623 122.824 0.268328 
v 121.623 122.824 1.26829 
v 123.623 122.824 1.26829 
v 123.623 122.824 1.26829 
v 123.623 123.824 1.26829 
v 121.623 122.824 1.26829 
v 121.623 123.824 1.26829 
v 121.623 122.824 0.268328 
v 121.623 123.824 0.268328 
v 123.623 122.824 1.26829 
v 123.623 123.824 1.26829 

vn 0 1 0 
vn 0 1 0 
vn 0 1 0 
vn 0 1 0 
vn -1 0 0 
vn -1 0 0 
vn -1 0 0 
vn -1 0 0 
vn 0 -1 0 
vn 0 -1 0 
vn 0 -1 0 
vn 0 -1 0 
vn 0 0 1 
vn 0 0 1 
vn 0 0 1 
vn 0 0 1 
vn 0.448819 0 -0.897638 
vn 0.448819 0 -0.897638 
vn 0.448819 0 -0.897638 
vn 0.448819 0 -0.897638 

vt 5.5 -2.5 
vt 5.5 -2.5 
vt 5.75 -2.625 
vt 5.5 -2.625 
vt 5.625 -2.5 
vt 5.5 -2.5 
vt 5.625 -2.625 
vt 5.5 -2.625 
vt 5.75 -2.5 
vt 5.75 -2.5 
vt 5.75 -2.625 
vt 5.5 -2.625 
vt 5.625 -2.5 
vt 5.5 -2.5 
vt 5.625 -2.75 
vt 5.5 -2.75 
vt 5.625 -2.5 
vt 5.5 -2.5 
vt 5.625 -2.77951 
vt 5.5 -2.77951 

usemtl Part1Mtl

f 223/223/223 224/224/224 225/225/225 
f 225/225/225 224/224/224 226/226/226 
f 227/227/227 228/228/228 229/229/229 
f 229/229/229 228/228/228 230/230/230 
f 231/231/231 232/232/232 233/233/233 
f 233/233/233 232/232/232 234/234/234 
f 235/235/235 236/236/236 237/237/237 
f 237/237/237 236/236/236 238/238/238 
f 239/239/239 240/240/240 241/241/241 
f 241/241/241 240/240/240 242/242/242 

g Part8

v 121.593 122.176 9.4711 
v 121.593 115.68 9.4711 
v 122.148 122.176 9.4711 
v 122.148 115.68 9.4711 
v 121.593 115.68 4.20029 
v 121.593 115.68 9.4711 
v 121.593 122.176 4.20029 
v 121.593 122.176 9.4711 
v 121.593 115.68 9.4711 
v 121.593 115.68 4.20029 
v 122.148 115.68 9.4711 
v 122.148 115.68 4.20029 
v 121.593 115.68 4.20029 
v 121.593 122.176 4.20029 
v 122.148 115.68 4.20029 
v 122.148 122.176 4.20029 
v 122.148 122.176 4.20029 
v 122.148 122.176 9.4711 
v 122.148 115.68 4.20029 
v 122.148 115.68 9.4711 
v 121.593 122.176 4.20029 
v 121.593 122.176 9.4711 
v 122.148 122.176 4.20029 
v 122.148 122.176 9.4711 

vn 0 0 1 
vn 0 0 1 
vn 0 0 1 
vn 0 0 1 
vn -1 0 0 
vn -1 0 0 
vn -1 0 0 
vn -1 0 0 
vn 0 -1 0 
vn 0 -1 0 
vn 0 -1 0 
vn 0 -1 0 
vn 0 0 -1 
vn 0 0 -1 
vn 0 0 -1 
vn 0 0 -1 
vn 1 0 0 
vn 1 0 0 
vn 1 0 0 
vn 1 0 0 
vn 0 1 0 
vn 0 1 0 
vn 0 1 0 
vn 0 1 0 

vt 1.56203 -4 
vt 0.75 -4 
vt 1.56203 -4.06935 
vt 0.75 -4.06935 
vt 1.40885 -4 
vt 0.75 -4 
vt 1.40885 -4.81203 
vt 0.75 -4.81203 
vt 1.40885 -4 
vt 0.75 -4 
vt 1.40885 -4.06935 
vt 0.75 -4.06935 
vt 1.56203 -4 
vt 0.75 -4 
vt 1.56203 -4.06935 
vt 0.75 -4.06935 
vt 1.40885 -4 
vt 0.75 -4 
vt 1.40885 -4.81203 
vt 0.75 -4.81203 
vt 1.40885 -4 
vt 0.75 -4 
vt 1.40885 -4.06935 
vt 0.75 -4.06935 

usemtl Part8Mtl

f 243/243/243 244/244/244 245/245/245 
f 245/245/245 244/244/244 246/246/246 
f 247/247/247 248/248/248 249/249/249 
f 249/249/249 248/248/248 250/250/250 
f 251/251/251 252/252/252 253/253/253 
f 253/253/253 252/252/252 254/254/254 
f 255/255/255 256/256/256 257/257/257 
f 257/257/257 256/256/256 258/258/258 
f 259/259/259 260/260/260 261/261/261 
f 261/261/261 260/260/260 262/262/262 
f 263/263/263 264/264/264 265/265/265 
f 265/265/265 264/264/264 266/266/266 

g Part9

v 121.593 122.175 10.7718 
v 121.593 122.175 2.90106 
v 122.244 122.175 10.7718 
v 122.244 122.175 2.90106 
v 121.593 122.823 2.90106 
v 121.593 122.175 2.90106 
v 121.593 122.823 10.7718 
v 121.593 122.175 10.7718 
v 121.593 122.175 2.90106 
v 121.593 122.823 2.90106 
v 122.244 122.175 2.90106 
v 122.244 122.823 2.90106 
v 121.593 122.823 2.90106 
v 121.593 122.823 10.7718 
v 122.244 122.823 2.90106 
v 122.244 122.823 10.7718 
v 122.244 122.823 10.7718 
v 122.244 122.175 10.7718 
v 122.244 122.823 2.90106 
v 122.244 122.175 2.90106 
v 121.593 122.823 10.7718 
v 121.593 122.175 10.7718 
v 122.244 122.823 10.7718 
v 122.244 122.175 10.7718 

vn 0 -1 0 
vn 0 -1 0 
vn 0 -1 0 
vn 0 -1 0 
vn -1 0 0 
vn -1 0 0 
vn -1 0 0 
vn -1 0 0 
vn 0 0 -1 
vn 0 0 -1 
vn 0 0 -1 
vn 0 0 -1 
vn 0 1 0 
vn 0 1 0 
vn 0 1 0 
vn 0 1 0 
vn 1 0 0 
vn 1 0 0 
vn 1 0 0 
vn 1 0 0 
vn 0 0 1 
vn 0 0 1 
vn 0 0 1 
vn 0 0 1 

vt 4.98384 -2.25 
vt 4 -2.25 
vt 4.98384 -2.3313 
vt 4 -2.3313 
vt 4.08104 -2.25 
vt 4 -2.25 
vt 4.08104 -3.23384 
vt 4 -3.23384 
vt 4.08104 -2.25 
vt 4 -2.25 
vt 4.08104 -2.3313 
vt 4 -2.3313 
vt 4.98384 -2.25 
vt 4 -2.25 
vt 4.98384 -2.3313 
vt 4 -2.3313 
vt 4.08104 -2.25 
vt 4 -2.25 
vt 4.08104 -3.23384 
vt 4 -3.23384 
vt 4.08104 -2.25 
vt 4 -2.25 
vt 4.08104 -2.3313 
vt 4 -2.3313 

usemtl Part1Mtl

f 267/267/267 268/268/268 269/269/269 
f 269/269/269 268/268/268 270/270/270 
f 271/271/271 272/272/272 273/273/273 
f 273/273/273 272/272/272 274/274/274 
f 275/275/275 276/276/276 277/277/277 
f 277/277/277 276/276/276 278/278/278 
f 279/279/279 280/280/280 281/281/281 
f 281/281/281 280/280/280 282/282/282 
f 283/283/283 284/284/284 285/285/285 
f 285/285/285 284/284/284 286/286/286 
f 287/287/287 288/288/288 289/289/289 
f 289/289/289 288/288/288 290/290/290 

g Part10

v 121.372 123.574 12.0342 
v 121.372 123.574 1.52 
v 121.372 123.094 12.0342 
v 121.372 123.094 1.52 
v 124.256 123.574 1.52 
v 121.372 123.574 1.52 
v 124.256 123.574 12.0342 
v 121.372 123.574 12.0342 
v 121.372 123.574 1.52 
v 124.256 123.574 1.52 
v 121.372 123.094 1.52 
v 124.256 123.094 1.52 
v 124.256 123.574 1.52 
v 124.256 123.574 12.0342 
v 124.256 123.094 1.52 
v 124.256 123.094 12.0342 
v 124.256 123.094 12.0342 
v 121.372 123.094 12.0342 
v 124.256 123.094 1.52 
v 121.372 123.094 1.52 
v 124.256 123.574 12.0342 
v 121.372 123.574 12.0342 
v 124.256 123.094 12.0342 
v 121.372 123.094 12.0342 

vn -1 0 0 
vn -1 0 0 
vn -1 0 0 
vn -1 0 0 
vn 0 1 0 
vn 0 1 0 
vn 0 1 0 
vn 0 1 0 
vn 0 0 -1 
vn 0 0 -1 
vn 0 0 -1 
vn 0 0 -1 
vn 1 0 0 
vn 1 0 0 
vn 1 0 0 
vn 1 0 0 
vn 0 -1 0 
vn 0 -1 0 
vn 0 -1 0 
vn 0 -1 0 
vn 0 0 1 
vn 0 0 1 
vn 0 0 1 
vn 0 0 1 

vt 4.81428 -1.5 
vt 3.5 -1.5 
vt 4.81428 -1.56004 
vt 3.5 -1.56004 
vt 3.86049 -1.5 
vt 3.5 -1.5 
vt 3.86049 -2.81428 
vt 3.5 -2.81428 
vt 3.86049 -1.5 
vt 3.5 -1.5 
vt 3.86049 -1.56004 
vt 3.5 -1.56004 
vt 4.81428 -1.5 
vt 3.5 -1.5 
vt 4.81428 -1.56004 
vt 3.5 -1.56004 
vt 3.86049 -1.5 
vt 3.5 -1.5 
vt 3.86049 -2.81428 
vt 3.5 -2.81428 
vt 3.86049 -1.5 
vt 3.5 -1.5 
vt 3.86049 -1.56004 
vt 3.5 -1.56004 

usemtl Part10Mtl

f 291/291/291 292/292/292 293/293/293 
f 293/293/293 292/292/292 294/294/294 
f 295/295/295 296/296/296 297/297/297 
f 297/297/297 296/296/296 298/298/298 
f 299/299/299 300/300/300 301/301/301 
f 301/301/301 300/300/300 302/302/302 
f 303/303/303 304/304/304 305/305/305 
f 305/305/305 304/304/304 306/306/306 
f 307/307/307 308/308/308 309/309/309 
f 309/309/309 308/308/308 310/310/310 
f 311/311/311 312/312/312 313/313/313 
f 313/313/313 312/312/312 314/314/314 

g Part11

v 108.875 123.574 13.9007 
v 108.875 123.574 -0.364071 
v 108.875 123.094 13.9007 
v 108.875 123.094 -0.364071 
v 121.372 123.574 -0.364071 
v 108.875 123.574 -0.364071 
v 121.372 123.574 13.9007 
v 108.875 123.574 13.9007 
v 108.875 123.574 -0.364071 
v 121.372 123.574 -0.364071 
v 108.875 123.094 -0.364071 
v 121.372 123.094 -0.364071 
v 121.372 123.574 -0.364071 
v 121.372 123.574 13.9007 
v 121.372 123.094 -0.364071 
v 121.372 123.094 13.9007 
v 121.372 123.094 13.9007 
v 108.875 123.094 13.9007 
v 121.372 123.094 -0.364071 
v 108.875 123.094 -0.364071 
v 121.372 123.574 13.9007 
v 108.875 123.574 13.9007 
v 121.372 123.094 13.9007 
v 108.875 123.094 13.9007 

vn -1 0 0 
vn -1 0 0 
vn -1 0 0 
vn -1 0 0 
vn 0 1 0 
vn 0 1 0 
vn 0 1 0 
vn 0 1 0 
vn 0 0 -1 
vn 0 0 -1 
vn 0 0 -1 
vn 0 0 -1 
vn 1 0 0 
vn 1 0 0 
vn 1 0 0 
vn 1 0 0 
vn 0 -1 0 
vn 0 -1 0 
vn 0 -1 0 
vn 0 -1 0 
vn 0 0 1 
vn 0 0 1 
vn 0 0 1 
vn 0 0 1 

vt 5.5331 -0.5 
vt 3.75 -0.5 
vt 5.5331 -0.560036 
vt 3.75 -0.560036 
vt 5.31212 -0.5 
vt 3.75 -0.5 
vt 5.31212 -2.2831 
vt 3.75 -2.2831 
vt 5.31212 -0.5 
vt 3.75 -0.5 
vt 5.31212 -0.560036 
vt 3.75 -0.560036 
vt 5.5331 -0.5 
vt 3.75 -0.5 
vt 5.5331 -0.560036 
vt 3.75 -0.560036 
vt 5.31212 -0.5 
vt 3.75 -0.5 
vt 5.31212 -2.2831 
vt 3.75 -2.2831 
vt 5.31212 -0.5 
vt 3.75 -0.5 
vt 5.31212 -0.560036 
vt 3.75 -0.560036 

usemtl Part10Mtl

f 315/315/315 316/316/316 317/317/317 
f 317/317/317 316/316/316 318/318/318 
f 319/319/319 320/320/320 321/321/321 
f 321/321/321 320/320/320 322/322/322 
f 323/323/323 324/324/324 325/325/325 
f 325/325/325 324/324/324 326/326/326 
f 327/327/327 328/328/328 329/329/329 
f 329/329/329 328/328/328 330/330/330 
f 331/331/331 332/332/332 333/333/333 
f 333/333/333 332/332/332 334/334/334 
f 335/335/335 336/336/336 337/337/337 
f 337/337/337 336/336/336 338/338/338 

g Part12

v 121.372 123.574 -0.372907 
v 121.372 123.574 -0.372907 
v 124.256 123.574 1.51988 
v 121.372 123.574 1.51988 
v 121.372 123.574 -0.372907 
v 121.372 123.094 -0.372907 
v 121.372 123.574 1.51988 
v 121.372 123.094 1.51988 
v 121.372 123.094 -0.372907 
v 121.372 123.094 -0.372907 
v 121.372 123.094 1.51988 
v 124.256 123.094 1.51988 
v 124.256 123.094 1.51988 
v 124.256 123.574 1.51988 
v 121.372 123.094 1.51988 
v 121.372 123.574 1.51988 
v 121.372 123.094 -0.372907 
v 121.372 123.574 -0.372907 
v 124.256 123.094 1.51988 
v 124.256 123.574 1.51988 

vn 0 1 0 
vn 0 1 0 
vn 0 1 0 
vn 0 1 0 
vn -1 0 0 
vn -1 0 0 
vn -1 0 0 
vn -1 0 0 
vn 0 -1 0 
vn 0 -1 0 
vn 0 -1 0 
vn 0 -1 0 
vn 0 0 1 
vn 0 0 1 
vn 0 0 1 
vn 0 0 1 
vn 0.551181 0 -0.834646 
vn 0.551181 0 -0.834646 
vn 0.551181 0 -0.834646 
vn 0.551181 0 -0.834646 

vt 4.25 -0.75 
vt 4.25 -0.75 
vt 4.61049 -0.986599 
vt 4.25 -0.986599 
vt 4.31004 -0.75 
vt 4.25 -0.75 
vt 4.31004 -0.986599 
vt 4.25 -0.986599 
vt 4.61049 -0.75 
vt 4.61049 -0.75 
vt 4.61049 -0.986599 
vt 4.25 -0.986599 
vt 4.31004 -0.75 
vt 4.25 -0.75 
vt 4.31004 -1.11049 
vt 4.25 -1.11049 
vt 4.31004 -0.75 
vt 4.25 -0.75 
vt 4.31004 -1.1812 
vt 4.25 -1.1812 

usemtl Part10Mtl

f 339/339/339 340/340/340 341/341/341 
f 341/341/341 340/340/340 342/342/342 
f 343/343/343 344/344/344 345/345/345 
f 345/345/345 344/344/344 346/346/346 
f 347/347/347 348/348/348 349/349/349 
f 349/349/349 348/348/348 350/350/350 
f 351/351/351 352/352/352 353/353/353 
f 353/353/353 352/352/352 354/354/354 
f 355/355/355 356/356/356 357/357/357 
f 357/357/357 356/356/356 358/358/358 

g Part13

v 126.143 115.68 2.9001 
v 126.143 115.68 2.9001 
v 125.493 116.329 2.9001 
v 125.493 115.68 2.9001 
v 126.143 115.68 2.9001 
v 126.143 115.68 4.2 
v 125.493 115.68 2.9001 
v 125.493 115.68 4.2 
v 126.143 115.68 4.2 
v 126.143 115.68 4.2 
v 125.493 115.68 4.2 
v 125.493 116.329 4.2 
v 125.493 116.329 4.2 
v 125.493 116.329 2.9001 
v 125.493 115.68 4.2 
v 125.493 115.68 2.9001 
v 126.143 115.68 4.2 
v 126.143 115.68 2.9001 
v 125.493 116.329 4.2 
v 125.493 116.329 2.9001 

vn 0 0 -1 
vn 0 0 -1 
vn 0 0 -1 
vn 0 0 -1 
vn 0 -1 0 
vn 0 -1 0 
vn 0 -1 0 
vn 0 -1 0 
vn 0 0 1 
vn 0 0 1 
vn 0 0 1 
vn 0 0 1 
vn -1 0 0 
vn -1 0 0 
vn -1 0 0 
vn -1 0 0 
vn 0.708661 0.708661 0 
vn 0.708661 0.708661 0 
vn 0.708661 0.708661 0 
vn 0.708661 0.708661 0 

vt 3.75 -4.5 
vt 3.75 -4.5 
vt 3.83119 -4.58124 
vt 3.75 -4.58124 
vt 3.91249 -4.5 
vt 3.75 -4.5 
vt 3.91249 -4.58124 
vt 3.75 -4.58124 
vt 3.83119 -4.5 
vt 3.83119 -4.5 
vt 3.83119 -4.58124 
vt 3.75 -4.58124 
vt 3.91249 -4.5 
vt 3.75 -4.5 
vt 3.91249 -4.58119 
vt 3.75 -4.58119 
vt 3.91249 -4.5 
vt 3.75 -4.5 
vt 3.91249 -4.61486 
vt 3.75 -4.61486 

usemtl Part1Mtl

f 359/359/359 360/360/360 361/361/361 
f 361/361/361 360/360/360 362/362/362 
f 363/363/363 364/364/364 365/365/365 
f 365/365/365 364/364/364 366/366/366 
f 367/367/367 368/368/368 369/369/369 
f 369/369/369 368/368/368 370/370/370 
f 371/371/371 372/372/372 373/373/373 
f 373/373/373 372/372/372 374/374/374 
f 375/375/375 376/376/376 377/377/377 
f 377/377/377 376/376/376 378/378/378 

g Part14

v 124.256 123.574 12.0169 
v 124.256 123.574 12.0169 
v 121.372 123.574 13.8854 
v 121.372 123.574 12.0169 
v 124.256 123.574 12.0169 
v 124.256 123.094 12.0169 
v 121.372 123.574 12.0169 
v 121.372 123.094 12.0169 
v 124.256 123.094 12.0169 
v 124.256 123.094 12.0169 
v 121.372 123.094 12.0169 
v 121.372 123.094 13.8854 
v 121.372 123.094 13.8854 
v 121.372 123.574 13.8854 
v 121.372 123.094 12.0169 
v 121.372 123.574 12.0169 
v 124.256 123.094 12.0169 
v 124.256 123.574 12.0169 
v 121.372 123.094 13.8854 
v 121.372 123.574 13.8854 

vn 0 1 0 
vn 0 1 0 
vn 0 1 0 
vn 0 1 0 
vn 0 0 -1 
vn 0 0 -1 
vn 0 0 -1 
vn 0 0 -1 
vn 0 -1 0 
vn 0 -1 0 
vn 0 -1 0 
vn 0 -1 0 
vn -1 0 0 
vn -1 0 0 
vn -1 0 0 
vn -1 0 0 
vn 0.543307 0 0.84252 
vn 0.543307 0 0.84252 
vn 0.543307 0 0.84252 
vn 0.543307 0 0.84252 

vt 2.75 -1.25 
vt 2.75 -1.25 
vt 2.98356 -1.61049 
vt 2.75 -1.61049 
vt 2.81004 -1.25 
vt 2.75 -1.25 
vt 2.81004 -1.61049 
vt 2.75 -1.61049 
vt 2.98356 -1.25 
vt 2.98356 -1.25 
vt 2.98356 -1.61049 
vt 2.75 -1.61049 
vt 2.81004 -1.25 
vt 2.75 -1.25 
vt 2.81004 -1.48356 
vt 2.75 -1.48356 
vt 2.81004 -1.25 
vt 2.75 -1.25 
vt 2.81004 -1.67954 
vt 2.75 -1.67954 

usemtl Part10Mtl

f 379/379/379 380/380/380 381/381/381 
f 381/381/381 380/380/380 382/382/382 
f 383/383/383 384/384/384 385/385/385 
f 385/385/385 384/384/384 386/386/386 
f 387/387/387 388/388/388 389/389/389 
f 389/389/389 388/388/388 390/390/390 
f 391/391/391 392/392/392 393/393/393 
f 393/393/393 392/392/392 394/394/394 
f 395/395/395 396/396/396 397/397/397 
f 397/397/397 396/396/396 398/398/398 

g Part15

v 125.493 115.68 4.2 
v 125.493 115.68 2.9001 
v 125.493 115.029 4.2 
v 125.493 115.029 2.9001 
v 126.143 115.68 2.9001 
v 125.493 115.68 2.9001 
v 126.143 115.68 4.2 
v 125.493 115.68 4.2 
v 125.493 115.68 2.9001 
v 126.143 115.68 2.9001 
v 125.493 115.029 2.9001 
v 126.143 115.029 2.9001 
v 126.143 115.68 2.9001 
v 126.143 115.68 4.2 
v 126.143 115.029 2.9001 
v 126.143 115.029 4.2 
v 126.143 115.029 4.2 
v 125.493 115.029 4.2 
v 126.143 115.029 2.9001 
v 125.493 115.029 2.9001 
v 126.143 115.68 4.2 
v 125.493 115.68 4.2 
v 126.143 115.029 4.2 
v 125.493 115.029 4.2 

vn -1 0 0 
vn -1 0 0 
vn -1 0 0 
vn -1 0 0 
vn 0 1 0 
vn 0 1 0 
vn 0 1 0 
vn 0 1 0 
vn 0 0 -1 
vn 0 0 -1 
vn 0 0 -1 
vn 0 0 -1 
vn 1 0 0 
vn 1 0 0 
vn 1 0 0 
vn 1 0 0 
vn 0 -1 0 
vn 0 -1 0 
vn 0 -1 0 
vn 0 -1 0 
vn 0 0 1 
vn 0 0 1 
vn 0 0 1 
vn 0 0 1 

vt 7.16249 -4.25 
vt 7 -4.25 
vt 7.16249 -4.3313 
vt 7 -4.3313 
vt 7.08124 -4.25 
vt 7 -4.25 
vt 7.08124 -4.41249 
vt 7 -4.41249 
vt 7.08124 -4.25 
vt 7 -4.25 
vt 7.08124 -4.3313 
vt 7 -4.3313 
vt 7.16249 -4.25 
vt 7 -4.25 
vt 7.16249 -4.3313 
vt 7 -4.3313 
vt 7.08124 -4.25 
vt 7 -4.25 
vt 7.08124 -4.41249 
vt 7 -4.41249 
vt 7.08124 -4.25 
vt 7 -4.25 
vt 7.08124 -4.3313 
vt 7 -4.3313 

usemtl Part1Mtl

f 399/399/399 400/400/400 401/401/401 
f 401/401/401 400/400/400 402/402/402 
f 403/403/403 404/404/404 405/405/405 
f 405/405/405 404/404/404 406/406/406 
f 407/407/407 408/408/408 409/409/409 
f 409/409/409 408/408/408 410/410/410 
f 411/411/411 412/412/412 413/413/413 
f 413/413/413 412/412/412 414/414/414 
f 415/415/415 416/416/416 417/417/417 
f 417/417/417 416/416/416 418/418/418 
f 419/419/419 420/420/420 421/421/421 
f 421/421/421 420/420/420 422/422/422 

g Part16

v 123.623 123.824 12.2684 
v 123.623 123.824 12.2684 
v 121.623 123.824 13.2682 
v 121.623 123.824 12.2684 
v 123.623 123.824 12.2684 
v 123.623 122.824 12.2684 
v 121.623 123.824 12.2684 
v 121.623 122.824 12.2684 
v 123.623 122.824 12.2684 
v 123.623 122.824 12.2684 
v 121.623 122.824 12.2684 
v 121.623 122.824 13.2682 
v 121.623 122.824 13.2682 
v 121.623 123.824 13.2682 
v 121.623 122.824 12.2684 
v 121.623 123.824 12.2684 
v 123.623 122.824 12.2684 
v 123.623 123.824 12.2684 
v 121.623 122.824 13.2682 
v 121.623 123.824 13.2682 

vn 0 1 0 
vn 0 1 0 
vn 0 1 0 
vn 0 1 0 
vn 0 0 -1 
vn 0 0 -1 
vn 0 0 -1 
vn 0 0 -1 
vn 0 -1 0 
vn 0 -1 0 
vn 0 -1 0 
vn 0 -1 0 
vn -1 0 0 
vn -1 0 0 
vn -1 0 0 
vn -1 0 0 
vn 0.448819 0 0.897638 
vn 0.448819 0 0.897638 
vn 0.448819 0 0.897638 
vn 0.448819 0 0.897638 

vt 7.25 -6.25 
vt 7.25 -6.25 
vt 7.37498 -6.5 
vt 7.25 -6.5 
vt 7.375 -6.25 
vt 7.25 -6.25 
vt 7.375 -6.5 
vt 7.25 -6.5 
vt 7.37498 -6.25 
vt 7.37498 -6.25 
vt 7.37498 -6.5 
vt 7.25 -6.5 
vt 7.375 -6.25 
vt 7.25 -6.25 
vt 7.375 -6.37498 
vt 7.25 -6.37498 
vt 7.375 -6.25 
vt 7.25 -6.25 
vt 7.375 -6.5295 
vt 7.25 -6.5295 

usemtl Part1Mtl

f 423/423/423 424/424/424 425/425/425 
f 425/425/425 424/424/424 426/426/426 
f 427/427/427 428/428/428 429/429/429 
f 429/429/429 428/428/428 430/430/430 
f 431/431/431 432/432/432 433/433/433 
f 433/433/433 432/432/432 434/434/434 
f 435/435/435 436/436/436 437/437/437 
f 437/437/437 436/436/436 438/438/438 
f 439/439/439 440/440/440 441/441/441 
f 441/441/441 440/440/440 442/442/442 

g Part17

v 122.244 116.329 4.2 
v 122.244 116.329 2.9001 
v 122.244 115.029 4.2 
v 122.244 115.029 2.9001 
v 125.493 116.329 2.9001 
v 122.244 116.329 2.9001 
v 125.493 116.329 4.2 
v 122.244 116.329 4.2 
v 122.244 116.329 2.9001 
v 125.493 116.329 2.9001 
v 122.244 115.029 2.9001 
v 125.493 115.029 2.9001 
v 125.493 116.329 2.9001 
v 125.493 116.329 4.2 
v 125.493 115.029 2.9001 
v 125.493 115.029 4.2 
v 125.493 115.029 4.2 
v 122.244 115.029 4.2 
v 125.493 115.029 2.9001 
v 122.244 115.029 2.9001 
v 125.493 116.329 4.2 
v 122.244 116.329 4.2 
v 125.493 115.029 4.2 
v 122.244 115.029 4.2 

vn -1 0 0 
vn -1 0 0 
vn -1 0 0 
vn -1 0 0 
vn 0 1 0 
vn 0 1 0 
vn 0 1 0 
vn 0 1 0 
vn 0 0 -1 
vn 0 0 -1 
vn 0 0 -1 
vn 0 0 -1 
vn 1 0 0 
vn 1 0 0 
vn 1 0 0 
vn 1 0 0 
vn 0 -1 0 
vn 0 -1 0 
vn 0 -1 0 
vn 0 -1 0 
vn 0 0 1 
vn 0 0 1 
vn 0 0 1 
vn 0 0 1 

vt 3.66249 -2 
vt 3.5 -2 
vt 3.66249 -2.16249 
vt 3.5 -2.16249 
vt 3.90613 -2 
vt 3.5 -2 
vt 3.90613 -2.16249 
vt 3.5 -2.16249 
vt 3.90613 -2 
vt 3.5 -2 
vt 3.90613 -2.16249 
vt 3.5 -2.16249 
vt 3.66249 -2 
vt 3.5 -2 
vt 3.66249 -2.16249 
vt 3.5 -2.16249 
vt 3.90613 -2 
vt 3.5 -2 
vt 3.90613 -2.16249 
vt 3.5 -2.16249 
vt 3.90613 -2 
vt 3.5 -2 
vt 3.90613 -2.16249 
vt 3.5 -2.16249 

usemtl Part1Mtl

f 443/443/443 444/444/444 445/445/445 
f 445/445/445 444/444/444 446/446/446 
f 447/447/447 448/448/448 449/449/449 
f 449/449/449 448/448/448 450/450/450 
f 451/451/451 452/452/452 453/453/453 
f 453/453/453 452/452/452 454/454/454 
f 455/455/455 456/456/456 457/457/457 
f 457/457/457 456/456/456 458/458/458 
f 459/459/459 460/460/460 461/461/461 
f 461/461/461 460/460/460 462/462/462 
f 463/463/463 464/464/464 465/465/465 
f 465/465/465 464/464/464 466/466/466 

g Part18

v 121.623 123.824 12.2683 
v 121.623 123.824 1.26834 
v 121.623 122.824 12.2683 
v 121.623 122.824 1.26834 
v 123.623 123.824 1.26834 
v 121.623 123.824 1.26834 
v 123.623 123.824 12.2683 
v 121.623 123.824 12.2683 
v 121.623 123.824 1.26834 
v 123.623 123.824 1.26834 
v 121.623 122.824 1.26834 
v 123.623 122.824 1.26834 
v 123.623 123.824 1.26834 
v 123.623 123.824 12.2683 
v 123.623 122.824 1.26834 
v 123.623 122.824 12.2683 
v 123.623 122.824 12.2683 
v 121.623 122.824 12.2683 
v 123.623 122.824 1.26834 
v 121.623 122.824 1.26834 
v 123.623 123.824 12.2683 
v 121.623 123.824 12.2683 
v 123.623 122.824 12.2683 
v 121.623 122.824 12.2683 

vn -1 0 0 
vn -1 0 0 
vn -1 0 0 
vn -1 0 0 
vn 0 1 0 
vn 0 1 0 
vn 0 1 0 
vn 0 1 0 
vn 0 0 -1 
vn 0 0 -1 
vn 0 0 -1 
vn 0 0 -1 
vn 1 0 0 
vn 1 0 0 
vn 1 0 0 
vn 1 0 0 
vn 0 -1 0 
vn 0 -1 0 
vn 0 -1 0 
vn 0 -1 0 
vn 0 0 1 
vn 0 0 1 
vn 0 0 1 
vn 0 0 1 

vt 6.625 0.5 
vt 5.25 0.5 
vt 6.625 0.375 
vt 5.25 0.375 
vt 5.5 0.5 
vt 5.25 0.5 
vt 5.5 -0.874998 
vt 5.25 -0.874998 
vt 5.5 0.5 
vt 5.25 0.5 
vt 5.5 0.375 
vt 5.25 0.375 
vt 6.625 0.5 
vt 5.25 0.5 
vt 6.625 0.375 
vt 5.25 0.375 
vt 5.5 0.5 
vt 5.25 0.5 
vt 5.5 -0.874998 
vt 5.25 -0.874998 
vt 5.5 0.5 
vt 5.25 0.5 
vt 5.5 0.375 
vt 5.25 0.375 

usemtl Part1Mtl

f 467/467/467 468/468/468 469/469/469 
f 469/469/469 468/468/468 470/470/470 
f 471/471/471 472/472/472 473/473/473 
f 473/473/473 472/472/472 474/474/474 
f 475/475/475 476/476/476 477/477/477 
f 477/477/477 476/476/476 478/478/478 
f 479/479/479 480/480/480 481/481/481 
f 481/481/481 480/480/480 482/482/482 
f 483/483/483 484/484/484 485/485/485 
f 485/485/485 484/484/484 486/486/486 
f 487/487/487 488/488/488 489/489/489 
f 489/489/489 488/488/488 490/490/490 

g Part19

v 124.193 116.329 2.9001 
v 124.193 116.329 2.9001 
v 123.543 116.979 2.9001 
v 123.543 116.329 2.9001 
v 124.193 116.329 2.9001 
v 124.193 116.329 4.2 
v 123.543 116.329 2.9001 
v 123.543 116.329 4.2 
v 124.193 116.329 4.2 
v 124.193 116.329 4.2 
v 123.543 116.329 4.2 
v 123.543 116.979 4.2 
v 123.543 116.979 4.2 
v 123.543 116.979 2.9001 
v 123.543 116.329 4.2 
v 123.543 116.329 2.9001 
v 124.193 116.329 4.2 
v 124.193 116.329 2.9001 
v 123.543 116.979 4.2 
v 123.543 116.979 2.9001 

vn 0 0 -1 
vn 0 0 -1 
vn 0 0 -1 
vn 0 0 -1 
vn 0 -1 0 
vn 0 -1 0 
vn 0 -1 0 
vn 0 -1 0 
vn 0 0 1 
vn 0 0 1 
vn 0 0 1 
vn 0 0 1 
vn -1 0 0 
vn -1 0 0 
vn -1 0 0 
vn -1 0 0 
vn 0.708661 0.708661 0 
vn 0.708661 0.708661 0 
vn 0.708661 0.708661 0 
vn 0.708661 0.708661 0 

vt 5.75 -2 
vt 5.75 -2 
vt 5.83119 -2.08124 
vt 5.75 -2.08124 
vt 5.91249 -2 
vt 5.75 -2 
vt 5.91249 -2.08124 
vt 5.75 -2.08124 
vt 5.83119 -2 
vt 5.83119 -2 
vt 5.83119 -2.08124 
vt 5.75 -2.08124 
vt 5.91249 -2 
vt 5.75 -2 
vt 5.91249 -2.08119 
vt 5.75 -2.08119 
vt 5.91249 -2 
vt 5.75 -2 
vt 5.91249 -2.11486 
vt 5.75 -2.11486 

usemtl Part1Mtl

f 491/491/491 492/492/492 493/493/493 
f 493/493/493 492/492/492 494/494/494 
f 495/495/495 496/496/496 497/497/497 
f 497/497/497 496/496/496 498/498/498 
f 499/499/499 500/500/500 501/501/501 
f 501/501/501 500/500/500 502/502/502 
f 503/503/503 504/504/504 505/505/505 
f 505/505/505 504/504/504 506/506/506 
f 507/507/507 508/508/508 509/509/509 
f 509/509/509 508/508/508 510/510/510 

g Part20

v 120.512 124.38 12.2683 
v 121.219 124.38 12.9754 
v 121.067 124.38 13.1004 
v 120.828 124.38 13.217 
v 120.512 124.38 13.2683 
v 120.196 124.38 13.217 
v 119.957 124.38 13.1004 
v 119.805 124.38 12.9754 
v 119.805 124.38 12.9754 
v 119.68 124.38 12.823 
v 119.563 124.38 12.5845 
v 119.512 124.38 12.2683 
v 119.563 124.38 11.9521 
v 119.68 124.38 11.7136 
v 119.805 124.38 11.5612 
v 119.805 124.38 11.5612 
v 119.957 124.38 11.4363 
v 120.196 124.38 11.3196 
v 120.512 124.38 11.2683 
v 120.828 124.38 11.3196 
v 121.067 124.38 11.4363 
v 121.219 124.38 11.5612 
v 121.219 124.38 11.5612 
v 121.344 124.38 11.7136 
v 121.461 124.38 11.9521 
v 121.512 124.38 12.2683 
v 121.461 124.38 12.5845 
v 121.344 124.38 12.823 
v 121.219 124.38 12.9754 
v 121.219 123.38 11.5612 
v 121.219 124.38 11.5612 
v 121.344 123.38 11.7136 
v 121.344 124.38 11.7136 
v 121.461 123.38 11.9521 
v 121.461 124.38 11.9521 
v 121.512 123.38 12.2683 
v 121.512 124.38 12.2683 
v 121.461 123.38 12.5845 
v 121.461 124.38 12.5845 
v 121.344 123.38 12.823 
v 121.344 124.38 12.823 
v 121.219 123.38 12.9754 
v 121.219 124.38 12.9754 
v 121.219 124.38 11.5612 
v 121.219 123.38 11.5612 
v 121.067 124.38 11.4363 
v 121.067 123.38 11.4363 
v 120.828 124.38 11.3196 
v 120.828 123.38 11.3196 
v 120.512 124.38 11.2683 
v 120.512 123.38 11.2683 
v 120.196 124.38 11.3196 
v 120.196 123.38 11.3196 
v 119.957 124.38 11.4363 
v 119.957 123.38 11.4363 
v 119.805 124.38 11.5612 
v 119.805 123.38 11.5612 
v 120.512 123.38 12.2683 
v 121.219 123.38 11.5612 
v 121.067 123.38 11.4363 
v 120.828 123.38 11.3196 
v 120.512 123.38 11.2683 
v 120.196 123.38 11.3196 
v 119.957 123.38 11.4363 
v 119.805 123.38 11.5612 
v 119.805 123.38 11.5612 
v 119.68 123.38 11.7136 
v 119.563 123.38 11.9521 
v 119.512 123.38 12.2683 
v 119.563 123.38 12.5845 
v 119.68 123.38 12.823 
v 119.805 123.38 12.9754 
v 119.805 123.38 12.9754 
v 119.957 123.38 13.1004 
v 120.196 123.38 13.217 
v 120.512 123.38 13.2683 
v 120.828 123.38 13.217 
v 121.067 123.38 13.1004 
v 121.219 123.38 12.9754 
v 121.219 123.38 12.9754 
v 121.344 123.38 12.823 
v 121.461 123.38 12.5845 
v 121.512 123.38 12.2683 
v 121.461 123.38 11.9521 
v 121.344 123.38 11.7136 
v 121.219 123.38 11.5612 
v 119.805 123.38 12.9754 
v 119.805 124.38 12.9754 
v 119.68 123.38 12.823 
v 119.68 124.38 12.823 
v 119.563 123.38 12.5845 
v 119.563 124.38 12.5845 
v 119.512 123.38 12.2683 
v 119.512 124.38 12.2683 
v 119.563 123.38 11.9521 
v 119.563 124.38 11.9521 
v 119.68 123.38 11.7136 
v 119.68 124.38 11.7136 
v 119.805 123.38 11.5612 
v 119.805 124.38 11.5612 
v 121.219 123.38 12.9754 
v 121.219 124.38 12.9754 
v 121.067 123.38 13.1004 
v 121.067 124.38 13.1004 
v 120.828 123.38 13.217 
v 120.828 124.38 13.217 
v 120.512 123.38 13.2683 
v 120.512 124.38 13.2683 
v 120.196 123.38 13.217 
v 120.196 124.38 13.217 
v 119.957 123.38 13.1004 
v 119.957 124.38 13.1004 
v 119.805 123.38 12.9754 
v 119.805 124.38 12.9754 

vn 0 1 0 
vn 0 1 0 
vn 0 1 0 
vn 0 1 0 
vn 0 1 0 
vn 0 1 0 
vn 0 1 0 
vn 0 1 0 
vn 0 1 0 
vn 0 1 0 
vn 0 1 0 
vn 0 1 0 
vn 0 1 0 
vn 0 1 0 
vn 0 1 0 
vn 0 1 0 
vn 0 1 0 
vn 0 1 0 
vn 0 1 0 
vn 0 1 0 
vn 0 1 0 
vn 0 1 0 
vn 0 1 0 
vn 0 1 0 
vn 0 1 0 
vn 0 1 0 
vn 0 1 0 
vn 0 1 0 
vn 0 1 0 
vn 0.708661 0 -0.708661 
vn 0.708661 0 -0.708661 
vn 0.834646 0 -0.551181 
vn 0.834646 0 -0.551181 
vn 0.944882 0 -0.314961 
vn 0.944882 0 -0.314961 
vn 1 0 0 
vn 1 0 0 
vn 0.944882 0 0.314961 
vn 0.944882 0 0.314961 
vn 0.834646 0 0.551181 
vn 0.834646 0 0.551181 
vn 0.708661 0 0.708661 
vn 0.708661 0 0.708661 
vn 0.708661 0 -0.708661 
vn 0.708661 0 -0.708661 
vn 0.551181 0 -0.834646 
vn 0.551181 0 -0.834646 
vn 0.314961 0 -0.944882 
vn 0.314961 0 -0.944882 
vn 0 0 -1 
vn 0 0 -1 
vn -0.314961 0 -0.944882 
vn -0.314961 0 -0.944882 
vn -0.551181 0 -0.834646 
vn -0.551181 0 -0.834646 
vn -0.708661 0 -0.708661 
vn -0.708661 0 -0.708661 
vn 0 -1 0 
vn 0 -1 0 
vn 0 -1 0 
vn 0 -1 0 
vn 0 -1 0 
vn 0 -1 0 
vn 0 -1 0 
vn 0 -1 0 
vn 0 -1 0 
vn 0 -1 0 
vn 0 -1 0 
vn 0 -1 0 
vn 0 -1 0 
vn 0 -1 0 
vn 0 -1 0 
vn 0 -1 0 
vn 0 -1 0 
vn 0 -1 0 
vn 0 -1 0 
vn 0 -1 0 
vn 0 -1 0 
vn 0 -1 0 
vn 0 -1 0 
vn 0 -1 0 
vn 0 -1 0 
vn 0 -1 0 
vn 0 -1 0 
vn 0 -1 0 
vn 0 -1 0 
vn -0.708661 0 0.708661 
vn -0.708661 0 0.708661 
vn -0.834646 0 0.551181 
vn -0.834646 0 0.551181 
vn -0.944882 0 0.314961 
vn -0.944882 0 0.314961 
vn -1 0 0 
vn -1 0 0 
vn -0.944882 0 -0.314961 
vn -0.944882 0 -0.314961 
vn -0.834646 0 -0.551181 
vn -0.834646 0 -0.551181 
vn -0.708661 0 -0.708661 
vn -0.708661 0 -0.708661 
vn 0.708661 0 0.708661 
vn 0.708661 0 0.708661 
vn 0.551181 0 0.834646 
vn 0.551181 0 0.834646 
vn 0.314961 0 0.944882 
vn 0.314961 0 0.944882 
vn 0 0 1 
vn 0 0 1 
vn -0.314961 0 0.944882 
vn -0.314961 0 0.944882 
vn -0.551181 0 0.834646 
vn -0.551181 0 0.834646 
vn -0.708661 0 0.708661 
vn -0.708661 0 0.708661 

vt 6.875 -2.375 
vt 6.96339 -2.28661 
vt 6.97901 -2.30566 
vt 6.99359 -2.33547 
vt 7 -2.375 
vt 6.99359 -2.41453 
vt 6.97901 -2.44434 
vt 6.96339 -2.46339 
vt 6.96339 -2.46339 
vt 6.94434 -2.47901 
vt 6.91453 -2.49359 
vt 6.875 -2.5 
vt 6.83547 -2.49359 
vt 6.80566 -2.47901 
vt 6.78661 -2.46339 
vt 6.78661 -2.46339 
vt 6.77099 -2.44434 
vt 6.75641 -2.41453 
vt 6.75 -2.375 
vt 6.75641 -2.33547 
vt 6.77099 -2.30566 
vt 6.78661 -2.28661 
vt 6.78661 -2.28661 
vt 6.80566 -2.27099 
vt 6.83547 -2.25641 
vt 6.875 -2.25 
vt 6.91453 -2.25641 
vt 6.94434 -2.27099 
vt 6.96339 -2.28661 
vt 6.875 -2.25 
vt 6.75 -2.25 
vt 6.875 -2.29167 
vt 6.75 -2.29167 
vt 6.875 -2.33333 
vt 6.75 -2.33333 
vt 6.875 -2.375 
vt 6.75 -2.375 
vt 6.875 -2.41667 
vt 6.75 -2.41667 
vt 6.875 -2.45833 
vt 6.75 -2.45833 
vt 6.875 -2.5 
vt 6.75 -2.5 
vt 6.875 -2.25 
vt 6.75 -2.25 
vt 6.875 -2.29167 
vt 6.75 -2.29167 
vt 6.875 -2.33333 
vt 6.75 -2.33333 
vt 6.875 -2.375 
vt 6.75 -2.375 
vt 6.875 -2.41667 
vt 6.75 -2.41667 
vt 6.875 -2.45833 
vt 6.75 -2.45833 
vt 6.875 -2.5 
vt 6.75 -2.5 
vt 6.875 -2.375 
vt 6.96339 -2.28661 
vt 6.97901 -2.30566 
vt 6.99359 -2.33547 
vt 7 -2.375 
vt 6.99359 -2.41453 
vt 6.97901 -2.44434 
vt 6.96339 -2.46339 
vt 6.96339 -2.46339 
vt 6.94434 -2.47901 
vt 6.91453 -2.49359 
vt 6.875 -2.5 
vt 6.83547 -2.49359 
vt 6.80566 -2.47901 
vt 6.78661 -2.46339 
vt 6.78661 -2.46339 
vt 6.77099 -2.44434 
vt 6.75641 -2.41453 
vt 6.75 -2.375 
vt 6.75641 -2.33547 
vt 6.77099 -2.30566 
vt 6.78661 -2.28661 
vt 6.78661 -2.28661 
vt 6.80566 -2.27099 
vt 6.83547 -2.25641 
vt 6.875 -2.25 
vt 6.91453 -2.25641 
vt 6.94434 -2.27099 
vt 6.96339 -2.28661 
vt 6.875 -2.25 
vt 6.75 -2.25 
vt 6.875 -2.29167 
vt 6.75 -2.29167 
vt 6.875 -2.33333 
vt 6.75 -2.33333 
vt 6.875 -2.375 
vt 6.75 -2.375 
vt 6.875 -2.41667 
vt 6.75 -2.41667 
vt 6.875 -2.45833 
vt 6.75 -2.45833 
vt 6.875 -2.5 
vt 6.75 -2.5 
vt 6.875 -2.25 
vt 6.75 -2.25 
vt 6.875 -2.29167 
vt 6.75 -2.29167 
vt 6.875 -2.33333 
vt 6.75 -2.33333 
vt 6.875 -2.375 
vt 6.75 -2.375 
vt 6.875 -2.41667 
vt 6.75 -2.41667 
vt 6.875 -2.45833 
vt 6.75 -2.45833 
vt 6.875 -2.5 
vt 6.75 -2.5 

usemtl Part1Mtl

f 511/511/511 513/513/513 512/512/512 
f 511/511/511 514/514/514 513/513/513 
f 511/511/511 515/515/515 514/514/514 
f 511/511/511 516/516/516 515/515/515 
f 511/511/511 517/517/517 516/516/516 
f 511/511/511 518/518/518 517/517/517 
f 511/511/511 520/520/520 519/519/519 
f 511/511/511 521/521/521 520/520/520 
f 511/511/511 522/522/522 521/521/521 
f 511/511/511 523/523/523 522/522/522 
f 511/511/511 524/524/524 523/523/523 
f 511/511/511 525/525/525 524/524/524 
f 511/511/511 527/527/527 526/526/526 
f 511/511/511 528/528/528 527/527/527 
f 511/511/511 529/529/529 528/528/528 
f 511/511/511 530/530/530 529/529/529 
f 511/511/511 531/531/531 530/530/530 
f 511/511/511 532/532/532 531/531/531 
f 511/511/511 534/534/534 533/533/533 
f 511/511/511 535/535/535 534/534/534 
f 511/511/511 536/536/536 535/535/535 
f 511/511/511 537/537/537 536/536/536 
f 511/511/511 538/538/538 537/537/537 
f 511/511/511 539/539/539 538/538/538 
f 540/540/540 541/541/541 542/542/542 
f 542/542/542 541/541/541 543/543/543 
f 542/542/542 543/543/543 544/544/544 
f 544/544/544 543/543/543 545/545/545 
f 544/544/544 545/545/545 546/546/546 
f 546/546/546 545/545/545 547/547/547 
f 546/546/546 547/547/547 548/548/548 
f 548/548/548 547/547/547 549/549/549 
f 548/548/548 549/549/549 550/550/550 
f 550/550/550 549/549/549 551/551/551 
f 550/550/550 551/551/551 552/552/552 
f 552/552/552 551/551/551 553/553/553 
f 554/554/554 555/555/555 556/556/556 
f 556/556/556 555/555/555 557/557/557 
f 556/556/556 557/557/557 558/558/558 
f 558/558/558 557/557/557 559/559/559 
f 558/558/558 559/559/559 560/560/560 
f 560/560/560 559/559/559 561/561/561 
f 560/560/560 561/561/561 562/562/562 
f 562/562/562 561/561/561 563/563/563 
f 562/562/562 563/563/563 564/564/564 
f 564/564/564 563/563/563 565/565/565 
f 564/564/564 565/565/565 566/566/566 
f 566/566/566 565/565/565 567/567/567 
f 568/568/568 570/570/570 569/569/569 
f 568/568/568 571/571/571 570/570/570 
f 568/568/568 572/572/572 571/571/571 
f 568/568/568 573/573/573 572/572/572 
f 568/568/568 574/574/574 573/573/573 
f 568/568/568 575/575/575 574/574/574 
f 568/568/568 577/577/577 576/576/576 
f 568/568/568 578/578/578 577/577/577 
f 568/568/568 579/579/579 578/578/578 
f 568/568/568 580/580/580 579/579/579 
f 568/568/568 581/581/581 580/580/580 
f 568/568/568 582/582/582 581/581/581 
f 568/568/568 584/584/584 583/583/583 
f 568/568/568 585/585/585 584/584/584 
f 568/568/568 586/586/586 585/585/585 
f 568/568/568 587/587/587 586/586/586 
f 568/568/568 588/588/588 587/587/587 
f 568/568/568 589/589/589 588/588/588 
f 568/568/568 591/591/591 590/590/590 
f 568/568/568 592/592/592 591/591/591 
f 568/568/568 593/593/593 592/592/592 
f 568/568/568 594/594/594 593/593/593 
f 568/568/568 595/595/595 594/594/594 
f 568/568/568 596/596/596 595/595/595 
f 597/597/597 598/598/598 599/599/599 
f 599/599/599 598/598/598 600/600/600 
f 599/599/599 600/600/600 601/601/601 
f 601/601/601 600/600/600 602/602/602 
f 601/601/601 602/602/602 603/603/603 
f 603/603/603 602/602/602 604/604/604 
f 603/603/603 604/604/604 605/605/605 
f 605/605/605 604/604/604 606/606/606 
f 605/605/605 606/606/606 607/607/607 
f 607/607/607 606/606/606 608/608/608 
f 607/607/607 608/608/608 609/609/609 
f 609/609/609 608/608/608 610/610/610 
f 611/611/611 612/612/612 613/613/613 
f 613/613/613 612/612/612 614/614/614 
f 613/613/613 614/614/614 615/615/615 
f 615/615/615 614/614/614 616/616/616 
f 615/615/615 616/616/616 617/617/617 
f 617/617/617 616/616/616 618/618/618 
f 617/617/617 618/618/618 619/619/619 
f 619/619/619 618/618/618 620/620/620 
f 619/619/619 620/620/620 621/621/621 
f 621/621/621 620/620/620 622/622/622 
f 621/621/621 622/622/622 623/623/623 
f 623/623/623 622/622/622 624/624/624 

g Part21

v 122.244 116.98 4.2 
v 122.244 116.98 2.9001 
v 122.244 116.329 4.2 
v 122.244 116.329 2.9001 
v 123.543 116.98 2.9001 
v 122.244 116.98 2.9001 
v 123.543 116.98 4.2 
v 122.244 116.98 4.2 
v 122.244 116.98 2.9001 
v 123.543 116.98 2.9001 
v 122.244 116.329 2.9001 
v 123.543 116.329 2.9001 
v 123.543 116.98 2.9001 
v 123.543 116.98 4.2 
v 123.543 116.329 2.9001 
v 123.543 116.329 4.2 
v 123.543 116.329 4.2 
v 122.244 116.329 4.2 
v 123.543 116.329 2.9001 
v 122.244 116.329 2.9001 
v 123.543 116.98 4.2 
v 122.244 116.98 4.2 
v 123.543 116.329 4.2 
v 122.244 116.329 4.2 

vn -1 0 0 
vn -1 0 0 
vn -1 0 0 
vn -1 0 0 
vn 0 1 0 
vn 0 1 0 
vn 0 1 0 
vn 0 1 0 
vn 0 0 -1 
vn 0 0 -1 
vn 0 0 -1 
vn 0 0 -1 
vn 1 0 0 
vn 1 0 0 
vn 1 0 0 
vn 1 0 0 
vn 0 -1 0 
vn 0 -1 0 
vn 0 -1 0 
vn 0 -1 0 
vn 0 0 1 
vn 0 0 1 
vn 0 0 1 
vn 0 0 1 

vt 5.91249 -0.5 
vt 5.75 -0.5 
vt 5.91249 -0.581299 
vt 5.75 -0.581299 
vt 5.9124 -0.5 
vt 5.75 -0.5 
vt 5.9124 -0.662489 
vt 5.75 -0.662489 
vt 5.9124 -0.5 
vt 5.75 -0.5 
vt 5.9124 -0.581299 
vt 5.75 -0.581299 
vt 5.91249 -0.5 
vt 5.75 -0.5 
vt 5.91249 -0.581299 
vt 5.75 -0.581299 
vt 5.9124 -0.5 
vt 5.75 -0.5 
vt 5.9124 -0.662489 
vt 5.75 -0.662489 
vt 5.9124 -0.5 
vt 5.75 -0.5 
vt 5.9124 -0.581299 
vt 5.75 -0.581299 

usemtl Part1Mtl

f 625/625/625 626/626/626 627/627/627 
f 627/627/627 626/626/626 628/628/628 
f 629/629/629 630/630/630 631/631/631 
f 631/631/631 630/630/630 632/632/632 
f 633/633/633 634/634/634 635/635/635 
f 635/635/635 634/634/634 636/636/636 
f 637/637/637 638/638/638 639/639/639 
f 639/639/639 638/638/638 640/640/640 
f 641/641/641 642/642/642 643/643/643 
f 643/643/643 642/642/642 644/644/644 
f 645/645/645 646/646/646 647/647/647 
f 647/647/647 646/646/646 648/648/648 

g Part22

v 122.893 117.628 3.62061 
v 123.353 117.628 4.08019 
v 123.254 117.628 4.1614 
v 123.099 117.628 4.2372 
v 122.893 117.628 4.27056 
v 122.688 117.628 4.2372 
v 122.533 117.628 4.1614 
v 122.434 117.628 4.08019 
v 122.434 117.628 4.08019 
v 122.353 117.628 3.98113 
v 122.277 117.628 3.82614 
v 122.244 117.628 3.62061 
v 122.277 117.628 3.41507 
v 122.353 117.628 3.26008 
v 122.434 117.628 3.16102 
v 122.434 117.628 3.16102 
v 122.533 117.628 3.07981 
v 122.688 117.628 3.00401 
v 122.893 117.628 2.97065 
v 123.099 117.628 3.00401 
v 123.254 117.628 3.07981 
v 123.353 117.628 3.16102 
v 123.353 117.628 3.16102 
v 123.434 117.628 3.26008 
v 123.51 117.628 3.41507 
v 123.543 117.628 3.62061 
v 123.51 117.628 3.82614 
v 123.434 117.628 3.98113 
v 123.353 117.628 4.08019 
v 123.353 116.98 3.16102 
v 123.353 117.628 3.16102 
v 123.434 116.98 3.26008 
v 123.434 117.628 3.26008 
v 123.51 116.98 3.41507 
v 123.51 117.628 3.41507 
v 123.543 116.98 3.62061 
v 123.543 117.628 3.62061 
v 123.51 116.98 3.82614 
v 123.51 117.628 3.82614 
v 123.434 116.98 3.98113 
v 123.434 117.628 3.98113 
v 123.353 116.98 4.08019 
v 123.353 117.628 4.08019 
v 123.353 117.628 3.16102 
v 123.353 116.98 3.16102 
v 123.254 117.628 3.07981 
v 123.254 116.98 3.07981 
v 123.099 117.628 3.00401 
v 123.099 116.98 3.00401 
v 122.893 117.628 2.97065 
v 122.893 116.98 2.97065 
v 122.688 117.628 3.00401 
v 122.688 116.98 3.00401 
v 122.533 117.628 3.07981 
v 122.533 116.98 3.07981 
v 122.434 117.628 3.16102 
v 122.434 116.98 3.16102 
v 122.893 116.98 3.62061 
v 123.353 116.98 3.16102 
v 123.254 116.98 3.07981 
v 123.099 116.98 3.00401 
v 122.893 116.98 2.97065 
v 122.688 116.98 3.00401 
v 122.533 116.98 3.07981 
v 122.434 116.98 3.16102 
v 122.434 116.98 3.16102 
v 122.353 116.98 3.26008 
v 122.277 116.98 3.41507 
v 122.244 116.98 3.62061 
v 122.277 116.98 3.82614 
v 122.353 116.98 3.98113 
v 122.434 116.98 4.08019 
v 122.434 116.98 4.08019 
v 122.533 116.98 4.1614 
v 122.688 116.98 4.2372 
v 122.893 116.98 4.27056 
v 123.099 116.98 4.2372 
v 123.254 116.98 4.1614 
v 123.353 116.98 4.08019 
v 123.353 116.98 4.08019 
v 123.434 116.98 3.98113 
v 123.51 116.98 3.82614 
v 123.543 116.98 3.62061 
v 123.51 116.98 3.41507 
v 123.434 116.98 3.26008 
v 123.353 116.98 3.16102 
v 122.434 116.98 4.08019 
v 122.434 117.628 4.08019 
v 122.353 116.98 3.98113 
v 122.353 117.628 3.98113 
v 122.277 116.98 3.82614 
v 122.277 117.628 3.82614 
v 122.244 116.98 3.62061 
v 122.244 117.628 3.62061 
v 122.277 116.98 3.41507 
v 122.277 117.628 3.41507 
v 122.353 116.98 3.26008 
v 122.353 117.628 3.26008 
v 122.434 116.98 3.16102 
v 122.434 117.628 3.16102 
v 123.353 116.98 4.08019 
v 123.353 117.628 4.08019 
v 123.254 116.98 4.1614 
v 123.254 117.628 4.1614 
v 123.099 116.98 4.2372 
v 123.099 117.628 4.2372 
v 122.893 116.98 4.27056 
v 122.893 117.628 4.27056 
v 122.688 116.98 4.2372 
v 122.688 117.628 4.2372 
v 122.533 116.98 4.1614 
v 122.533 117.628 4.1614 
v 122.434 116.98 4.08019 
v 122.434 117.628 4.08019 

vn 0 1 0 
vn 0 1 0 
vn 0 1 0 
vn 0 1 0 
vn 0 1 0 
vn 0 1 0 
vn 0 1 0 
vn 0 1 0 
vn 0 1 0 
vn 0 1 0 
vn 0 1 0 
vn 0 1 0 
vn 0 1 0 
vn 0 1 0 
vn 0 1 0 
vn 0 1 0 
vn 0 1 0 
vn 0 1 0 
vn 0 1 0 
vn 0 1 0 
vn 0 1 0 
vn 0 1 0 
vn 0 1 0 
vn 0 1 0 
vn 0 1 0 
vn 0 1 0 
vn 0 1 0 
vn 0 1 0 
vn 0 1 0 
vn 0.708661 0 -0.708661 
vn 0.708661 0 -0.708661 
vn 0.834646 0 -0.551181 
vn 0.834646 0 -0.551181 
vn 0.944882 0 -0.314961 
vn 0.944882 0 -0.314961 
vn 1 0 0 
vn 1 0 0 
vn 0.944882 0 0.314961 
vn 0.944882 0 0.314961 
vn 0.834646 0 0.551181 
vn 0.834646 0 0.551181 
vn 0.708661 0 0.708661 
vn 0.708661 0 0.708661 
vn 0.708661 0 -0.708661 
vn 0.708661 0 -0.708661 
vn 0.551181 0 -0.834646 
vn 0.551181 0 -0.834646 
vn 0.314961 0 -0.944882 
vn 0.314961 0 -0.944882 
vn 0 0 -1 
vn 0 0 -1 
vn -0.314961 0 -0.944882 
vn -0.314961 0 -0.944882 
vn -0.551181 0 -0.834646 
vn -0.551181 0 -0.834646 
vn -0.708661 0 -0.708661 
vn -0.708661 0 -0.708661 
vn 0 -1 0 
vn 0 -1 0 
vn 0 -1 0 
vn 0 -1 0 
vn 0 -1 0 
vn 0 -1 0 
vn 0 -1 0 
vn 0 -1 0 
vn 0 -1 0 
vn 0 -1 0 
vn 0 -1 0 
vn 0 -1 0 
vn 0 -1 0 
vn 0 -1 0 
vn 0 -1 0 
vn 0 -1 0 
vn 0 -1 0 
vn 0 -1 0 
vn 0 -1 0 
vn 0 -1 0 
vn 0 -1 0 
vn 0 -1 0 
vn 0 -1 0 
vn 0 -1 0 
vn 0 -1 0 
vn 0 -1 0 
vn 0 -1 0 
vn 0 -1 0 
vn 0 -1 0 
vn -0.708661 0 0.708661 
vn -0.708661 0 0.708661 
vn -0.834646 0 0.551181 
vn -0.834646 0 0.551181 
vn -0.944882 0 0.314961 
vn -0.944882 0 0.314961 
vn -1 0 0 
vn -1 0 0 
vn -0.944882 0 -0.314961 
vn -0.944882 0 -0.314961 
vn -0.834646 0 -0.551181 
vn -0.834646 0 -0.551181 
vn -0.708661 0 -0.708661 
vn -0.708661 0 -0.708661 
vn 0.708661 0 0.708661 
vn 0.708661 0 0.708661 
vn 0.551181 0 0.834646 
vn 0.551181 0 0.834646 
vn 0.314961 0 0.944882 
vn 0.314961 0 0.944882 
vn 0 0 1 
vn 0 0 1 
vn -0.314961 0 0.944882 
vn -0.314961 0 0.944882 
vn -0.551181 0 0.834646 
vn -0.551181 0 0.834646 
vn -0.708661 0 0.708661 
vn -0.708661 0 0.708661 

vt 4.83124 0.918756 
vt 4.88869 0.976204 
vt 4.89884 0.963822 
vt 4.90832 0.944447 
vt 4.91249 0.918756 
vt 4.90832 0.893064 
vt 4.89884 0.873689 
vt 4.88869 0.861307 
vt 4.88869 0.861307 
vt 4.87631 0.851156 
vt 4.85694 0.841681 
vt 4.83124 0.837511 
vt 4.80555 0.841681 
vt 4.78618 0.851156 
vt 4.7738 0.861307 
vt 4.7738 0.861307 
vt 4.76365 0.873689 
vt 4.75417 0.893064 
vt 4.75 0.918756 
vt 4.75417 0.944447 
vt 4.76365 0.963822 
vt 4.7738 0.976204 
vt 4.7738 0.976204 
vt 4.78618 0.986355 
vt 4.80555 0.995831 
vt 4.83124 1 
vt 4.85694 0.995831 
vt 4.87631 0.986355 
vt 4.88869 0.976204 
vt 4.83104 1 
vt 4.75 1 
vt 4.83104 0.972919 
vt 4.75 0.972919 
vt 4.83104 0.945837 
vt 4.75 0.945837 
vt 4.83104 0.918756 
vt 4.75 0.918756 
vt 4.83104 0.891674 
vt 4.75 0.891674 
vt 4.83104 0.864593 
vt 4.75 0.864593 
vt 4.83104 0.837511 
vt 4.75 0.837511 
vt 4.83104 1 
vt 4.75 1 
vt 4.83104 0.972919 
vt 4.75 0.972919 
vt 4.83104 0.945837 
vt 4.75 0.945837 
vt 4.83104 0.918756 
vt 4.75 0.918756 
vt 4.83104 0.891674 
vt 4.75 0.891674 
vt 4.83104 0.864593 
vt 4.75 0.864593 
vt 4.83104 0.837511 
vt 4.75 0.837511 
vt 4.83124 0.918756 
vt 4.88869 0.976204 
vt 4.89884 0.963822 
vt 4.90832 0.944447 
vt 4.91249 0.918756 
vt 4.90832 0.893064 
vt 4.89884 0.873689 
vt 4.88869 0.861307 
vt 4.88869 0.861307 
vt 4.87631 0.851156 
vt 4.85694 0.841681 
vt 4.83124 0.837511 
vt 4.80555 0.841681 
vt 4.78618 0.851156 
vt 4.7738 0.861307 
vt 4.7738 0.861307 
vt 4.76365 0.873689 
vt 4.75417 0.893064 
vt 4.75 0.918756 
vt 4.75417 0.944447 
vt 4.76365 0.963822 
vt 4.7738 0.976204 
vt 4.7738 0.976204 
vt 4.78618 0.986355 
vt 4.80555 0.995831 
vt 4.83124 1 
vt 4.85694 0.995831 
vt 4.87631 0.986355 
vt 4.88869 0.976204 
vt 4.83104 1 
vt 4.75 1 
vt 4.83104 0.972919 
vt 4.75 0.972919 
vt 4.83104 0.945837 
vt 4.75 0.945837 
vt 4.83104 0.918756 
vt 4.75 0.918756 
vt 4.83104 0.891674 
vt 4.75 0.891674 
vt 4.83104 0.864593 
vt 4.75 0.864593 
vt 4.83104 0.837511 
vt 4.75 0.837511 
vt 4.83104 1 
vt 4.75 1 
vt 4.83104 0.972919 
vt 4.75 0.972919 
vt 4.83104 0.945837 
vt 4.75 0.945837 
vt 4.83104 0.918756 
vt 4.75 0.918756 
vt 4.83104 0.891674 
vt 4.75 0.891674 
vt 4.83104 0.864593 
vt 4.75 0.864593 
vt 4.83104 0.837511 
vt 4.75 0.837511 

usemtl Part1Mtl

f 649/649/649 651/651/651 650/650/650 
f 649/649/649 652/652/652 651/651/651 
f 649/649/649 653/653/653 652/652/652 
f 649/649/649 654/654/654 653/653/653 
f 649/649/649 655/655/655 654/654/654 
f 649/649/649 656/656/656 655/655/655 
f 649/649/649 658/658/658 657/657/657 
f 649/649/649 659/659/659 658/658/658 
f 649/649/649 660/660/660 659/659/659 
f 649/649/649 661/661/661 660/660/660 
f 649/649/649 662/662/662 661/661/661 
f 649/649/649 663/663/663 662/662/662 
f 649/649/649 665/665/665 664/664/664 
f 649/649/649 666/666/666 665/665/665 
f 649/649/649 667/667/667 666/666/666 
f 649/649/649 668/668/668 667/667/667 
f 649/649/649 669/669/669 668/668/668 
f 649/649/649 670/670/670 669/669/669 
f 649/649/649 672/672/672 671/671/671 
f 649/649/649 673/673/673 672/672/672 
f 649/649/649 674/674/674 673/673/673 
f 649/649/649 675/675/675 674/674/674 
f 649/649/649 676/676/676 675/675/675 
f 649/649/649 677/677/677 676/676/676 
f 678/678/678 679/679/679 680/680/680 
f 680/680/680 679/679/679 681/681/681 
f 680/680/680 681/681/681 682/682/682 
f 682/682/682 681/681/681 683/683/683 
f 682/682/682 683/683/683 684/684/684 
f 684/684/684 683/683/683 685/685/685 
f 684/684/684 685/685/685 686/686/686 
f 686/686/686 685/685/685 687/687/687 
f 686/686/686 687/687/687 688/688/688 
f 688/688/688 687/687/687 689/689/689 
f 688/688/688 689/689/689 690/690/690 
f 690/690/690 689/689/689 691/691/691 
f 692/692/692 693/693/693 694/694/694 
f 694/694/694 693/693/693 695/695/695 
f 694/694/694 695/695/695 696/696/696 
f 696/696/696 695/695/695 697/697/697 
f 696/696/696 697/697/697 698/698/698 
f 698/698/698 697/697/697 699/699/699 
f 698/698/698 699/699/699 700/700/700 
f 700/700/700 699/699/699 701/701/701 
f 700/700/700 701/701/701 702/702/702 
f 702/702/702 701/701/701 703/703/703 
f 702/702/702 703/703/703 704/704/704 
f 704/704/704 703/703/703 705/705/705 
f 706/706/706 708/708/708 707/707/707 
f 706/706/706 709/709/709 708/708/708 
f 706/706/706 710/710/710 709/709/709 
f 706/706/706 711/711/711 710/710/710 
f 706/706/706 712/712/712 711/711/711 
f 706/706/706 713/713/713 712/712/712 
f 706/706/706 715/715/715 714/714/714 
f 706/706/706 716/716/716 715/715/715 
f 706/706/706 717/717/717 716/716/716 
f 706/706/706 718/718/718 717/717/717 
f 706/706/706 719/719/719 718/718/718 
f 706/706/706 720/720/720 719/719/719 
f 706/706/706 722/722/722 721/721/721 
f 706/706/706 723/723/723 722/722/722 
f 706/706/706 724/724/724 723/723/723 
f 706/706/706 725/725/725 724/724/724 
f 706/706/706 726/726/726 725/725/725 
f 706/706/706 727/727/727 726/726/726 
f 706/706/706 729/729/729 728/728/728 
f 706/706/706 730/730/730 729/729/729 
f 706/706/706 731/731/731 730/730/730 
f 706/706/706 732/732/732 731/731/731 
f 706/706/706 733/733/733 732/732/732 
f 706/706/706 734/734/734 733/733/733 
f 735/735/735 736/736/736 737/737/737 
f 737/737/737 736/736/736 738/738/738 
f 737/737/737 738/738/738 739/739/739 
f 739/739/739 738/738/738 740/740/740 
f 739/739/739 740/740/740 741/741/741 
f 741/741/741 740/740/740 742/742/742 
f 741/741/741 742/742/742 743/743/743 
f 743/743/743 742/742/742 744/744/744 
f 743/743/743 744/744/744 745/745/745 
f 745/745/745 744/744/744 746/746/746 
f 745/745/745 746/746/746 747/747/747 
f 747/747/747 746/746/746 748/748/748 
f 749/749/749 750/750/750 751/751/751 
f 751/751/751 750/750/750 752/752/752 
f 751/751/751 752/752/752 753/753/753 
f 753/753/753 752/752/752 754/754/754 
f 753/753/753 754/754/754 755/755/755 
f 755/755/755 754/754/754 756/756/756 
f 755/755/755 756/756/756 757/757/757 
f 757/757/757 756/756/756 758/758/758 
f 757/757/757 758/758/758 759/759/759 
f 759/759/759 758/758/758 760/760/760 
f 759/759/759 760/760/760 761/761/761 
f 761/761/761 760/760/760 762/762/762 

g Part23

v 121.593 122.176 4.20013 
v 121.593 115.68 4.20013 
v 122.244 122.176 4.20013 
v 122.244 115.68 4.20013 
v 121.593 115.68 2.90094 
v 121.593 115.68 4.20013 
v 121.593 122.176 2.90094 
v 121.593 122.176 4.20013 
v 121.593 115.68 4.20013 
v 121.593 115.68 2.90094 
v 122.244 115.68 4.20013 
v 122.244 115.68 2.90094 
v 121.593 115.68 2.90094 
v 121.593 122.176 2.90094 
v 122.244 115.68 2.90094 
v 122.244 122.176 2.90094 
v 122.244 122.176 2.90094 
v 122.244 122.176 4.20013 
v 122.244 115.68 2.90094 
v 122.244 115.68 4.20013 
v 121.593 122.176 2.90094 
v 121.593 122.176 4.20013 
v 122.244 122.176 2.90094 
v 122.244 122.176 4.20013 

vn 0 0 1 
vn 0 0 1 
vn 0 0 1 
vn 0 0 1 
vn -1 0 0 
vn -1 0 0 
vn -1 0 0 
vn -1 0 0 
vn 0 -1 0 
vn 0 -1 0 
vn 0 -1 0 
vn 0 -1 0 
vn 0 0 -1 
vn 0 0 -1 
vn 0 0 -1 
vn 0 0 -1 
vn 1 0 0 
vn 1 0 0 
vn 1 0 0 
vn 1 0 0 
vn 0 1 0 
vn 0 1 0 
vn 0 1 0 
vn 0 1 0 

vt 5.06203 -5.25 
vt 4.25 -5.25 
vt 5.06203 -5.3313 
vt 4.25 -5.3313 
vt 4.4124 -5.25 
vt 4.25 -5.25 
vt 4.4124 -6.06203 
vt 4.25 -6.06203 
vt 4.4124 -5.25 
vt 4.25 -5.25 
vt 4.4124 -5.3313 
vt 4.25 -5.3313 
vt 5.06203 -5.25 
vt 4.25 -5.25 
vt 5.06203 -5.3313 
vt 4.25 -5.3313 
vt 4.4124 -5.25 
vt 4.25 -5.25 
vt 4.4124 -6.06203 
vt 4.25 -6.06203 
vt 4.4124 -5.25 
vt 4.25 -5.25 
vt 4.4124 -5.3313 
vt 4.25 -5.3313 

usemtl Part1Mtl

f 763/763/763 764/764/764 765/765/765 
f 765/765/765 764/764/764 766/766/766 
f 767/767/767 768/768/768 769/769/769 
f 769/769/769 768/768/768 770/770/770 
f 771/771/771 772/772/772 773/773/773 
f 773/773/773 772/772/772 774/774/774 
f 775/775/775 776/776/776 777/777/777 
f 777/777/777 776/776/776 778/778/778 
f 779/779/779 780/780/780 781/781/781 
f 781/781/781 780/780/780 782/782/782 
f 783/783/783 784/784/784 785/785/785 
f 785/785/785 784/784/784 786/786/786 

g Part24

v 109.623 124.324 1.37964 
v 110.331 124.324 2.08674 
v 110.178 124.324 2.21169 
v 109.94 124.324 2.32832 
v 109.623 124.324 2.37964 
v 109.307 124.324 2.32832 
v 109.069 124.324 2.21169 
v 108.916 124.324 2.08674 
v 108.916 124.324 2.08674 
v 108.791 124.324 1.93434 
v 108.675 124.324 1.69587 
v 108.623 124.324 1.37964 
v 108.675 124.324 1.06341 
v 108.791 124.324 0.82494 
v 108.916 124.324 0.672534 
v 108.916 124.324 0.672534 
v 109.069 124.324 0.547591 
v 109.307 124.324 0.430959 
v 109.623 124.324 0.379642 
v 109.94 124.324 0.430959 
v 110.178 124.324 0.547591 
v 110.331 124.324 0.672534 
v 110.331 124.324 0.672534 
v 110.456 124.324 0.82494 
v 110.572 124.324 1.06341 
v 110.623 124.324 1.37964 
v 110.572 124.324 1.69587 
v 110.456 124.324 1.93434 
v 110.331 124.324 2.08674 
v 110.331 123.324 0.672534 
v 110.331 124.324 0.672534 
v 110.456 123.324 0.82494 
v 110.456 124.324 0.82494 
v 110.572 123.324 1.06341 
v 110.572 124.324 1.06341 
v 110.623 123.324 1.37964 
v 110.623 124.324 1.37964 
v 110.572 123.324 1.69587 
v 110.572 124.324 1.69587 
v 110.456 123.324 1.93434 
v 110.456 124.324 1.93434 
v 110.331 123.324 2.08674 
v 110.331 124.324 2.08674 
v 110.331 124.324 0.672534 
v 110.331 123.324 0.672534 
v 110.178 124.324 0.547591 
v 110.178 123.324 0.547591 
v 109.94 124.324 0.430959 
v 109.94 123.324 0.430959 
v 109.623 124.324 0.379642 
v 109.623 123.324 0.379642 
v 109.307 124.324 0.430959 
v 109.307 123.324 0.430959 
v 109.069 124.324 0.547591 
v 109.069 123.324 0.547591 
v 108.916 124.324 0.672534 
v 108.916 123.324 0.672534 
v 109.623 123.324 1.37964 
v 110.331 123.324 0.672534 
v 110.178 123.324 0.547591 
v 109.94 123.324 0.430959 
v 109.623 123.324 0.379642 
v 109.307 123.324 0.430959 
v 109.069 123.324 0.547591 
v 108.916 123.324 0.672534 
v 108.916 123.324 0.672534 
v 108.791 123.324 0.82494 
v 108.675 123.324 1.06341 
v 108.623 123.324 1.37964 
v 108.675 123.324 1.69587 
v 108.791 123.324 1.93434 
v 108.916 123.324 2.08674 
v 108.916 123.324 2.08674 
v 109.069 123.324 2.21169 
v 109.307 123.324 2.32832 
v 109.623 123.324 2.37964 
v 109.94 123.324 2.32832 
v 110.178 123.324 2.21169 
v 110.331 123.324 2.08674 
v 110.331 123.324 2.08674 
v 110.456 123.324 1.93434 
v 110.572 123.324 1.69587 
v 110.623 123.324 1.37964 
v 110.572 123.324 1.06341 
v 110.456 123.324 0.82494 
v 110.331 123.324 0.672534 
v 108.916 123.324 2.08674 
v 108.916 124.324 2.08674 
v 108.791 123.324 1.93434 
v 108.791 124.324 1.93434 
v 108.675 123.324 1.69587 
v 108.675 124.324 1.69587 
v 108.623 123.324 1.37964 
v 108.623 124.324 1.37964 
v 108.675 123.324 1.06341 
v 108.675 124.324 1.06341 
v 108.791 123.324 0.82494 
v 108.791 124.324 0.82494 
v 108.916 123.324 0.672534 
v 108.916 124.324 0.672534 
v 110.331 123.324 2.08674 
v 110.331 124.324 2.08674 
v 110.178 123.324 2.21169 
v 110.178 124.324 2.21169 
v 109.94 123.324 2.32832 
v 109.94 124.324 2.32832 
v 109.623 123.324 2.37964 
v 109.623 124.324 2.37964 
v 109.307 123.324 2.32832 
v 109.307 124.324 2.32832 
v 109.069 123.324 2.21169 
v 109.069 124.324 2.21169 
v 108.916 123.324 2.08674 
v 108.916 124.324 2.08674 

vn 0 1 0 
vn 0 1 0 
vn 0 1 0 
vn 0 1 0 
vn 0 1 0 
vn 0 1 0 
vn 0 1 0 
vn 0 1 0 
vn 0 1 0 
vn 0 1 0 
vn 0 1 0 
vn 0 1 0 
vn 0 1 0 
vn 0 1 0 
vn 0 1 0 
vn 0 1 0 
vn 0 1 0 
vn 0 1 0 
vn 0 1 0 
vn 0 1 0 
vn 0 1 0 
vn 0 1 0 
vn 0 1 0 
vn 0 1 0 
vn 0 1 0 
vn 0 1 0 
vn 0 1 0 
vn 0 1 0 
vn 0 1 0 
vn 0.708661 0 -0.708661 
vn 0.708661 0 -0.708661 
vn 0.834646 0 -0.551181 
vn 0.834646 0 -0.551181 
vn 0.944882 0 -0.314961 
vn 0.944882 0 -0.314961 
vn 1 0 0 
vn 1 0 0 
vn 0.944882 0 0.314961 
vn 0.944882 0 0.314961 
vn 0.834646 0 0.551181 
vn 0.834646 0 0.551181 
vn 0.708661 0 0.708661 
vn 0.708661 0 0.708661 
vn 0.708661 0 -0.708661 
vn 0.708661 0 -0.708661 
vn 0.551181 0 -0.834646 
vn 0.551181 0 -0.834646 
vn 0.314961 0 -0.944882 
vn 0.314961 0 -0.944882 
vn 0 0 -1 
vn 0 0 -1 
vn -0.314961 0 -0.944882 
vn -0.314961 0 -0.944882 
vn -0.551181 0 -0.834646 
vn -0.551181 0 -0.834646 
vn -0.708661 0 -0.708661 
vn -0.708661 0 -0.708661 
vn 0 -1 0 
vn 0 -1 0 
vn 0 -1 0 
vn 0 -1 0 
vn 0 -1 0 
vn 0 -1 0 
vn 0 -1 0 
vn 0 -1 0 
vn 0 -1 0 
vn 0 -1 0 
vn 0 -1 0 
vn 0 -1 0 
vn 0 -1 0 
vn 0 -1 0 
vn 0 -1 0 
vn 0 -1 0 
vn 0 -1 0 
vn 0 -1 0 
vn 0 -1 0 
vn 0 -1 0 
vn 0 -1 0 
vn 0 -1 0 
vn 0 -1 0 
vn 0 -1 0 
vn 0 -1 0 
vn 0 -1 0 
vn 0 -1 0 
vn 0 -1 0 
vn 0 -1 0 
vn -0.708661 0 0.708661 
vn -0.708661 0 0.708661 
vn -0.834646 0 0.551181 
vn -0.834646 0 0.551181 
vn -0.944882 0 0.314961 
vn -0.944882 0 0.314961 
vn -1 0 0 
vn -1 0 0 
vn -0.944882 0 -0.314961 
vn -0.944882 0 -0.314961 
vn -0.834646 0 -0.551181 
vn -0.834646 0 -0.551181 
vn -0.708661 0 -0.708661 
vn -0.708661 0 -0.708661 
vn 0.708661 0 0.708661 
vn 0.708661 0 0.708661 
vn 0.551181 0 0.834646 
vn 0.551181 0 0.834646 
vn 0.314961 0 0.944882 
vn 0.314961 0 0.944882 
vn 0 0 1 
vn 0 0 1 
vn -0.314961 0 0.944882 
vn -0.314961 0 0.944882 
vn -0.551181 0 0.834646 
vn -0.551181 0 0.834646 
vn -0.708661 0 0.708661 
vn -0.708661 0 0.708661 

vt 4.125 -6.875 
vt 4.21339 -6.78661 
vt 4.22901 -6.80566 
vt 4.24359 -6.83547 
vt 4.25 -6.875 
vt 4.24359 -6.91453 
vt 4.22901 -6.94434 
vt 4.21339 -6.96339 
vt 4.21339 -6.96339 
vt 4.19434 -6.97901 
vt 4.16453 -6.99359 
vt 4.125 -7 
vt 4.08547 -6.99359 
vt 4.05566 -6.97901 
vt 4.03661 -6.96339 
vt 4.03661 -6.96339 
vt 4.02099 -6.94434 
vt 4.00641 -6.91453 
vt 4 -6.875 
vt 4.00641 -6.83547 
vt 4.02099 -6.80566 
vt 4.03661 -6.78661 
vt 4.03661 -6.78661 
vt 4.05566 -6.77099 
vt 4.08547 -6.75641 
vt 4.125 -6.75 
vt 4.16453 -6.75641 
vt 4.19434 -6.77099 
vt 4.21339 -6.78661 
vt 4.125 -6.75 
vt 4 -6.75 
vt 4.125 -6.79167 
vt 4 -6.79167 
vt 4.125 -6.83333 
vt 4 -6.83333 
vt 4.125 -6.875 
vt 4 -6.875 
vt 4.125 -6.91667 
vt 4 -6.91667 
vt 4.125 -6.95833 
vt 4 -6.95833 
vt 4.125 -7 
vt 4 -7 
vt 4.125 -6.75 
vt 4 -6.75 
vt 4.125 -6.79167 
vt 4 -6.79167 
vt 4.125 -6.83333 
vt 4 -6.83333 
vt 4.125 -6.875 
vt 4 -6.875 
vt 4.125 -6.91667 
vt 4 -6.91667 
vt 4.125 -6.95833 
vt 4 -6.95833 
vt 4.125 -7 
vt 4 -7 
vt 4.125 -6.875 
vt 4.21339 -6.78661 
vt 4.22901 -6.80566 
vt 4.24359 -6.83547 
vt 4.25 -6.875 
vt 4.24359 -6.91453 
vt 4.22901 -6.94434 
vt 4.21339 -6.96339 
vt 4.21339 -6.96339 
vt 4.19434 -6.97901 
vt 4.16453 -6.99359 
vt 4.125 -7 
vt 4.08547 -6.99359 
vt 4.05566 -6.97901 
vt 4.03661 -6.96339 
vt 4.03661 -6.96339 
vt 4.02099 -6.94434 
vt 4.00641 -6.91453 
vt 4 -6.875 
vt 4.00641 -6.83547 
vt 4.02099 -6.80566 
vt 4.03661 -6.78661 
vt 4.03661 -6.78661 
vt 4.05566 -6.77099 
vt 4.08547 -6.75641 
vt 4.125 -6.75 
vt 4.16453 -6.75641 
vt 4.19434 -6.77099 
vt 4.21339 -6.78661 
vt 4.125 -6.75 
vt 4 -6.75 
vt 4.125 -6.79167 
vt 4 -6.79167 
vt 4.125 -6.83333 
vt 4 -6.83333 
vt 4.125 -6.875 
vt 4 -6.875 
vt 4.125 -6.91667 
vt 4 -6.91667 
vt 4.125 -6.95833 
vt 4 -6.95833 
vt 4.125 -7 
vt 4 -7 
vt 4.125 -6.75 
vt 4 -6.75 
vt 4.125 -6.79167 
vt 4 -6.79167 
vt 4.125 -6.83333 
vt 4 -6.83333 
vt 4.125 -6.875 
vt 4 -6.875 
vt 4.125 -6.91667 
vt 4 -6.91667 
vt 4.125 -6.95833 
vt 4 -6.95833 
vt 4.125 -7 
vt 4 -7 

usemtl Part1Mtl

f 787/787/787 789/789/789 788/788/788 
f 787/787/787 790/790/790 789/789/789 
f 787/787/787 791/791/791 790/790/790 
f 787/787/787 792/792/792 791/791/791 
f 787/787/787 793/793/793 792/792/792 
f 787/787/787 794/794/794 793/793/793 
f 787/787/787 796/796/796 795/795/795 
f 787/787/787 797/797/797 796/796/796 
f 787/787/787 798/798/798 797/797/797 
f 787/787/787 799/799/799 798/798/798 
f 787/787/787 800/800/800 799/799/799 
f 787/787/787 801/801/801 800/800/800 
f 787/787/787 803/803/803 802/802/802 
f 787/787/787 804/804/804 803/803/803 
f 787/787/787 805/805/805 804/804/804 
f 787/787/787 806/806/806 805/805/805 
f 787/787/787 807/807/807 806/806/806 
f 787/787/787 808/808/808 807/807/807 
f 787/787/787 810/810/810 809/809/809 
f 787/787/787 811/811/811 810/810/810 
f 787/787/787 812/812/812 811/811/811 
f 787/787/787 813/813/813 812/812/812 
f 787/787/787 814/814/814 813/813/813 
f 787/787/787 815/815/815 814/814/814 
f 816/816/816 817/817/817 818/818/818 
f 818/818/818 817/817/817 819/819/819 
f 818/818/818 819/819/819 820/820/820 
f 820/820/820 819/819/819 821/821/821 
f 820/820/820 821/821/821 822/822/822 
f 822/822/822 821/821/821 823/823/823 
f 822/822/822 823/823/823 824/824/824 
f 824/824/824 823/823/823 825/825/825 
f 824/824/824 825/825/825 826/826/826 
f 826/826/826 825/825/825 827/827/827 
f 826/826/826 827/827/827 828/828/828 
f 828/828/828 827/827/827 829/829/829 
f 830/830/830 831/831/831 832/832/832 
f 832/832/832 831/831/831 833/833/833 
f 832/832/832 833/833/833 834/834/834 
f 834/834/834 833/833/833 835/835/835 
f 834/834/834 835/835/835 836/836/836 
f 836/836/836 835/835/835 837/837/837 
f 836/836/836 837/837/837 838/838/838 
f 838/838/838 837/837/837 839/839/839 
f 838/838/838 839/839/839 840/840/840 
f 840/840/840 839/839/839 841/841/841 
f 840/840/840 841/841/841 842/842/842 
f 842/842/842 841/841/841 843/843/843 
f 844/844/844 846/846/846 845/845/845 
f 844/844/844 847/847/847 846/846/846 
f 844/844/844 848/848/848 847/847/847 
f 844/844/844 849/849/849 848/848/848 
f 844/844/844 850/850/850 849/849/849 
f 844/844/844 851/851/851 850/850/850 
f 844/844/844 853/853/853 852/852/852 
f 844/844/844 854/854/854 853/853/853 
f 844/844/844 855/855/855 854/854/854 
f 844/844/844 856/856/856 855/855/855 
f 844/844/844 857/857/857 856/856/856 
f 844/844/844 858/858/858 857/857/857 
f 844/844/844 860/860/860 859/859/859 
f 844/844/844 861/861/861 860/860/860 
f 844/844/844 862/862/862 861/861/861 
f 844/844/844 863/863/863 862/862/862 
f 844/844/844 864/864/864 863/863/863 
f 844/844/844 865/865/865 864/864/864 
f 844/844/844 867/867/867 866/866/866 
f 844/844/844 868/868/868 867/867/867 
f 844/844/844 869/869/869 868/868/868 
f 844/844/844 870/870/870 869/869/869 
f 844/844/844 871/871/871 870/870/870 
f 844/844/844 872/872/872 871/871/871 
f 873/873/873 874/874/874 875/875/875 
f 875/875/875 874/874/874 876/876/876 
f 875/875/875 876/876/876 877/877/877 
f 877/877/877 876/876/876 878/878/878 
f 877/877/877 878/878/878 879/879/879 
f 879/879/879 878/878/878 880/880/880 
f 879/879/879 880/880/880 881/881/881 
f 881/881/881 880/880/880 882/882/882 
f 881/881/881 882/882/882 883/883/883 
f 883/883/883 882/882/882 884/884/884 
f 883/883/883 884/884/884 885/885/885 
f 885/885/885 884/884/884 886/886/886 
f 887/887/887 888/888/888 889/889/889 
f 889/889/889 888/888/888 890/890/890 
f 889/889/889 890/890/890 891/891/891 
f 891/891/891 890/890/890 892/892/892 
f 891/891/891 892/892/892 893/893/893 
f 893/893/893 892/892/892 894/894/894 
f 893/893/893 894/894/894 895/895/895 
f 895/895/895 894/894/894 896/896/896 
f 895/895/895 896/896/896 897/897/897 
f 897/897/897 896/896/896 898/898/898 
f 897/897/897 898/898/898 899/899/899 
f 899/899/899 898/898/898 900/900/900 

g Part25

v 110.293 122.823 2.25218 
v 110.293 115.79 2.25218 
v 120.943 122.823 2.25218 
v 120.943 115.79 2.25218 
v 110.293 115.79 1.60329 
v 110.293 115.79 2.25218 
v 110.293 122.823 1.60329 
v 110.293 122.823 2.25218 
v 110.293 115.79 2.25218 
v 110.293 115.79 1.60329 
v 120.943 115.79 2.25218 
v 120.943 115.79 1.60329 
v 110.293 115.79 1.60329 
v 110.293 122.823 1.60329 
v 120.943 115.79 1.60329 
v 120.943 122.823 1.60329 
v 120.943 122.823 1.60329 
v 120.943 122.823 2.25218 
v 120.943 115.79 1.60329 
v 120.943 115.79 2.25218 
v 110.293 122.823 1.60329 
v 110.293 122.823 2.25218 
v 120.943 122.823 1.60329 
v 120.943 122.823 2.25218 

vn 0 0 1 
vn 0 0 1 
vn 0 0 1 
vn 0 0 1 
vn -1 0 0 
vn -1 0 0 
vn -1 0 0 
vn -1 0 0 
vn 0 -1 0 
vn 0 -1 0 
vn 0 -1 0 
vn 0 -1 0 
vn 0 0 -1 
vn 0 0 -1 
vn 0 0 -1 
vn 0 0 -1 
vn 1 0 0 
vn 1 0 0 
vn 1 0 0 
vn 1 0 0 
vn 0 1 0 
vn 0 1 0 
vn 0 1 0 
vn 0 1 0 

vt 0.879216 0.5 
vt 0 0.5 
vt 0.879216 -0.831299 
vt 0 -0.831299 
vt 0.0811109 0.5 
vt 0 0.5 
vt 0.0811109 -0.379216 
vt 0 -0.379216 
vt 0.0811109 0.5 
vt 0 0.5 
vt 0.0811109 -0.831299 
vt 0 -0.831299 
vt 0.879216 0.5 
vt 0 0.5 
vt 0.879216 -0.831299 
vt 0 -0.831299 
vt 0.0811109 0.5 
vt 0 0.5 
vt 0.0811109 -0.379216 
vt 0 -0.379216 
vt 0.0811109 0.5 
vt 0 0.5 
vt 0.0811109 -0.831299 
vt 0 -0.831299 

usemtl Part1Mtl

f 901/901/901 902/902/902 903/903/903 
f 903/903/903 902/902/902 904/904/904 
f 905/905/905 906/906/906 907/907/907 
f 907/907/907 906/906/906 908/908/908 
f 909/909/909 910/910/910 911/911/911 
f 911/911/911 910/910/910 912/912/912 
f 913/913/913 914/914/914 915/915/915 
f 915/915/915 914/914/914 916/916/916 
f 917/917/917 918/918/918 919/919/919 
f 919/919/919 918/918/918 920/920/920 
f 921/921/921 922/922/922 923/923/923 
f 923/923/923 922/922/922 924/924/924 

g Part26

v 124.193 116.329 9.47041 
v 124.193 116.329 9.47041 
v 123.543 116.978 9.47041 
v 123.543 116.329 9.47041 
v 124.193 116.329 9.47041 
v 124.193 116.329 10.7703 
v 123.543 116.329 9.47041 
v 123.543 116.329 10.7703 
v 124.193 116.329 10.7703 
v 124.193 116.329 10.7703 
v 123.543 116.329 10.7703 
v 123.543 116.978 10.7703 
v 123.543 116.978 10.7703 
v 123.543 116.978 9.47041 
v 123.543 116.329 10.7703 
v 123.543 116.329 9.47041 
v 124.193 116.329 10.7703 
v 124.193 116.329 9.47041 
v 123.543 116.978 10.7703 
v 123.543 116.978 9.47041 

vn 0 0 -1 
vn 0 0 -1 
vn 0 0 -1 
vn 0 0 -1 
vn 0 -1 0 
vn 0 -1 0 
vn 0 -1 0 
vn 0 -1 0 
vn 0 0 1 
vn 0 0 1 
vn 0 0 1 
vn 0 0 1 
vn -1 0 0 
vn -1 0 0 
vn -1 0 0 
vn -1 0 0 
vn 0.708661 0.708661 0 
vn 0.708661 0.708661 0 
vn 0.708661 0.708661 0 
vn 0.708661 0.708661 0 

vt 1.75 -4.5 
vt 1.75 -4.5 
vt 1.83119 -4.58124 
vt 1.75 -4.58124 
vt 1.91249 -4.5 
vt 1.75 -4.5 
vt 1.91249 -4.58124 
vt 1.75 -4.58124 
vt 1.83119 -4.5 
vt 1.83119 -4.5 
vt 1.83119 -4.58124 
vt 1.75 -4.58124 
vt 1.91249 -4.5 
vt 1.75 -4.5 
vt 1.91249 -4.58119 
vt 1.75 -4.58119 
vt 1.91249 -4.5 
vt 1.75 -4.5 
vt 1.91249 -4.61486 
vt 1.75 -4.61486 

usemtl Part1Mtl

f 925/925/925 926/926/926 927/927/927 
f 927/927/927 926/926/926 928/928/928 
f 929/929/929 930/930/930 931/931/931 
f 931/931/931 930/930/930 932/932/932 
f 933/933/933 934/934/934 935/935/935 
f 935/935/935 934/934/934 936/936/936 
f 937/937/937 938/938/938 939/939/939 
f 939/939/939 938/938/938 940/940/940 
f 941/941/941 942/942/942 943/943/943 
f 943/943/943 942/942/942 944/944/944 

g Part27

v 122.893 117.627 10.1907 
v 123.353 117.627 10.6503 
v 123.254 117.627 10.7315 
v 123.099 117.627 10.8073 
v 122.893 117.627 10.8406 
v 122.688 117.627 10.8073 
v 122.533 117.627 10.7315 
v 122.434 117.627 10.6503 
v 122.434 117.627 10.6503 
v 122.353 117.627 10.5512 
v 122.277 117.627 10.3962 
v 122.244 117.627 10.1907 
v 122.277 117.627 9.98514 
v 122.353 117.627 9.83014 
v 122.434 117.627 9.73109 
v 122.434 117.627 9.73109 
v 122.533 117.627 9.64988 
v 122.688 117.627 9.57407 
v 122.893 117.627 9.54072 
v 123.099 117.627 9.57407 
v 123.254 117.627 9.64988 
v 123.353 117.627 9.73109 
v 123.353 117.627 9.73109 
v 123.434 117.627 9.83014 
v 123.51 117.627 9.98514 
v 123.543 117.627 10.1907 
v 123.51 117.627 10.3962 
v 123.434 117.627 10.5512 
v 123.353 117.627 10.6503 
v 123.353 116.979 9.73109 
v 123.353 117.627 9.73109 
v 123.434 116.979 9.83014 
v 123.434 117.627 9.83014 
v 123.51 116.979 9.98514 
v 123.51 117.627 9.98514 
v 123.543 116.979 10.1907 
v 123.543 117.627 10.1907 
v 123.51 116.979 10.3962 
v 123.51 117.627 10.3962 
v 123.434 116.979 10.5512 
v 123.434 117.627 10.5512 
v 123.353 116.979 10.6503 
v 123.353 117.627 10.6503 
v 123.353 117.627 9.73109 
v 123.353 116.979 9.73109 
v 123.254 117.627 9.64988 
v 123.254 116.979 9.64988 
v 123.099 117.627 9.57407 
v 123.099 116.979 9.57407 
v 122.893 117.627 9.54072 
v 122.893 116.979 9.54072 
v 122.688 117.627 9.57407 
v 122.688 116.979 9.57407 
v 122.533 117.627 9.64988 
v 122.533 116.979 9.64988 
v 122.434 117.627 9.73109 
v 122.434 116.979 9.73109 
v 122.893 116.979 10.1907 
v 123.353 116.979 9.73109 
v 123.254 116.979 9.64988 
v 123.099 116.979 9.57407 
v 122.893 116.979 9.54072 
v 122.688 116.979 9.57407 
v 122.533 116.979 9.64988 
v 122.434 116.979 9.73109 
v 122.434 116.979 9.73109 
v 122.353 116.979 9.83014 
v 122.277 116.979 9.98514 
v 122.244 116.979 10.1907 
v 122.277 116.979 10.3962 
v 122.353 116.979 10.5512 
v 122.434 116.979 10.6503 
v 122.434 116.979 10.6503 
v 122.533 116.979 10.7315 
v 122.688 116.979 10.8073 
v 122.893 116.979 10.8406 
v 123.099 116.979 10.8073 
v 123.254 116.979 10.7315 
v 123.353 116.979 10.6503 
v 123.353 116.979 10.6503 
v 123.434 116.979 10.5512 
v 123.51 116.979 10.3962 
v 123.543 116.979 10.1907 
v 123.51 116.979 9.98514 
v 123.434 116.979 9.83014 
v 123.353 116.979 9.73109 
v 122.434 116.979 10.6503 
v 122.434 117.627 10.6503 
v 122.353 116.979 10.5512 
v 122.353 117.627 10.5512 
v 122.277 116.979 10.3962 
v 122.277 117.627 10.3962 
v 122.244 116.979 10.1907 
v 122.244 117.627 10.1907 
v 122.277 116.979 9.98514 
v 122.277 117.627 9.98514 
v 122.353 116.979 9.83014 
v 122.353 117.627 9.83014 
v 122.434 116.979 9.73109 
v 122.434 117.627 9.73109 
v 123.353 116.979 10.6503 
v 123.353 117.627 10.6503 
v 123.254 116.979 10.7315 
v 123.254 117.627 10.7315 
v 123.099 116.979 10.8073 
v 123.099 117.627 10.8073 
v 122.893 116.979 10.8406 
v 122.893 117.627 10.8406 
v 122.688 116.979 10.8073 
v 122.688 117.627 10.8073 
v 122.533 116.979 10.7315 
v 122.533 117.627 10.7315 
v 122.434 116.979 10.6503 
v 122.434 117.627 10.6503 

vn 0 1 0 
vn 0 1 0 
vn 0 1 0 
vn 0 1 0 
vn 0 1 0 
vn 0 1 0 
vn 0 1 0 
vn 0 1 0 
vn 0 1 0 
vn 0 1 0 
vn 0 1 0 
vn 0 1 0 
vn 0 1 0 
vn 0 1 0 
vn 0 1 0 
vn 0 1 0 
vn 0 1 0 
vn 0 1 0 
vn 0 1 0 
vn 0 1 0 
vn 0 1 0 
vn 0 1 0 
vn 0 1 0 
vn 0 1 0 
vn 0 1 0 
vn 0 1 0 
vn 0 1 0 
vn 0 1 0 
vn 0 1 0 
vn 0.708661 0 -0.708661 
vn 0.708661 0 -0.708661 
vn 0.834646 0 -0.551181 
vn 0.834646 0 -0.551181 
vn 0.944882 0 -0.314961 
vn 0.944882 0 -0.314961 
vn 1 0 0 
vn 1 0 0 
vn 0.944882 0 0.314961 
vn 0.944882 0 0.314961 
vn 0.834646 0 0.551181 
vn 0.834646 0 0.551181 
vn 0.708661 0 0.708661 
vn 0.708661 0 0.708661 
vn 0.708661 0 -0.708661 
vn 0.708661 0 -0.708661 
vn 0.551181 0 -0.834646 
vn 0.551181 0 -0.834646 
vn 0.314961 0 -0.944882 
vn 0.314961 0 -0.944882 
vn 0 0 -1 
vn 0 0 -1 
vn -0.314961 0 -0.944882 
vn -0.314961 0 -0.944882 
vn -0.551181 0 -0.834646 
vn -0.551181 0 -0.834646 
vn -0.708661 0 -0.708661 
vn -0.708661 0 -0.708661 
vn 0 -1 0 
vn 0 -1 0 
vn 0 -1 0 
vn 0 -1 0 
vn 0 -1 0 
vn 0 -1 0 
vn 0 -1 0 
vn 0 -1 0 
vn 0 -1 0 
vn 0 -1 0 
vn 0 -1 0 
vn 0 -1 0 
vn 0 -1 0 
vn 0 -1 0 
vn 0 -1 0 
vn 0 -1 0 
vn 0 -1 0 
vn 0 -1 0 
vn 0 -1 0 
vn 0 -1 0 
vn 0 -1 0 
vn 0 -1 0 
vn 0 -1 0 
vn 0 -1 0 
vn 0 -1 0 
vn 0 -1 0 
vn 0 -1 0 
vn 0 -1 0 
vn 0 -1 0 
vn -0.708661 0 0.708661 
vn -0.708661 0 0.708661 
vn -0.834646 0 0.551181 
vn -0.834646 0 0.551181 
vn -0.944882 0 0.314961 
vn -0.944882 0 0.314961 
vn -1 0 0 
vn -1 0 0 
vn -0.944882 0 -0.314961 
vn -0.944882 0 -0.314961 
vn -0.834646 0 -0.551181 
vn -0.834646 0 -0.551181 
vn -0.708661 0 -0.708661 
vn -0.708661 0 -0.708661 
vn 0.708661 0 0.708661 
vn 0.708661 0 0.708661 
vn 0.551181 0 0.834646 
vn 0.551181 0 0.834646 
vn 0.314961 0 0.944882 
vn 0.314961 0 0.944882 
vn 0 0 1 
vn 0 0 1 
vn -0.314961 0 0.944882 
vn -0.314961 0 0.944882 
vn -0.551181 0 0.834646 
vn -0.551181 0 0.834646 
vn -0.708661 0 0.708661 
vn -0.708661 0 0.708661 

vt 7.08124 -5.83124 
vt 7.13869 -5.7738 
vt 7.14884 -5.78618 
vt 7.15832 -5.80555 
vt 7.16249 -5.83124 
vt 7.15832 -5.85694 
vt 7.14884 -5.87631 
vt 7.13869 -5.88869 
vt 7.13869 -5.88869 
vt 7.12631 -5.89884 
vt 7.10694 -5.90832 
vt 7.08124 -5.91249 
vt 7.05555 -5.90832 
vt 7.03618 -5.89884 
vt 7.0238 -5.88869 
vt 7.0238 -5.88869 
vt 7.01365 -5.87631 
vt 7.00417 -5.85694 
vt 7 -5.83124 
vt 7.00417 -5.80555 
vt 7.01365 -5.78618 
vt 7.0238 -5.7738 
vt 7.0238 -5.7738 
vt 7.03618 -5.76365 
vt 7.05555 -5.75417 
vt 7.08124 -5.75 
vt 7.10694 -5.75417 
vt 7.12631 -5.76365 
vt 7.13869 -5.7738 
vt 7.08104 -5.75 
vt 7 -5.75 
vt 7.08104 -5.77708 
vt 7 -5.77708 
vt 7.08104 -5.80416 
vt 7 -5.80416 
vt 7.08104 -5.83124 
vt 7 -5.83124 
vt 7.08104 -5.85833 
vt 7 -5.85833 
vt 7.08104 -5.88541 
vt 7 -5.88541 
vt 7.08104 -5.91249 
vt 7 -5.91249 
vt 7.08104 -5.75 
vt 7 -5.75 
vt 7.08104 -5.77708 
vt 7 -5.77708 
vt 7.08104 -5.80416 
vt 7 -5.80416 
vt 7.08104 -5.83124 
vt 7 -5.83124 
vt 7.08104 -5.85833 
vt 7 -5.85833 
vt 7.08104 -5.88541 
vt 7 -5.88541 
vt 7.08104 -5.91249 
vt 7 -5.91249 
vt 7.08124 -5.83124 
vt 7.13869 -5.7738 
vt 7.14884 -5.78618 
vt 7.15832 -5.80555 
vt 7.16249 -5.83124 
vt 7.15832 -5.85694 
vt 7.14884 -5.87631 
vt 7.13869 -5.88869 
vt 7.13869 -5.88869 
vt 7.12631 -5.89884 
vt 7.10694 -5.90832 
vt 7.08124 -5.91249 
vt 7.05555 -5.90832 
vt 7.03618 -5.89884 
vt 7.0238 -5.88869 
vt 7.0238 -5.88869 
vt 7.01365 -5.87631 
vt 7.00417 -5.85694 
vt 7 -5.83124 
vt 7.00417 -5.80555 
vt 7.01365 -5.78618 
vt 7.0238 -5.7738 
vt 7.0238 -5.7738 
vt 7.03618 -5.76365 
vt 7.05555 -5.75417 
vt 7.08124 -5.75 
vt 7.10694 -5.75417 
vt 7.12631 -5.76365 
vt 7.13869 -5.7738 
vt 7.08104 -5.75 
vt 7 -5.75 
vt 7.08104 -5.77708 
vt 7 -5.77708 
vt 7.08104 -5.80416 
vt 7 -5.80416 
vt 7.08104 -5.83124 
vt 7 -5.83124 
vt 7.08104 -5.85833 
vt 7 -5.85833 
vt 7.08104 -5.88541 
vt 7 -5.88541 
vt 7.08104 -5.91249 
vt 7 -5.91249 
vt 7.08104 -5.75 
vt 7 -5.75 
vt 7.08104 -5.77708 
vt 7 -5.77708 
vt 7.08104 -5.80416 
vt 7 -5.80416 
vt 7.08104 -5.83124 
vt 7 -5.83124 
vt 7.08104 -5.85833 
vt 7 -5.85833 
vt 7.08104 -5.88541 
vt 7 -5.88541 
vt 7.08104 -5.91249 
vt 7 -5.91249 

usemtl Part1Mtl

f 945/945/945 947/947/947 946/946/946 
f 945/945/945 948/948/948 947/947/947 
f 945/945/945 949/949/949 948/948/948 
f 945/945/945 950/950/950 949/949/949 
f 945/945/945 951/951/951 950/950/950 
f 945/945/945 952/952/952 951/951/951 
f 945/945/945 954/954/954 953/953/953 
f 945/945/945 955/955/955 954/954/954 
f 945/945/945 956/956/956 955/955/955 
f 945/945/945 957/957/957 956/956/956 
f 945/945/945 958/958/958 957/957/957 
f 945/945/945 959/959/959 958/958/958 
f 945/945/945 961/961/961 960/960/960 
f 945/945/945 962/962/962 961/961/961 
f 945/945/945 963/963/963 962/962/962 
f 945/945/945 964/964/964 963/963/963 
f 945/945/945 965/965/965 964/964/964 
f 945/945/945 966/966/966 965/965/965 
f 945/945/945 968/968/968 967/967/967 
f 945/945/945 969/969/969 968/968/968 
f 945/945/945 970/970/970 969/969/969 
f 945/945/945 971/971/971 970/970/970 
f 945/945/945 972/972/972 971/971/971 
f 945/945/945 973/973/973 972/972/972 
f 974/974/974 975/975/975 976/976/976 
f 976/976/976 975/975/975 977/977/977 
f 976/976/976 977/977/977 978/978/978 
f 978/978/978 977/977/977 979/979/979 
f 978/978/978 979/979/979 980/980/980 
f 980/980/980 979/979/979 981/981/981 
f 980/980/980 981/981/981 982/982/982 
f 982/982/982 981/981/981 983/983/983 
f 982/982/982 983/983/983 984/984/984 
f 984/984/984 983/983/983 985/985/985 
f 984/984/984 985/985/985 986/986/986 
f 986/986/986 985/985/985 987/987/987 
f 988/988/988 989/989/989 990/990/990 
f 990/990/990 989/989/989 991/991/991 
f 990/990/990 991/991/991 992/992/992 
f 992/992/992 991/991/991 993/993/993 
f 992/992/992 993/993/993 994/994/994 
f 994/994/994 993/993/993 995/995/995 
f 994/994/994 995/995/995 996/996/996 
f 996/996/996 995/995/995 997/997/997 
f 996/996/996 997/997/997 998/998/998 
f 998/998/998 997/997/997 999/999/999 
f 998/998/998 999/999/999 1000/1000/1000 
f 1000/1000/1000 999/999/999 1001/1001/1001 
f 1002/1002/1002 1004/1004/1004 1003/1003/1003 
f 1002/1002/1002 1005/1005/1005 1004/1004/1004 
f 1002/1002/1002 1006/1006/1006 1005/1005/1005 
f 1002/1002/1002 1007/1007/1007 1006/1006/1006 
f 1002/1002/1002 1008/1008/1008 1007/1007/1007 
f 1002/1002/1002 1009/1009/1009 1008/1008/1008 
f 1002/1002/1002 1011/1011/1011 1010/1010/1010 
f 1002/1002/1002 1012/1012/1012 1011/1011/1011 
f 1002/1002/1002 1013/1013/1013 1012/1012/1012 
f 1002/1002/1002 1014/1014/1014 1013/1013/1013 
f 1002/1002/1002 1015/1015/1015 1014/1014/1014 
f 1002/1002/1002 1016/1016/1016 1015/1015/1015 
f 1002/1002/1002 1018/1018/1018 1017/1017/1017 
f 1002/1002/1002 1019/1019/1019 1018/1018/1018 
f 1002/1002/1002 1020/1020/1020 1019/1019/1019 
f 1002/1002/1002 1021/1021/1021 1020/1020/1020 
f 1002/1002/1002 1022/1022/1022 1021/1021/1021 
f 1002/1002/1002 1023/1023/1023 1022/1022/1022 
f 1002/1002/1002 1025/1025/1025 1024/1024/1024 
f 1002/1002/1002 1026/1026/1026 1025/1025/1025 
f 1002/1002/1002 1027/1027/1027 1026/1026/1026 
f 1002/1002/1002 1028/1028/1028 1027/1027/1027 
f 1002/1002/1002 1029/1029/1029 1028/1028/1028 
f 1002/1002/1002 1030/1030/1030 1029/1029/1029 
f 1031/1031/1031 1032/1032/1032 1033/1033/1033 
f 1033/1033/1033 1032/1032/1032 1034/1034/1034 
f 1033/1033/1033 1034/1034/1034 1035/1035/1035 
f 1035/1035/1035 1034/1034/1034 1036/1036/1036 
f 1035/1035/1035 1036/1036/1036 1037/1037/1037 
f 1037/1037/1037 1036/1036/1036 1038/1038/1038 
f 1037/1037/1037 1038/1038/1038 1039/1039/1039 
f 1039/1039/1039 1038/1038/1038 1040/1040/1040 
f 1039/1039/1039 1040/1040/1040 1041/1041/1041 
f 1041/1041/1041 1040/1040/1040 1042/1042/1042 
f 1041/1041/1041 1042/1042/1042 1043/1043/1043 
f 1043/1043/1043 1042/1042/1042 1044/1044/1044 
f 1045/1045/1045 1046/1046/1046 1047/1047/1047 
f 1047/1047/1047 1046/1046/1046 1048/1048/1048 
f 1047/1047/1047 1048/1048/1048 1049/1049/1049 
f 1049/1049/1049 1048/1048/1048 1050/1050/1050 
f 1049/1049/1049 1050/1050/1050 1051/1051/1051 
f 1051/1051/1051 1050/1050/1050 1052/1052/1052 
f 1051/1051/1051 1052/1052/1052 1053/1053/1053 
f 1053/1053/1053 1052/1052/1052 1054/1054/1054 
f 1053/1053/1053 1054/1054/1054 1055/1055/1055 
f 1055/1055/1055 1054/1054/1054 1056/1056/1056 
f 1055/1055/1055 1056/1056/1056 1057/1057/1057 
f 1057/1057/1057 1056/1056/1056 1058/1058/1058 

g Part28

v 120.512 124.38 1.37964 
v 121.219 124.38 2.08674 
v 121.067 124.38 2.21169 
v 120.828 124.38 2.32832 
v 120.512 124.38 2.37964 
v 120.196 124.38 2.32832 
v 119.957 124.38 2.21169 
v 119.805 124.38 2.08674 
v 119.805 124.38 2.08674 
v 119.68 124.38 1.93434 
v 119.563 124.38 1.69587 
v 119.512 124.38 1.37964 
v 119.563 124.38 1.06341 
v 119.68 124.38 0.82494 
v 119.805 124.38 0.672534 
v 119.805 124.38 0.672534 
v 119.957 124.38 0.547591 
v 120.196 124.38 0.430959 
v 120.512 124.38 0.379642 
v 120.828 124.38 0.430959 
v 121.067 124.38 0.547591 
v 121.219 124.38 0.672534 
v 121.219 124.38 0.672534 
v 121.344 124.38 0.82494 
v 121.461 124.38 1.06341 
v 121.512 124.38 1.37964 
v 121.461 124.38 1.69587 
v 121.344 124.38 1.93434 
v 121.219 124.38 2.08674 
v 121.219 123.38 0.672534 
v 121.219 124.38 0.672534 
v 121.344 123.38 0.82494 
v 121.344 124.38 0.82494 
v 121.461 123.38 1.06341 
v 121.461 124.38 1.06341 
v 121.512 123.38 1.37964 
v 121.512 124.38 1.37964 
v 121.461 123.38 1.69587 
v 121.461 124.38 1.69587 
v 121.344 123.38 1.93434 
v 121.344 124.38 1.93434 
v 121.219 123.38 2.08674 
v 121.219 124.38 2.08674 
v 121.219 124.38 0.672534 
v 121.219 123.38 0.672534 
v 121.067 124.38 0.547591 
v 121.067 123.38 0.547591 
v 120.828 124.38 0.430959 
v 120.828 123.38 0.430959 
v 120.512 124.38 0.379642 
v 120.512 123.38 0.379642 
v 120.196 124.38 0.430959 
v 120.196 123.38 0.430959 
v 119.957 124.38 0.547591 
v 119.957 123.38 0.547591 
v 119.805 124.38 0.672534 
v 119.805 123.38 0.672534 
v 120.512 123.38 1.37964 
v 121.219 123.38 0.672534 
v 121.067 123.38 0.547591 
v 120.828 123.38 0.430959 
v 120.512 123.38 0.379642 
v 120.196 123.38 0.430959 
v 119.957 123.38 0.547591 
v 119.805 123.38 0.672534 
v 119.805 123.38 0.672534 
v 119.68 123.38 0.82494 
v 119.563 123.38 1.06341 
v 119.512 123.38 1.37964 
v 119.563 123.38 1.69587 
v 119.68 123.38 1.93434 
v 119.805 123.38 2.08674 
v 119.805 123.38 2.08674 
v 119.957 123.38 2.21169 
v 120.196 123.38 2.32832 
v 120.512 123.38 2.37964 
v 120.828 123.38 2.32832 
v 121.067 123.38 2.21169 
v 121.219 123.38 2.08674 
v 121.219 123.38 2.08674 
v 121.344 123.38 1.93434 
v 121.461 123.38 1.69587 
v 121.512 123.38 1.37964 
v 121.461 123.38 1.06341 
v 121.344 123.38 0.82494 
v 121.219 123.38 0.672534 
v 119.805 123.38 2.08674 
v 119.805 124.38 2.08674 
v 119.68 123.38 1.93434 
v 119.68 124.38 1.93434 
v 119.563 123.38 1.69587 
v 119.563 124.38 1.69587 
v 119.512 123.38 1.37964 
v 119.512 124.38 1.37964 
v 119.563 123.38 1.06341 
v 119.563 124.38 1.06341 
v 119.68 123.38 0.82494 
v 119.68 124.38 0.82494 
v 119.805 123.38 0.672534 
v 119.805 124.38 0.672534 
v 121.219 123.38 2.08674 
v 121.219 124.38 2.08674 
v 121.067 123.38 2.21169 
v 121.067 124.38 2.21169 
v 120.828 123.38 2.32832 
v 120.828 124.38 2.32832 
v 120.512 123.38 2.37964 
v 120.512 124.38 2.37964 
v 120.196 123.38 2.32832 
v 120.196 124.38 2.32832 
v 119.957 123.38 2.21169 
v 119.957 124.38 2.21169 
v 119.805 123.38 2.08674 
v 119.805 124.38 2.08674 

vn 0 1 0 
vn 0 1 0 
vn 0 1 0 
vn 0 1 0 
vn 0 1 0 
vn 0 1 0 
vn 0 1 0 
vn 0 1 0 
vn 0 1 0 
vn 0 1 0 
vn 0 1 0 
vn 0 1 0 
vn 0 1 0 
vn 0 1 0 
vn 0 1 0 
vn 0 1 0 
vn 0 1 0 
vn 0 1 0 
vn 0 1 0 
vn 0 1 0 
vn 0 1 0 
vn 0 1 0 
vn 0 1 0 
vn 0 1 0 
vn 0 1 0 
vn 0 1 0 
vn 0 1 0 
vn 0 1 0 
vn 0 1 0 
vn 0.708661 0 -0.708661 
vn 0.708661 0 -0.708661 
vn 0.834646 0 -0.551181 
vn 0.834646 0 -0.551181 
vn 0.944882 0 -0.314961 
vn 0.944882 0 -0.314961 
vn 1 0 0 
vn 1 0 0 
vn 0.944882 0 0.314961 
vn 0.944882 0 0.314961 
vn 0.834646 0 0.551181 
vn 0.834646 0 0.551181 
vn 0.708661 0 0.708661 
vn 0.708661 0 0.708661 
vn 0.708661 0 -0.708661 
vn 0.708661 0 -0.708661 
vn 0.551181 0 -0.834646 
vn 0.551181 0 -0.834646 
vn 0.314961 0 -0.944882 
vn 0.314961 0 -0.944882 
vn 0 0 -1 
vn 0 0 -1 
vn -0.314961 0 -0.944882 
vn -0.314961 0 -0.944882 
vn -0.551181 0 -0.834646 
vn -0.551181 0 -0.834646 
vn -0.708661 0 -0.708661 
vn -0.708661 0 -0.708661 
vn 0 -1 0 
vn 0 -1 0 
vn 0 -1 0 
vn 0 -1 0 
vn 0 -1 0 
vn 0 -1 0 
vn 0 -1 0 
vn 0 -1 0 
vn 0 -1 0 
vn 0 -1 0 
vn 0 -1 0 
vn 0 -1 0 
vn 0 -1 0 
vn 0 -1 0 
vn 0 -1 0 
vn 0 -1 0 
vn 0 -1 0 
vn 0 -1 0 
vn 0 -1 0 
vn 0 -1 0 
vn 0 -1 0 
vn 0 -1 0 
vn 0 -1 0 
vn 0 -1 0 
vn 0 -1 0 
vn 0 -1 0 
vn 0 -1 0 
vn 0 -1 0 
vn 0 -1 0 
vn -0.708661 0 0.708661 
vn -0.708661 0 0.708661 
vn -0.834646 0 0.551181 
vn -0.834646 0 0.551181 
vn -0.944882 0 0.314961 
vn -0.944882 0 0.314961 
vn -1 0 0 
vn -1 0 0 
vn -0.944882 0 -0.314961 
vn -0.944882 0 -0.314961 
vn -0.834646 0 -0.551181 
vn -0.834646 0 -0.551181 
vn -0.708661 0 -0.708661 
vn -0.708661 0 -0.708661 
vn 0.708661 0 0.708661 
vn 0.708661 0 0.708661 
vn 0.551181 0 0.834646 
vn 0.551181 0 0.834646 
vn 0.314961 0 0.944882 
vn 0.314961 0 0.944882 
vn 0 0 1 
vn 0 0 1 
vn -0.314961 0 0.944882 
vn -0.314961 0 0.944882 
vn -0.551181 0 0.834646 
vn -0.551181 0 0.834646 
vn -0.708661 0 0.708661 
vn -0.708661 0 0.708661 

vt 7.125 0.625 
vt 7.21339 0.713388 
vt 7.22901 0.694337 
vt 7.24359 0.664528 
vt 7.25 0.625 
vt 7.24359 0.585472 
vt 7.22901 0.555662 
vt 7.21339 0.536612 
vt 7.21339 0.536612 
vt 7.19434 0.520994 
vt 7.16453 0.506415 
vt 7.125 0.5 
vt 7.08547 0.506415 
vt 7.05566 0.520994 
vt 7.03661 0.536612 
vt 7.03661 0.536612 
vt 7.02099 0.555663 
vt 7.00641 0.585472 
vt 7 0.625 
vt 7.00641 0.664528 
vt 7.02099 0.694338 
vt 7.03661 0.713388 
vt 7.03661 0.713388 
vt 7.05566 0.729006 
vt 7.08547 0.743585 
vt 7.125 0.75 
vt 7.16453 0.743585 
vt 7.19434 0.729006 
vt 7.21339 0.713388 
vt 7.125 0.75 
vt 7 0.75 
vt 7.125 0.708333 
vt 7 0.708333 
vt 7.125 0.666667 
vt 7 0.666667 
vt 7.125 0.625 
vt 7 0.625 
vt 7.125 0.583333 
vt 7 0.583333 
vt 7.125 0.541667 
vt 7 0.541667 
vt 7.125 0.5 
vt 7 0.5 
vt 7.125 0.75 
vt 7 0.75 
vt 7.125 0.708333 
vt 7 0.708333 
vt 7.125 0.666667 
vt 7 0.666667 
vt 7.125 0.625 
vt 7 0.625 
vt 7.125 0.583333 
vt 7 0.583333 
vt 7.125 0.541667 
vt 7 0.541667 
vt 7.125 0.5 
vt 7 0.5 
vt 7.125 0.625 
vt 7.21339 0.713388 
vt 7.22901 0.694337 
vt 7.24359 0.664528 
vt 7.25 0.625 
vt 7.24359 0.585472 
vt 7.22901 0.555662 
vt 7.21339 0.536612 
vt 7.21339 0.536612 
vt 7.19434 0.520994 
vt 7.16453 0.506415 
vt 7.125 0.5 
vt 7.08547 0.506415 
vt 7.05566 0.520994 
vt 7.03661 0.536612 
vt 7.03661 0.536612 
vt 7.02099 0.555663 
vt 7.00641 0.585472 
vt 7 0.625 
vt 7.00641 0.664528 
vt 7.02099 0.694338 
vt 7.03661 0.713388 
vt 7.03661 0.713388 
vt 7.05566 0.729006 
vt 7.08547 0.743585 
vt 7.125 0.75 
vt 7.16453 0.743585 
vt 7.19434 0.729006 
vt 7.21339 0.713388 
vt 7.125 0.75 
vt 7 0.75 
vt 7.125 0.708333 
vt 7 0.708333 
vt 7.125 0.666667 
vt 7 0.666667 
vt 7.125 0.625 
vt 7 0.625 
vt 7.125 0.583333 
vt 7 0.583333 
vt 7.125 0.541667 
vt 7 0.541667 
vt 7.125 0.5 
vt 7 0.5 
vt 7.125 0.75 
vt 7 0.75 
vt 7.125 0.708333 
vt 7 0.708333 
vt 7.125 0.666667 
vt 7 0.666667 
vt 7.125 0.625 
vt 7 0.625 
vt 7.125 0.583333 
vt 7 0.583333 
vt 7.125 0.541667 
vt 7 0.541667 
vt 7.125 0.5 
vt 7 0.5 

usemtl Part1Mtl

f 1059/1059/1059 1061/1061/1061 1060/1060/1060 
f 1059/1059/1059 1062/1062/1062 1061/1061/1061 
f 1059/1059/1059 1063/1063/1063 1062/1062/1062 
f 1059/1059/1059 1064/1064/1064 1063/1063/1063 
f 1059/1059/1059 1065/1065/1065 1064/1064/1064 
f 1059/1059/1059 1066/1066/1066 1065/1065/1065 
f 1059/1059/1059 1068/1068/1068 1067/1067/1067 
f 1059/1059/1059 1069/1069/1069 1068/1068/1068 
f 1059/1059/1059 1070/1070/1070 1069/1069/1069 
f 1059/1059/1059 1071/1071/1071 1070/1070/1070 
f 1059/1059/1059 1072/1072/1072 1071/1071/1071 
f 1059/1059/1059 1073/1073/1073 1072/1072/1072 
f 1059/1059/1059 1075/1075/1075 1074/1074/1074 
f 1059/1059/1059 1076/1076/1076 1075/1075/1075 
f 1059/1059/1059 1077/1077/1077 1076/1076/1076 
f 1059/1059/1059 1078/1078/1078 1077/1077/1077 
f 1059/1059/1059 1079/1079/1079 1078/1078/1078 
f 1059/1059/1059 1080/1080/1080 1079/1079/1079 
f 1059/1059/1059 1082/1082/1082 1081/1081/1081 
f 1059/1059/1059 1083/1083/1083 1082/1082/1082 
f 1059/1059/1059 1084/1084/1084 1083/1083/1083 
f 1059/1059/1059 1085/1085/1085 1084/1084/1084 
f 1059/1059/1059 1086/1086/1086 1085/1085/1085 
f 1059/1059/1059 1087/1087/1087 1086/1086/1086 
f 1088/1088/1088 1089/1089/1089 1090/1090/1090 
f 1090/1090/1090 1089/1089/1089 1091/1091/1091 
f 1090/1090/1090 1091/1091/1091 1092/1092/1092 
f 1092/1092/1092 1091/1091/1091 1093/1093/1093 
f 1092/1092/1092 1093/1093/1093 1094/1094/1094 
f 1094/1094/1094 1093/1093/1093 1095/1095/1095 
f 1094/1094/1094 1095/1095/1095 1096/1096/1096 
f 1096/1096/1096 1095/1095/1095 1097/1097/1097 
f 1096/1096/1096 1097/1097/1097 1098/1098/1098 
f 1098/1098/1098 1097/1097/1097 1099/1099/1099 
f 1098/1098/1098 1099/1099/1099 1100/1100/1100 
f 1100/1100/1100 1099/1099/1099 1101/1101/1101 
f 1102/1102/1102 1103/1103/1103 1104/1104/1104 
f 1104/1104/1104 1103/1103/1103 1105/1105/1105 
f 1104/1104/1104 1105/1105/1105 1106/1106/1106 
f 1106/1106/1106 1105/1105/1105 1107/1107/1107 
f 1106/1106/1106 1107/1107/1107 1108/1108/1108 
f 1108/1108/1108 1107/1107/1107 1109/1109/1109 
f 1108/1108/1108 1109/1109/1109 1110/1110/1110 
f 1110/1110/1110 1109/1109/1109 1111/1111/1111 
f 1110/1110/1110 1111/1111/1111 1112/1112/1112 
f 1112/1112/1112 1111/1111/1111 1113/1113/1113 
f 1112/1112/1112 1113/1113/1113 1114/1114/1114 
f 1114/1114/1114 1113/1113/1113 1115/1115/1115 
f 1116/1116/1116 1118/1118/1118 1117/1117/1117 
f 1116/1116/1116 1119/1119/1119 1118/1118/1118 
f 1116/1116/1116 1120/1120/1120 1119/1119/1119 
f 1116/1116/1116 1121/1121/1121 1120/1120/1120 
f 1116/1116/1116 1122/1122/1122 1121/1121/1121 
f 1116/1116/1116 1123/1123/1123 1122/1122/1122 
f 1116/1116/1116 1125/1125/1125 1124/1124/1124 
f 1116/1116/1116 1126/1126/1126 1125/1125/1125 
f 1116/1116/1116 1127/1127/1127 1126/1126/1126 
f 1116/1116/1116 1128/1128/1128 1127/1127/1127 
f 1116/1116/1116 1129/1129/1129 1128/1128/1128 
f 1116/1116/1116 1130/1130/1130 1129/1129/1129 
f 1116/1116/1116 1132/1132/1132 1131/1131/1131 
f 1116/1116/1116 1133/1133/1133 1132/1132/1132 
f 1116/1116/1116 1134/1134/1134 1133/1133/1133 
f 1116/1116/1116 1135/1135/1135 1134/1134/1134 
f 1116/1116/1116 1136/1136/1136 1135/1135/1135 
f 1116/1116/1116 1137/1137/1137 1136/1136/1136 
f 1116/1116/1116 1139/1139/1139 1138/1138/1138 
f 1116/1116/1116 1140/1140/1140 1139/1139/1139 
f 1116/1116/1116 1141/1141/1141 1140/1140/1140 
f 1116/1116/1116 1142/1142/1142 1141/1141/1141 
f 1116/1116/1116 1143/1143/1143 1142/1142/1142 
f 1116/1116/1116 1144/1144/1144 1143/1143/1143 
f 1145/1145/1145 1146/1146/1146 1147/1147/1147 
f 1147/1147/1147 1146/1146/1146 1148/1148/1148 
f 1147/1147/1147 1148/1148/1148 1149/1149/1149 
f 1149/1149/1149 1148/1148/1148 1150/1150/1150 
f 1149/1149/1149 1150/1150/1150 1151/1151/1151 
f 1151/1151/1151 1150/1150/1150 1152/1152/1152 
f 1151/1151/1151 1152/1152/1152 1153/1153/1153 
f 1153/1153/1153 1152/1152/1152 1154/1154/1154 
f 1153/1153/1153 1154/1154/1154 1155/1155/1155 
f 1155/1155/1155 1154/1154/1154 1156/1156/1156 
f 1155/1155/1155 1156/1156/1156 1157/1157/1157 
f 1157/1157/1157 1156/1156/1156 1158/1158/1158 
f 1159/1159/1159 1160/1160/1160 1161/1161/1161 
f 1161/1161/1161 1160/1160/1160 1162/1162/1162 
f 1161/1161/1161 1162/1162/1162 1163/1163/1163 
f 1163/1163/1163 1162/1162/1162 1164/1164/1164 
f 1163/1163/1163 1164/1164/1164 1165/1165/1165 
f 1165/1165/1165 1164/1164/1164 1166/1166/1166 
f 1165/1165/1165 1166/1166/1166 1167/1167/1167 
f 1167/1167/1167 1166/1166/1166 1168/1168/1168 
f 1167/1167/1167 1168/1168/1168 1169/1169/1169 
f 1169/1169/1169 1168/1168/1168 1170/1170/1170 
f 1169/1169/1169 1170/1170/1170 1171/1171/1171 
f 1171/1171/1171 1170/1170/1170 1172/1172/1172 

g Part29

v 122.244 120.877 4.20025 
v 122.244 120.877 4.20025 
v 122.244 122.176 5.49946 
v 122.244 122.176 4.20025 
v 122.244 120.877 4.20025 
v 121.593 120.877 4.20025 
v 122.244 122.176 4.20025 
v 121.593 122.176 4.20025 
v 121.593 120.877 4.20025 
v 121.593 120.877 4.20025 
v 121.593 122.176 4.20025 
v 121.593 122.176 5.49946 
v 121.593 122.176 5.49946 
v 122.244 122.176 5.49946 
v 121.593 122.176 4.20025 
v 122.244 122.176 4.20025 
v 121.593 120.877 4.20025 
v 122.244 120.877 4.20025 
v 121.593 122.176 5.49946 
v 122.244 122.176 5.49946 

vn 1 0 0 
vn 1 0 0 
vn 1 0 0 
vn 1 0 0 
vn 0 0 -1 
vn 0 0 -1 
vn 0 0 -1 
vn 0 0 -1 
vn -1 0 0 
vn -1 0 0 
vn -1 0 0 
vn -1 0 0 
vn 0 1 0 
vn 0 1 0 
vn 0 1 0 
vn 0 1 0 
vn 0 -0.708661 0.708661 
vn 0 -0.708661 0.708661 
vn 0 -0.708661 0.708661 
vn 0 -0.708661 0.708661 

vt 3.5 -3.75 
vt 3.5 -3.75 
vt 3.6624 -3.91238 
vt 3.5 -3.91238 
vt 3.5813 -3.75 
vt 3.5 -3.75 
vt 3.5813 -3.91238 
vt 3.5 -3.91238 
vt 3.6624 -3.75 
vt 3.6624 -3.75 
vt 3.6624 -3.91238 
vt 3.5 -3.91238 
vt 3.5813 -3.75 
vt 3.5 -3.75 
vt 3.5813 -3.9124 
vt 3.5 -3.9124 
vt 3.5813 -3.75 
vt 3.5 -3.75 
vt 3.5813 -3.97966 
vt 3.5 -3.97966 

usemtl Part1Mtl

f 1173/1173/1173 1174/1174/1174 1175/1175/1175 
f 1175/1175/1175 1174/1174/1174 1176/1176/1176 
f 1177/1177/1177 1178/1178/1178 1179/1179/1179 
f 1179/1179/1179 1178/1178/1178 1180/1180/1180 
f 1181/1181/1181 1182/1182/1182 1183/1183/1183 
f 1183/1183/1183 1182/1182/1182 1184/1184/1184 
f 1185/1185/1185 1186/1186/1186 1187/1187/1187 
f 1187/1187/1187 1186/1186/1186 1188/1188/1188 
f 1189/1189/1189 1190/1190/1190 1191/1191/1191 
f 1191/1191/1191 1190/1190/1190 1192/1192/1192 

g Part30

v 110.293 122.823 12.0696 
v 110.293 115.79 12.0696 
v 120.943 122.823 12.0696 
v 120.943 115.79 12.0696 
v 110.293 115.79 11.4207 
v 110.293 115.79 12.0696 
v 110.293 122.823 11.4207 
v 110.293 122.823 12.0696 
v 110.293 115.79 12.0696 
v 110.293 115.79 11.4207 
v 120.943 115.79 12.0696 
v 120.943 115.79 11.4207 
v 110.293 115.79 11.4207 
v 110.293 122.823 11.4207 
v 120.943 115.79 11.4207 
v 120.943 122.823 11.4207 
v 120.943 122.823 11.4207 
v 120.943 122.823 12.0696 
v 120.943 115.79 11.4207 
v 120.943 115.79 12.0696 
v 110.293 122.823 11.4207 
v 110.293 122.823 12.0696 
v 120.943 122.823 11.4207 
v 120.943 122.823 12.0696 

vn 0 0 1 
vn 0 0 1 
vn 0 0 1 
vn 0 0 1 
vn -1 0 0 
vn -1 0 0 
vn -1 0 0 
vn -1 0 0 
vn 0 -1 0 
vn 0 -1 0 
vn 0 -1 0 
vn 0 -1 0 
vn 0 0 -1 
vn 0 0 -1 
vn 0 0 -1 
vn 0 0 -1 
vn 1 0 0 
vn 1 0 0 
vn 1 0 0 
vn 1 0 0 
vn 0 1 0 
vn 0 1 0 
vn 0 1 0 
vn 0 1 0 

vt 2.87922 -5.5 
vt 2 -5.5 
vt 2.87922 -6.8313 
vt 2 -6.8313 
vt 2.08111 -5.5 
vt 2 -5.5 
vt 2.08111 -6.37922 
vt 2 -6.37922 
vt 2.08111 -5.5 
vt 2 -5.5 
vt 2.08111 -6.8313 
vt 2 -6.8313 
vt 2.87922 -5.5 
vt 2 -5.5 
vt 2.87922 -6.8313 
vt 2 -6.8313 
vt 2.08111 -5.5 
vt 2 -5.5 
vt 2.08111 -6.37922 
vt 2 -6.37922 
vt 2.08111 -5.5 
vt 2 -5.5 
vt 2.08111 -6.8313 
vt 2 -6.8313 

usemtl Part1Mtl

f 1193/1193/1193 1194/1194/1194 1195/1195/1195 
f 1195/1195/1195 1194/1194/1194 1196/1196/1196 
f 1197/1197/1197 1198/1198/1198 1199/1199/1199 
f 1199/1199/1199 1198/1198/1198 1200/1200/1200 
f 1201/1201/1201 1202/1202/1202 1203/1203/1203 
f 1203/1203/1203 1202/1202/1202 1204/1204/1204 
f 1205/1205/1205 1206/1206/1206 1207/1207/1207 
f 1207/1207/1207 1206/1206/1206 1208/1208/1208 
f 1209/1209/1209 1210/1210/1210 1211/1211/1211 
f 1211/1211/1211 1210/1210/1210 1212/1212/1212 
f 1213/1213/1213 1214/1214/1214 1215/1215/1215 
f 1215/1215/1215 1214/1214/1214 1216/1216/1216 

g Part31

v 122.244 116.979 10.7703 
v 122.244 116.979 9.47041 
v 122.244 116.329 10.7703 
v 122.244 116.329 9.47041 
v 123.543 116.979 9.47041 
v 122.244 116.979 9.47041 
v 123.543 116.979 10.7703 
v 122.244 116.979 10.7703 
v 122.244 116.979 9.47041 
v 123.543 116.979 9.47041 
v 122.244 116.329 9.47041 
v 123.543 116.329 9.47041 
v 123.543 116.979 9.47041 
v 123.543 116.979 10.7703 
v 123.543 116.329 9.47041 
v 123.543 116.329 10.7703 
v 123.543 116.329 10.7703 
v 122.244 116.329 10.7703 
v 123.543 116.329 9.47041 
v 122.244 116.329 9.47041 
v 123.543 116.979 10.7703 
v 122.244 116.979 10.7703 
v 123.543 116.329 10.7703 
v 122.244 116.329 10.7703 

vn -1 0 0 
vn -1 0 0 
vn -1 0 0 
vn -1 0 0 
vn 0 1 0 
vn 0 1 0 
vn 0 1 0 
vn 0 1 0 
vn 0 0 -1 
vn 0 0 -1 
vn 0 0 -1 
vn 0 0 -1 
vn 1 0 0 
vn 1 0 0 
vn 1 0 0 
vn 1 0 0 
vn 0 -1 0 
vn 0 -1 0 
vn 0 -1 0 
vn 0 -1 0 
vn 0 0 1 
vn 0 0 1 
vn 0 0 1 
vn 0 0 1 

vt 2.66249 -5.75 
vt 2.5 -5.75 
vt 2.66249 -5.8313 
vt 2.5 -5.8313 
vt 2.6624 -5.75 
vt 2.5 -5.75 
vt 2.6624 -5.91249 
vt 2.5 -5.91249 
vt 2.6624 -5.75 
vt 2.5 -5.75 
vt 2.6624 -5.8313 
vt 2.5 -5.8313 
vt 2.66249 -5.75 
vt 2.5 -5.75 
vt 2.66249 -5.8313 
vt 2.5 -5.8313 
vt 2.6624 -5.75 
vt 2.5 -5.75 
vt 2.6624 -5.91249 
vt 2.5 -5.91249 
vt 2.6624 -5.75 
vt 2.5 -5.75 
vt 2.6624 -5.8313 
vt 2.5 -5.8313 

usemtl Part1Mtl

f 1217/1217/1217 1218/1218/1218 1219/1219/1219 
f 1219/1219/1219 1218/1218/1218 1220/1220/1220 
f 1221/1221/1221 1222/1222/1222 1223/1223/1223 
f 1223/1223/1223 1222/1222/1222 1224/1224/1224 
f 1225/1225/1225 1226/1226/1226 1227/1227/1227 
f 1227/1227/1227 1226/1226/1226 1228/1228/1228 
f 1229/1229/1229 1230/1230/1230 1231/1231/1231 
f 1231/1231/1231 1230/1230/1230 1232/1232/1232 
f 1233/1233/1233 1234/1234/1234 1235/1235/1235 
f 1235/1235/1235 1234/1234/1234 1236/1236/1236 
f 1237/1237/1237 1238/1238/1238 1239/1239/1239 
f 1239/1239/1239 1238/1238/1238 1240/1240/1240 

g Part32

v 125.493 115.679 10.7703 
v 125.493 115.679 9.47041 
v 125.493 115.029 10.7703 
v 125.493 115.029 9.47041 
v 126.143 115.679 9.47041 
v 125.493 115.679 9.47041 
v 126.143 115.679 10.7703 
v 125.493 115.679 10.7703 
v 125.493 115.679 9.47041 
v 126.143 115.679 9.47041 
v 125.493 115.029 9.47041 
v 126.143 115.029 9.47041 
v 126.143 115.679 9.47041 
v 126.143 115.679 10.7703 
v 126.143 115.029 9.47041 
v 126.143 115.029 10.7703 
v 126.143 115.029 10.7703 
v 125.493 115.029 10.7703 
v 126.143 115.029 9.47041 
v 125.493 115.029 9.47041 
v 126.143 115.679 10.7703 
v 125.493 115.679 10.7703 
v 126.143 115.029 10.7703 
v 125.493 115.029 10.7703 

vn -1 0 0 
vn -1 0 0 
vn -1 0 0 
vn -1 0 0 
vn 0 1 0 
vn 0 1 0 
vn 0 1 0 
vn 0 1 0 
vn 0 0 -1 
vn 0 0 -1 
vn 0 0 -1 
vn 0 0 -1 
vn 1 0 0 
vn 1 0 0 
vn 1 0 0 
vn 1 0 0 
vn 0 -1 0 
vn 0 -1 0 
vn 0 -1 0 
vn 0 -1 0 
vn 0 0 1 
vn 0 0 1 
vn 0 0 1 
vn 0 0 1 

vt 3.66249 -1.25 
vt 3.5 -1.25 
vt 3.66249 -1.3313 
vt 3.5 -1.3313 
vt 3.58124 -1.25 
vt 3.5 -1.25 
vt 3.58124 -1.41249 
vt 3.5 -1.41249 
vt 3.58124 -1.25 
vt 3.5 -1.25 
vt 3.58124 -1.3313 
vt 3.5 -1.3313 
vt 3.66249 -1.25 
vt 3.5 -1.25 
vt 3.66249 -1.3313 
vt 3.5 -1.3313 
vt 3.58124 -1.25 
vt 3.5 -1.25 
vt 3.58124 -1.41249 
vt 3.5 -1.41249 
vt 3.58124 -1.25 
vt 3.5 -1.25 
vt 3.58124 -1.3313 
vt 3.5 -1.3313 

usemtl Part1Mtl

f 1241/1241/1241 1242/1242/1242 1243/1243/1243 
f 1243/1243/1243 1242/1242/1242 1244/1244/1244 
f 1245/1245/1245 1246/1246/1246 1247/1247/1247 
f 1247/1247/1247 1246/1246/1246 1248/1248/1248 
f 1249/1249/1249 1250/1250/1250 1251/1251/1251 
f 1251/1251/1251 1250/1250/1250 1252/1252/1252 
f 1253/1253/1253 1254/1254/1254 1255/1255/1255 
f 1255/1255/1255 1254/1254/1254 1256/1256/1256 
f 1257/1257/1257 1258/1258/1258 1259/1259/1259 
f 1259/1259/1259 1258/1258/1258 1260/1260/1260 
f 1261/1261/1261 1262/1262/1262 1263/1263/1263 
f 1263/1263/1263 1262/1262/1262 1264/1264/1264 

g Part33

v 122.244 116.328 10.7701 
v 122.244 116.328 9.47016 
v 122.244 115.029 10.7701 
v 122.244 115.029 9.47016 
v 125.493 116.328 9.47016 
v 122.244 116.328 9.47016 
v 125.493 116.328 10.7701 
v 122.244 116.328 10.7701 
v 122.244 116.328 9.47016 
v 125.493 116.328 9.47016 
v 122.244 115.029 9.47016 
v 125.493 115.029 9.47016 
v 125.493 116.328 9.47016 
v 125.493 116.328 10.7701 
v 125.493 115.029 9.47016 
v 125.493 115.029 10.7701 
v 125.493 115.029 10.7701 
v 122.244 115.029 10.7701 
v 125.493 115.029 9.47016 
v 122.244 115.029 9.47016 
v 125.493 116.328 10.7701 
v 122.244 116.328 10.7701 
v 125.493 115.029 10.7701 
v 122.244 115.029 10.7701 

vn -1 0 0 
vn -1 0 0 
vn -1 0 0 
vn -1 0 0 
vn 0 1 0 
vn 0 1 0 
vn 0 1 0 
vn 0 1 0 
vn 0 0 -1 
vn 0 0 -1 
vn 0 0 -1 
vn 0 0 -1 
vn 1 0 0 
vn 1 0 0 
vn 1 0 0 
vn 1 0 0 
vn 0 -1 0 
vn 0 -1 0 
vn 0 -1 0 
vn 0 -1 0 
vn 0 0 1 
vn 0 0 1 
vn 0 0 1 
vn 0 0 1 

vt 6.41249 -6 
vt 6.25 -6 
vt 6.41249 -6.16249 
vt 6.25 -6.16249 
vt 6.65613 -6 
vt 6.25 -6 
vt 6.65613 -6.16249 
vt 6.25 -6.16249 
vt 6.65613 -6 
vt 6.25 -6 
vt 6.65613 -6.16249 
vt 6.25 -6.16249 
vt 6.41249 -6 
vt 6.25 -6 
vt 6.41249 -6.16249 
vt 6.25 -6.16249 
vt 6.65613 -6 
vt 6.25 -6 
vt 6.65613 -6.16249 
vt 6.25 -6.16249 
vt 6.65613 -6 
vt 6.25 -6 
vt 6.65613 -6.16249 
vt 6.25 -6.16249 

usemtl Part1Mtl

f 1265/1265/1265 1266/1266/1266 1267/1267/1267 
f 1267/1267/1267 1266/1266/1266 1268/1268/1268 
f 1269/1269/1269 1270/1270/1270 1271/1271/1271 
f 1271/1271/1271 1270/1270/1270 1272/1272/1272 
f 1273/1273/1273 1274/1274/1274 1275/1275/1275 
f 1275/1275/1275 1274/1274/1274 1276/1276/1276 
f 1277/1277/1277 1278/1278/1278 1279/1279/1279 
f 1279/1279/1279 1278/1278/1278 1280/1280/1280 
f 1281/1281/1281 1282/1282/1282 1283/1283/1283 
f 1283/1283/1283 1282/1282/1282 1284/1284/1284 
f 1285/1285/1285 1286/1286/1286 1287/1287/1287 
f 1287/1287/1287 1286/1286/1286 1288/1288/1288 

g Part34

v 126.143 115.679 9.47041 
v 126.143 115.679 9.47041 
v 125.493 116.328 9.47041 
v 125.493 115.679 9.47041 
v 126.143 115.679 9.47041 
v 126.143 115.679 10.7703 
v 125.493 115.679 9.47041 
v 125.493 115.679 10.7703 
v 126.143 115.679 10.7703 
v 126.143 115.679 10.7703 
v 125.493 115.679 10.7703 
v 125.493 116.328 10.7703 
v 125.493 116.328 10.7703 
v 125.493 116.328 9.47041 
v 125.493 115.679 10.7703 
v 125.493 115.679 9.47041 
v 126.143 115.679 10.7703 
v 126.143 115.679 9.47041 
v 125.493 116.328 10.7703 
v 125.493 116.328 9.47041 

vn 0 0 -1 
vn 0 0 -1 
vn 0 0 -1 
vn 0 0 -1 
vn 0 -1 0 
vn 0 -1 0 
vn 0 -1 0 
vn 0 -1 0 
vn 0 0 1 
vn 0 0 1 
vn 0 0 1 
vn 0 0 1 
vn -1 0 0 
vn -1 0 0 
vn -1 0 0 
vn -1 0 0 
vn 0.708661 0.708661 0 
vn 0.708661 0.708661 0 
vn 0.708661 0.708661 0 
vn 0.708661 0.708661 0 

vt 7.5 -6.25 
vt 7.5 -6.25 
vt 7.58119 -6.33124 
vt 7.5 -6.33124 
vt 7.66249 -6.25 
vt 7.5 -6.25 
vt 7.66249 -6.33124 
vt 7.5 -6.33124 
vt 7.58119 -6.25 
vt 7.58119 -6.25 
vt 7.58119 -6.33124 
vt 7.5 -6.33124 
vt 7.66249 -6.25 
vt 7.5 -6.25 
vt 7.66249 -6.33119 
vt 7.5 -6.33119 
vt 7.66249 -6.25 
vt 7.5 -6.25 
vt 7.66249 -6.36486 
vt 7.5 -6.36486 

usemtl Part1Mtl

f 1289/1289/1289 1290/1290/1290 1291/1291/1291 
f 1291/1291/1291 1290/1290/1290 1292/1292/1292 
f 1293/1293/1293 1294/1294/1294 1295/1295/1295 
f 1295/1295/1295 1294/1294/1294 1296/1296/1296 
f 1297/1297/1297 1298/1298/1298 1299/1299/1299 
f 1299/1299/1299 1298/1298/1298 1300/1300/1300 
f 1301/1301/1301 1302/1302/1302 1303/1303/1303 
f 1303/1303/1303 1302/1302/1302 1304/1304/1304 
f 1305/1305/1305 1306/1306/1306 1307/1307/1307 
f 1307/1307/1307 1306/1306/1306 1308/1308/1308 

g Part35

v 121.593 122.175 10.7702 
v 121.593 115.679 10.7702 
v 122.244 122.175 10.7702 
v 122.244 115.679 10.7702 
v 121.593 115.679 9.47101 
v 121.593 115.679 10.7702 
v 121.593 122.175 9.47101 
v 121.593 122.175 10.7702 
v 121.593 115.679 10.7702 
v 121.593 115.679 9.47101 
v 122.244 115.679 10.7702 
v 122.244 115.679 9.47101 
v 121.593 115.679 9.47101 
v 121.593 122.175 9.47101 
v 122.244 115.679 9.47101 
v 122.244 122.175 9.47101 
v 122.244 122.175 9.47101 
v 122.244 122.175 10.7702 
v 122.244 115.679 9.47101 
v 122.244 115.679 10.7702 
v 121.593 122.175 9.47101 
v 121.593 122.175 10.7702 
v 122.244 122.175 9.47101 
v 122.244 122.175 10.7702 

vn 0 0 1 
vn 0 0 1 
vn 0 0 1 
vn 0 0 1 
vn -1 0 0 
vn -1 0 0 
vn -1 0 0 
vn -1 0 0 
vn 0 -1 0 
vn 0 -1 0 
vn 0 -1 0 
vn 0 -1 0 
vn 0 0 -1 
vn 0 0 -1 
vn 0 0 -1 
vn 0 0 -1 
vn 1 0 0 
vn 1 0 0 
vn 1 0 0 
vn 1 0 0 
vn 0 1 0 
vn 0 1 0 
vn 0 1 0 
vn 0 1 0 

vt 3.56203 -5.75 
vt 2.75 -5.75 
vt 3.56203 -5.8313 
vt 2.75 -5.8313 
vt 2.9124 -5.75 
vt 2.75 -5.75 
vt 2.9124 -6.56203 
vt 2.75 -6.56203 
vt 2.9124 -5.75 
vt 2.75 -5.75 
vt 2.9124 -5.8313 
vt 2.75 -5.8313 
vt 3.56203 -5.75 
vt 2.75 -5.75 
vt 3.56203 -5.8313 
vt 2.75 -5.8313 
vt 2.9124 -5.75 
vt 2.75 -5.75 
vt 2.9124 -6.56203 
vt 2.75 -6.56203 
vt 2.9124 -5.75 
vt 2.75 -5.75 
vt 2.9124 -5.8313 
vt 2.75 -5.8313 

usemtl Part1Mtl

f 1309/1309/1309 1310/1310/1310 1311/1311/1311 
f 1311/1311/1311 1310/1310/1310 1312/1312/1312 
f 1313/1313/1313 1314/1314/1314 1315/1315/1315 
f 1315/1315/1315 1314/1314/1314 1316/1316/1316 
f 1317/1317/1317 1318/1318/1318 1319/1319/1319 
f 1319/1319/1319 1318/1318/1318 1320/1320/1320 
f 1321/1321/1321 1322/1322/1322 1323/1323/1323 
f 1323/1323/1323 1322/1322/1322 1324/1324/1324 
f 1325/1325/1325 1326/1326/1326 1327/1327/1327 
f 1327/1327/1327 1326/1326/1326 1328/1328/1328 
f 1329/1329/1329 1330/1330/1330 1331/1331/1331 
f 1331/1331/1331 1330/1330/1330 1332/1332/1332 

g Part36

v 122.893 122.176 3.62061 
v 123.27 122.176 3.99749 
v 123.189 122.176 4.06408 
v 123.062 122.176 4.12625 
v 122.893 122.176 4.1536 
v 122.725 122.176 4.12625 
v 122.598 122.176 4.06408 
v 122.517 122.176 3.99749 
v 122.517 122.176 3.99749 
v 122.45 122.176 3.91626 
v 122.388 122.176 3.78915 
v 122.36 122.176 3.62061 
v 122.388 122.176 3.45206 
v 122.45 122.176 3.32495 
v 122.517 122.176 3.24372 
v 122.517 122.176 3.24372 
v 122.598 122.176 3.17713 
v 122.725 122.176 3.11496 
v 122.893 122.176 3.08761 
v 123.062 122.176 3.11496 
v 123.189 122.176 3.17713 
v 123.27 122.176 3.24372 
v 123.27 122.176 3.24372 
v 123.337 122.176 3.32495 
v 123.399 122.176 3.45206 
v 123.426 122.176 3.62061 
v 123.399 122.176 3.78915 
v 123.337 122.176 3.91626 
v 123.27 122.176 3.99749 
v 123.27 117.628 3.24372 
v 123.27 122.176 3.24372 
v 123.337 117.628 3.32495 
v 123.337 122.176 3.32495 
v 123.399 117.628 3.45206 
v 123.399 122.176 3.45206 
v 123.426 117.628 3.62061 
v 123.426 122.176 3.62061 
v 123.399 117.628 3.78915 
v 123.399 122.176 3.78915 
v 123.337 117.628 3.91626 
v 123.337 122.176 3.91626 
v 123.27 117.628 3.99749 
v 123.27 122.176 3.99749 
v 123.27 122.176 3.24372 
v 123.27 117.628 3.24372 
v 123.189 122.176 3.17713 
v 123.189 117.628 3.17713 
v 123.062 122.176 3.11496 
v 123.062 117.628 3.11496 
v 122.893 122.176 3.08761 
v 122.893 117.628 3.08761 
v 122.725 122.176 3.11496 
v 122.725 117.628 3.11496 
v 122.598 122.176 3.17713 
v 122.598 117.628 3.17713 
v 122.517 122.176 3.24372 
v 122.517 117.628 3.24372 
v 122.893 117.628 3.62061 
v 123.27 117.628 3.24372 
v 123.189 117.628 3.17713 
v 123.062 117.628 3.11496 
v 122.893 117.628 3.08761 
v 122.725 117.628 3.11496 
v 122.598 117.628 3.17713 
v 122.517 117.628 3.24372 
v 122.517 117.628 3.24372 
v 122.45 117.628 3.32495 
v 122.388 117.628 3.45206 
v 122.36 117.628 3.62061 
v 122.388 117.628 3.78915 
v 122.45 117.628 3.91626 
v 122.517 117.628 3.99749 
v 122.517 117.628 3.99749 
v 122.598 117.628 4.06408 
v 122.725 117.628 4.12625 
v 122.893 117.628 4.1536 
v 123.062 117.628 4.12625 
v 123.189 117.628 4.06408 
v 123.27 117.628 3.99749 
v 123.27 117.628 3.99749 
v 123.337 117.628 3.91626 
v 123.399 117.628 3.78915 
v 123.426 117.628 3.62061 
v 123.399 117.628 3.45206 
v 123.337 117.628 3.32495 
v 123.27 117.628 3.24372 
v 122.517 117.628 3.99749 
v 122.517 122.176 3.99749 
v 122.45 117.628 3.91626 
v 122.45 122.176 3.91626 
v 122.388 117.628 3.78915 
v 122.388 122.176 3.78915 
v 122.36 117.628 3.62061 
v 122.36 122.176 3.62061 
v 122.388 117.628 3.45206 
v 122.388 122.176 3.45206 
v 122.45 117.628 3.32495 
v 122.45 122.176 3.32495 
v 122.517 117.628 3.24372 
v 122.517 122.176 3.24372 
v 123.27 117.628 3.99749 
v 123.27 122.176 3.99749 
v 123.189 117.628 4.06408 
v 123.189 122.176 4.06408 
v 123.062 117.628 4.12625 
v 123.062 122.176 4.12625 
v 122.893 117.628 4.1536 
v 122.893 122.176 4.1536 
v 122.725 117.628 4.12625 
v 122.725 122.176 4.12625 
v 122.598 117.628 4.06408 
v 122.598 122.176 4.06408 
v 122.517 117.628 3.99749 
v 122.517 122.176 3.99749 

vn 0 1 0 
vn 0 1 0 
vn 0 1 0 
vn 0 1 0 
vn 0 1 0 
vn 0 1 0 
vn 0 1 0 
vn 0 1 0 
vn 0 1 0 
vn 0 1 0 
vn 0 1 0 
vn 0 1 0 
vn 0 1 0 
vn 0 1 0 
vn 0 1 0 
vn 0 1 0 
vn 0 1 0 
vn 0 1 0 
vn 0 1 0 
vn 0 1 0 
vn 0 1 0 
vn 0 1 0 
vn 0 1 0 
vn 0 1 0 
vn 0 1 0 
vn 0 1 0 
vn 0 1 0 
vn 0 1 0 
vn 0 1 0 
vn 0.708661 0 -0.708661 
vn 0.708661 0 -0.708661 
vn 0.834646 0 -0.551181 
vn 0.834646 0 -0.551181 
vn 0.944882 0 -0.314961 
vn 0.944882 0 -0.314961 
vn 1 0 0 
vn 1 0 0 
vn 0.944882 0 0.314961 
vn 0.944882 0 0.314961 
vn 0.834646 0 0.551181 
vn 0.834646 0 0.551181 
vn 0.708661 0 0.708661 
vn 0.708661 0 0.708661 
vn 0.708661 0 -0.708661 
vn 0.708661 0 -0.708661 
vn 0.551181 0 -0.834646 
vn 0.551181 0 -0.834646 
vn 0.314961 0 -0.944882 
vn 0.314961 0 -0.944882 
vn 0 0 -1 
vn 0 0 -1 
vn -0.314961 0 -0.944882 
vn -0.314961 0 -0.944882 
vn -0.551181 0 -0.834646 
vn -0.551181 0 -0.834646 
vn -0.708661 0 -0.708661 
vn -0.708661 0 -0.708661 
vn 0 -1 0 
vn 0 -1 0 
vn 0 -1 0 
vn 0 -1 0 
vn 0 -1 0 
vn 0 -1 0 
vn 0 -1 0 
vn 0 -1 0 
vn 0 -1 0 
vn 0 -1 0 
vn 0 -1 0 
vn 0 -1 0 
vn 0 -1 0 
vn 0 -1 0 
vn 0 -1 0 
vn 0 -1 0 
vn 0 -1 0 
vn 0 -1 0 
vn 0 -1 0 
vn 0 -1 0 
vn 0 -1 0 
vn 0 -1 0 
vn 0 -1 0 
vn 0 -1 0 
vn 0 -1 0 
vn 0 -1 0 
vn 0 -1 0 
vn 0 -1 0 
vn 0 -1 0 
vn -0.708661 0 0.708661 
vn -0.708661 0 0.708661 
vn -0.834646 0 0.551181 
vn -0.834646 0 0.551181 
vn -0.944882 0 0.314961 
vn -0.944882 0 0.314961 
vn -1 0 0 
vn -1 0 0 
vn -0.944882 0 -0.314961 
vn -0.944882 0 -0.314961 
vn -0.834646 0 -0.551181 
vn -0.834646 0 -0.551181 
vn -0.708661 0 -0.708661 
vn -0.708661 0 -0.708661 
vn 0.708661 0 0.708661 
vn 0.708661 0 0.708661 
vn 0.551181 0 0.834646 
vn 0.551181 0 0.834646 
vn 0.314961 0 0.944882 
vn 0.314961 0 0.944882 
vn 0 0 1 
vn 0 0 1 
vn -0.314961 0 0.944882 
vn -0.314961 0 0.944882 
vn -0.551181 0 0.834646 
vn -0.551181 0 0.834646 
vn -0.708661 0 0.708661 
vn -0.708661 0 0.708661 

vt 2.81662 -0.316625 
vt 2.86374 -0.269514 
vt 2.87206 -0.279668 
vt 2.87983 -0.295556 
vt 2.88325 -0.316625 
vt 2.87983 -0.337693 
vt 2.87206 -0.353581 
vt 2.86374 -0.363735 
vt 2.86374 -0.363735 
vt 2.85358 -0.37206 
vt 2.83769 -0.37983 
vt 2.81662 -0.383249 
vt 2.79556 -0.37983 
vt 2.77967 -0.37206 
vt 2.76951 -0.363735 
vt 2.76951 -0.363735 
vt 2.76119 -0.353581 
vt 2.75342 -0.337693 
vt 2.75 -0.316625 
vt 2.75342 -0.295556 
vt 2.76119 -0.279668 
vt 2.76951 -0.269514 
vt 2.76951 -0.269514 
vt 2.77967 -0.26119 
vt 2.79556 -0.253419 
vt 2.81662 -0.25 
vt 2.83769 -0.253419 
vt 2.85358 -0.26119 
vt 2.86374 -0.269514 
vt 3.3185 -0.25 
vt 2.75 -0.25 
vt 3.3185 -0.272208 
vt 2.75 -0.272208 
vt 3.3185 -0.294416 
vt 2.75 -0.294416 
vt 3.3185 -0.316625 
vt 2.75 -0.316625 
vt 3.3185 -0.338833 
vt 2.75 -0.338833 
vt 3.3185 -0.361041 
vt 2.75 -0.361041 
vt 3.3185 -0.383249 
vt 2.75 -0.383249 
vt 3.3185 -0.25 
vt 2.75 -0.25 
vt 3.3185 -0.272208 
vt 2.75 -0.272208 
vt 3.3185 -0.294416 
vt 2.75 -0.294416 
vt 3.3185 -0.316625 
vt 2.75 -0.316625 
vt 3.3185 -0.338833 
vt 2.75 -0.338833 
vt 3.3185 -0.361041 
vt 2.75 -0.361041 
vt 3.3185 -0.383249 
vt 2.75 -0.383249 
vt 2.81662 -0.316625 
vt 2.86374 -0.269514 
vt 2.87206 -0.279668 
vt 2.87983 -0.295556 
vt 2.88325 -0.316625 
vt 2.87983 -0.337693 
vt 2.87206 -0.353581 
vt 2.86374 -0.363735 
vt 2.86374 -0.363735 
vt 2.85358 -0.37206 
vt 2.83769 -0.37983 
vt 2.81662 -0.383249 
vt 2.79556 -0.37983 
vt 2.77967 -0.37206 
vt 2.76951 -0.363735 
vt 2.76951 -0.363735 
vt 2.76119 -0.353581 
vt 2.75342 -0.337693 
vt 2.75 -0.316625 
vt 2.75342 -0.295556 
vt 2.76119 -0.279668 
vt 2.76951 -0.269514 
vt 2.76951 -0.269514 
vt 2.77967 -0.26119 
vt 2.79556 -0.253419 
vt 2.81662 -0.25 
vt 2.83769 -0.253419 
vt 2.85358 -0.26119 
vt 2.86374 -0.269514 
vt 3.3185 -0.25 
vt 2.75 -0.25 
vt 3.3185 -0.272208 
vt 2.75 -0.272208 
vt 3.3185 -0.294416 
vt 2.75 -0.294416 
vt 3.3185 -0.316625 
vt 2.75 -0.316625 
vt 3.3185 -0.338833 
vt 2.75 -0.338833 
vt 3.3185 -0.361041 
vt 2.75 -0.361041 
vt 3.3185 -0.383249 
vt 2.75 -0.383249 
vt 3.3185 -0.25 
vt 2.75 -0.25 
vt 3.3185 -0.272208 
vt 2.75 -0.272208 
vt 3.3185 -0.294416 
vt 2.75 -0.294416 
vt 3.3185 -0.316625 
vt 2.75 -0.316625 
vt 3.3185 -0.338833 
vt 2.75 -0.338833 
vt 3.3185 -0.361041 
vt 2.75 -0.361041 
vt 3.3185 -0.383249 
vt 2.75 -0.383249 

usemtl Part1Mtl

f 1333/1333/1333 1335/1335/1335 1334/1334/1334 
f 1333/1333/1333 1336/1336/1336 1335/1335/1335 
f 1333/1333/1333 1337/1337/1337 1336/1336/1336 
f 1333/1333/1333 1338/1338/1338 1337/1337/1337 
f 1333/1333/1333 1339/1339/1339 1338/1338/1338 
f 1333/1333/1333 1340/1340/1340 1339/1339/1339 
f 1333/1333/1333 1342/1342/1342 1341/1341/1341 
f 1333/1333/1333 1343/1343/1343 1342/1342/1342 
f 1333/1333/1333 1344/1344/1344 1343/1343/1343 
f 1333/1333/1333 1345/1345/1345 1344/1344/1344 
f 1333/1333/1333 1346/1346/1346 1345/1345/1345 
f 1333/1333/1333 1347/1347/1347 1346/1346/1346 
f 1333/1333/1333 1349/1349/1349 1348/1348/1348 
f 1333/1333/1333 1350/1350/1350 1349/1349/1349 
f 1333/1333/1333 1351/1351/1351 1350/1350/1350 
f 1333/1333/1333 1352/1352/1352 1351/1351/1351 
f 1333/1333/1333 1353/1353/1353 1352/1352/1352 
f 1333/1333/1333 1354/1354/1354 1353/1353/1353 
f 1333/1333/1333 1356/1356/1356 1355/1355/1355 
f 1333/1333/1333 1357/1357/1357 1356/1356/1356 
f 1333/1333/1333 1358/1358/1358 1357/1357/1357 
f 1333/1333/1333 1359/1359/1359 1358/1358/1358 
f 1333/1333/1333 1360/1360/1360 1359/1359/1359 
f 1333/1333/1333 1361/1361/1361 1360/1360/1360 
f 1362/1362/1362 1363/1363/1363 1364/1364/1364 
f 1364/1364/1364 1363/1363/1363 1365/1365/1365 
f 1364/1364/1364 1365/1365/1365 1366/1366/1366 
f 1366/1366/1366 1365/1365/1365 1367/1367/1367 
f 1366/1366/1366 1367/1367/1367 1368/1368/1368 
f 1368/1368/1368 1367/1367/1367 1369/1369/1369 
f 1368/1368/1368 1369/1369/1369 1370/1370/1370 
f 1370/1370/1370 1369/1369/1369 1371/1371/1371 
f 1370/1370/1370 1371/1371/1371 1372/1372/1372 
f 1372/1372/1372 1371/1371/1371 1373/1373/1373 
f 1372/1372/1372 1373/1373/1373 1374/1374/1374 
f 1374/1374/1374 1373/1373/1373 1375/1375/1375 
f 1376/1376/1376 1377/1377/1377 1378/1378/1378 
f 1378/1378/1378 1377/1377/1377 1379/1379/1379 
f 1378/1378/1378 1379/1379/1379 1380/1380/1380 
f 1380/1380/1380 1379/1379/1379 1381/1381/1381 
f 1380/1380/1380 1381/1381/1381 1382/1382/1382 
f 1382/1382/1382 1381/1381/1381 1383/1383/1383 
f 1382/1382/1382 1383/1383/1383 1384/1384/1384 
f 1384/1384/1384 1383/1383/1383 1385/1385/1385 
f 1384/1384/1384 1385/1385/1385 1386/1386/1386 
f 1386/1386/1386 1385/1385/1385 1387/1387/1387 
f 1386/1386/1386 1387/1387/1387 1388/1388/1388 
f 1388/1388/1388 1387/1387/1387 1389/1389/1389 
f 1390/1390/1390 1392/1392/1392 1391/1391/1391 
f 1390/1390/1390 1393/1393/1393 1392/1392/1392 
f 1390/1390/1390 1394/1394/1394 1393/1393/1393 
f 1390/1390/1390 1395/1395/1395 1394/1394/1394 
f 1390/1390/1390 1396/1396/1396 1395/1395/1395 
f 1390/1390/1390 1397/1397/1397 1396/1396/1396 
f 1390/1390/1390 1399/1399/1399 1398/1398/1398 
f 1390/1390/1390 1400/1400/1400 1399/1399/1399 
f 1390/1390/1390 1401/1401/1401 1400/1400/1400 
f 1390/1390/1390 1402/1402/1402 1401/1401/1401 
f 1390/1390/1390 1403/1403/1403 1402/1402/1402 
f 1390/1390/1390 1404/1404/1404 1403/1403/1403 
f 1390/1390/1390 1406/1406/1406 1405/1405/1405 
f 1390/1390/1390 1407/1407/1407 1406/1406/1406 
f 1390/1390/1390 1408/1408/1408 1407/1407/1407 
f 1390/1390/1390 1409/1409/1409 1408/1408/1408 
f 1390/1390/1390 1410/1410/1410 1409/1409/1409 
f 1390/1390/1390 1411/1411/1411 1410/1410/1410 
f 1390/1390/1390 1413/1413/1413 1412/1412/1412 
f 1390/1390/1390 1414/1414/1414 1413/1413/1413 
f 1390/1390/1390 1415/1415/1415 1414/1414/1414 
f 1390/1390/1390 1416/1416/1416 1415/1415/1415 
f 1390/1390/1390 1417/1417/1417 1416/1416/1416 
f 1390/1390/1390 1418/1418/1418 1417/1417/1417 
f 1419/1419/1419 1420/1420/1420 1421/1421/1421 
f 1421/1421/1421 1420/1420/1420 1422/1422/1422 
f 1421/1421/1421 1422/1422/1422 1423/1423/1423 
f 1423/1423/1423 1422/1422/1422 1424/1424/1424 
f 1423/1423/1423 1424/1424/1424 1425/1425/1425 
f 1425/1425/1425 1424/1424/1424 1426/1426/1426 
f 1425/1425/1425 1426/1426/1426 1427/1427/1427 
f 1427/1427/1427 1426/1426/1426 1428/1428/1428 
f 1427/1427/1427 1428/1428/1428 1429/1429/1429 
f 1429/1429/1429 1428/1428/1428 1430/1430/1430 
f 1429/1429/1429 1430/1430/1430 1431/1431/1431 
f 1431/1431/1431 1430/1430/1430 1432/1432/1432 
f 1433/1433/1433 1434/1434/1434 1435/1435/1435 
f 1435/1435/1435 1434/1434/1434 1436/1436/1436 
f 1435/1435/1435 1436/1436/1436 1437/1437/1437 
f 1437/1437/1437 1436/1436/1436 1438/1438/1438 
f 1437/1437/1437 1438/1438/1438 1439/1439/1439 
f 1439/1439/1439 1438/1438/1438 1440/1440/1440 
f 1439/1439/1439 1440/1440/1440 1441/1441/1441 
f 1441/1441/1441 1440/1440/1440 1442/1442/1442 
f 1441/1441/1441 1442/1442/1442 1443/1443/1443 
f 1443/1443/1443 1442/1442/1442 1444/1444/1444 
f 1443/1443/1443 1444/1444/1444 1445/1445/1445 
f 1445/1445/1445 1444/1444/1444 1446/1446/1446 

g Part37

v 120.943 122.823 11.4206 
v 120.943 115.844 11.4206 
v 121.593 122.823 11.4206 
v 121.593 115.844 11.4206 
v 120.943 115.844 10.7717 
v 120.943 115.844 11.4206 
v 120.943 122.823 10.7717 
v 120.943 122.823 11.4206 
v 120.943 115.844 11.4206 
v 120.943 115.844 10.7717 
v 121.593 115.844 11.4206 
v 121.593 115.844 10.7717 
v 120.943 115.844 10.7717 
v 120.943 122.823 10.7717 
v 121.593 115.844 10.7717 
v 121.593 122.823 10.7717 
v 121.593 122.823 10.7717 
v 121.593 122.823 11.4206 
v 121.593 115.844 10.7717 
v 121.593 115.844 11.4206 
v 120.943 122.823 10.7717 
v 120.943 122.823 11.4206 
v 121.593 122.823 10.7717 
v 121.593 122.823 11.4206 

vn 0 0 1 
vn 0 0 1 
vn 0 0 1 
vn 0 0 1 
vn -1 0 0 
vn -1 0 0 
vn -1 0 0 
vn -1 0 0 
vn 0 -1 0 
vn 0 -1 0 
vn 0 -1 0 
vn 0 -1 0 
vn 0 0 -1 
vn 0 0 -1 
vn 0 0 -1 
vn 0 0 -1 
vn 1 0 0 
vn 1 0 0 
vn 1 0 0 
vn 1 0 0 
vn 0 1 0 
vn 0 1 0 
vn 0 1 0 
vn 0 1 0 

vt 8.37237 -5.75 
vt 7.5 -5.75 
vt 8.37237 -5.8313 
vt 7.5 -5.8313 
vt 7.58111 -5.75 
vt 7.5 -5.75 
vt 7.58111 -6.62237 
vt 7.5 -6.62237 
vt 7.58111 -5.75 
vt 7.5 -5.75 
vt 7.58111 -5.8313 
vt 7.5 -5.8313 
vt 8.37237 -5.75 
vt 7.5 -5.75 
vt 8.37237 -5.8313 
vt 7.5 -5.8313 
vt 7.58111 -5.75 
vt 7.5 -5.75 
vt 7.58111 -6.62237 
vt 7.5 -6.62237 
vt 7.58111 -5.75 
vt 7.5 -5.75 
vt 7.58111 -5.8313 
vt 7.5 -5.8313 

usemtl Part1Mtl

f 1447/1447/1447 1448/1448/1448 1449/1449/1449 
f 1449/1449/1449 1448/1448/1448 1450/1450/1450 
f 1451/1451/1451 1452/1452/1452 1453/1453/1453 
f 1453/1453/1453 1452/1452/1452 1454/1454/1454 
f 1455/1455/1455 1456/1456/1456 1457/1457/1457 
f 1457/1457/1457 1456/1456/1456 1458/1458/1458 
f 1459/1459/1459 1460/1460/1460 1461/1461/1461 
f 1461/1461/1461 1460/1460/1460 1462/1462/1462 
f 1463/1463/1463 1464/1464/1464 1465/1465/1465 
f 1465/1465/1465 1464/1464/1464 1466/1466/1466 
f 1467/1467/1467 1468/1468/1468 1469/1469/1469 
f 1469/1469/1469 1468/1468/1468 1470/1470/1470 

g Part38

v 124.843 115.677 9.47017 
v 124.843 115.677 4.27055 
v 124.843 115.353 9.47017 
v 124.843 115.353 4.27055 
v 125.173 115.677 4.27055 
v 124.843 115.677 4.27055 
v 125.173 115.677 9.47017 
v 124.843 115.677 9.47017 
v 124.843 115.677 4.27055 
v 125.173 115.677 4.27055 
v 124.843 115.353 4.27055 
v 125.173 115.353 4.27055 
v 125.173 115.677 4.27055 
v 125.173 115.677 9.47017 
v 125.173 115.353 4.27055 
v 125.173 115.353 9.47017 
v 125.173 115.353 9.47017 
v 124.843 115.353 9.47017 
v 125.173 115.353 4.27055 
v 124.843 115.353 4.27055 
v 125.173 115.677 9.47017 
v 124.843 115.677 9.47017 
v 125.173 115.353 9.47017 
v 124.843 115.353 9.47017 

vn -1 0 0 
vn -1 0 0 
vn -1 0 0 
vn -1 0 0 
vn 0 1 0 
vn 0 1 0 
vn 0 1 0 
vn 0 1 0 
vn 0 0 -1 
vn 0 0 -1 
vn 0 0 -1 
vn 0 0 -1 
vn 1 0 0 
vn 1 0 0 
vn 1 0 0 
vn 1 0 0 
vn 0 -1 0 
vn 0 -1 0 
vn 0 -1 0 
vn 0 -1 0 
vn 0 0 1 
vn 0 0 1 
vn 0 0 1 
vn 0 0 1 

vt 7.64995 -6.5 
vt 7 -6.5 
vt 7.64995 -6.54048 
vt 7 -6.54048 
vt 7.04125 -6.5 
vt 7 -6.5 
vt 7.04125 -7.14995 
vt 7 -7.14995 
vt 7.04125 -6.5 
vt 7 -6.5 
vt 7.04125 -6.54048 
vt 7 -6.54048 
vt 7.64995 -6.5 
vt 7 -6.5 
vt 7.64995 -6.54048 
vt 7 -6.54048 
vt 7.04125 -6.5 
vt 7 -6.5 
vt 7.04125 -7.14995 
vt 7 -7.14995 
vt 7.04125 -6.5 
vt 7 -6.5 
vt 7.04125 -6.54048 
vt 7 -6.54048 

usemtl Part1Mtl

f 1471/1471/1471 1472/1472/1472 1473/1473/1473 
f 1473/1473/1473 1472/1472/1472 1474/1474/1474 
f 1475/1475/1475 1476/1476/1476 1477/1477/1477 
f 1477/1477/1477 1476/1476/1476 1478/1478/1478 
f 1479/1479/1479 1480/1480/1480 1481/1481/1481 
f 1481/1481/1481 1480/1480/1480 1482/1482/1482 
f 1483/1483/1483 1484/1484/1484 1485/1485/1485 
f 1485/1485/1485 1484/1484/1484 1486/1486/1486 
f 1487/1487/1487 1488/1488/1488 1489/1489/1489 
f 1489/1489/1489 1488/1488/1488 1490/1490/1490 
f 1491/1491/1491 1492/1492/1492 1493/1493/1493 
f 1493/1493/1493 1492/1492/1492 1494/1494/1494 

g Part39

v 122.893 122.824 3.62061 
v 123.353 122.824 4.08019 
v 123.254 122.824 4.1614 
v 123.099 122.824 4.2372 
v 122.893 122.824 4.27056 
v 122.688 122.824 4.2372 
v 122.533 122.824 4.1614 
v 122.434 122.824 4.08019 
v 122.434 122.824 4.08019 
v 122.353 122.824 3.98113 
v 122.277 122.824 3.82614 
v 122.244 122.824 3.62061 
v 122.277 122.824 3.41507 
v 122.353 122.824 3.26008 
v 122.434 122.824 3.16102 
v 122.434 122.824 3.16102 
v 122.533 122.824 3.07981 
v 122.688 122.824 3.00401 
v 122.893 122.824 2.97065 
v 123.099 122.824 3.00401 
v 123.254 122.824 3.07981 
v 123.353 122.824 3.16102 
v 123.353 122.824 3.16102 
v 123.434 122.824 3.26008 
v 123.51 122.824 3.41507 
v 123.543 122.824 3.62061 
v 123.51 122.824 3.82614 
v 123.434 122.824 3.98113 
v 123.353 122.824 4.08019 
v 123.353 122.176 3.16102 
v 123.353 122.824 3.16102 
v 123.434 122.176 3.26008 
v 123.434 122.824 3.26008 
v 123.51 122.176 3.41507 
v 123.51 122.824 3.41507 
v 123.543 122.176 3.62061 
v 123.543 122.824 3.62061 
v 123.51 122.176 3.82614 
v 123.51 122.824 3.82614 
v 123.434 122.176 3.98113 
v 123.434 122.824 3.98113 
v 123.353 122.176 4.08019 
v 123.353 122.824 4.08019 
v 123.353 122.824 3.16102 
v 123.353 122.176 3.16102 
v 123.254 122.824 3.07981 
v 123.254 122.176 3.07981 
v 123.099 122.824 3.00401 
v 123.099 122.176 3.00401 
v 122.893 122.824 2.97065 
v 122.893 122.176 2.97065 
v 122.688 122.824 3.00401 
v 122.688 122.176 3.00401 
v 122.533 122.824 3.07981 
v 122.533 122.176 3.07981 
v 122.434 122.824 3.16102 
v 122.434 122.176 3.16102 
v 122.893 122.176 3.62061 
v 123.353 122.176 3.16102 
v 123.254 122.176 3.07981 
v 123.099 122.176 3.00401 
v 122.893 122.176 2.97065 
v 122.688 122.176 3.00401 
v 122.533 122.176 3.07981 
v 122.434 122.176 3.16102 
v 122.434 122.176 3.16102 
v 122.353 122.176 3.26008 
v 122.277 122.176 3.41507 
v 122.244 122.176 3.62061 
v 122.277 122.176 3.82614 
v 122.353 122.176 3.98113 
v 122.434 122.176 4.08019 
v 122.434 122.176 4.08019 
v 122.533 122.176 4.1614 
v 122.688 122.176 4.2372 
v 122.893 122.176 4.27056 
v 123.099 122.176 4.2372 
v 123.254 122.176 4.1614 
v 123.353 122.176 4.08019 
v 123.353 122.176 4.08019 
v 123.434 122.176 3.98113 
v 123.51 122.176 3.82614 
v 123.543 122.176 3.62061 
v 123.51 122.176 3.41507 
v 123.434 122.176 3.26008 
v 123.353 122.176 3.16102 
v 122.434 122.176 4.08019 
v 122.434 122.824 4.08019 
v 122.353 122.176 3.98113 
v 122.353 122.824 3.98113 
v 122.277 122.176 3.82614 
v 122.277 122.824 3.82614 
v 122.244 122.176 3.62061 
v 122.244 122.824 3.62061 
v 122.277 122.176 3.41507 
v 122.277 122.824 3.41507 
v 122.353 122.176 3.26008 
v 122.353 122.824 3.26008 
v 122.434 122.176 3.16102 
v 122.434 122.824 3.16102 
v 123.353 122.176 4.08019 
v 123.353 122.824 4.08019 
v 123.254 122.176 4.1614 
v 123.254 122.824 4.1614 
v 123.099 122.176 4.2372 
v 123.099 122.824 4.2372 
v 122.893 122.176 4.27056 
v 122.893 122.824 4.27056 
v 122.688 122.176 4.2372 
v 122.688 122.824 4.2372 
v 122.533 122.176 4.1614 
v 122.533 122.824 4.1614 
v 122.434 122.176 4.08019 
v 122.434 122.824 4.08019 

vn 0 1 0 
vn 0 1 0 
vn 0 1 0 
vn 0 1 0 
vn 0 1 0 
vn 0 1 0 
vn 0 1 0 
vn 0 1 0 
vn 0 1 0 
vn 0 1 0 
vn 0 1 0 
vn 0 1 0 
vn 0 1 0 
vn 0 1 0 
vn 0 1 0 
vn 0 1 0 
vn 0 1 0 
vn 0 1 0 
vn 0 1 0 
vn 0 1 0 
vn 0 1 0 
vn 0 1 0 
vn 0 1 0 
vn 0 1 0 
vn 0 1 0 
vn 0 1 0 
vn 0 1 0 
vn 0 1 0 
vn 0 1 0 
vn 0.708661 0 -0.708661 
vn 0.708661 0 -0.708661 
vn 0.834646 0 -0.551181 
vn 0.834646 0 -0.551181 
vn 0.944882 0 -0.314961 
vn 0.944882 0 -0.314961 
vn 1 0 0 
vn 1 0 0 
vn 0.944882 0 0.314961 
vn 0.944882 0 0.314961 
vn 0.834646 0 0.551181 
vn 0.834646 0 0.551181 
vn 0.708661 0 0.708661 
vn 0.708661 0 0.708661 
vn 0.708661 0 -0.708661 
vn 0.708661 0 -0.708661 
vn 0.551181 0 -0.834646 
vn 0.551181 0 -0.834646 
vn 0.314961 0 -0.944882 
vn 0.314961 0 -0.944882 
vn 0 0 -1 
vn 0 0 -1 
vn -0.314961 0 -0.944882 
vn -0.314961 0 -0.944882 
vn -0.551181 0 -0.834646 
vn -0.551181 0 -0.834646 
vn -0.708661 0 -0.708661 
vn -0.708661 0 -0.708661 
vn 0 -1 0 
vn 0 -1 0 
vn 0 -1 0 
vn 0 -1 0 
vn 0 -1 0 
vn 0 -1 0 
vn 0 -1 0 
vn 0 -1 0 
vn 0 -1 0 
vn 0 -1 0 
vn 0 -1 0 
vn 0 -1 0 
vn 0 -1 0 
vn 0 -1 0 
vn 0 -1 0 
vn 0 -1 0 
vn 0 -1 0 
vn 0 -1 0 
vn 0 -1 0 
vn 0 -1 0 
vn 0 -1 0 
vn 0 -1 0 
vn 0 -1 0 
vn 0 -1 0 
vn 0 -1 0 
vn 0 -1 0 
vn 0 -1 0 
vn 0 -1 0 
vn 0 -1 0 
vn -0.708661 0 0.708661 
vn -0.708661 0 0.708661 
vn -0.834646 0 0.551181 
vn -0.834646 0 0.551181 
vn -0.944882 0 0.314961 
vn -0.944882 0 0.314961 
vn -1 0 0 
vn -1 0 0 
vn -0.944882 0 -0.314961 
vn -0.944882 0 -0.314961 
vn -0.834646 0 -0.551181 
vn -0.834646 0 -0.551181 
vn -0.708661 0 -0.708661 
vn -0.708661 0 -0.708661 
vn 0.708661 0 0.708661 
vn 0.708661 0 0.708661 
vn 0.551181 0 0.834646 
vn 0.551181 0 0.834646 
vn 0.314961 0 0.944882 
vn 0.314961 0 0.944882 
vn 0 0 1 
vn 0 0 1 
vn -0.314961 0 0.944882 
vn -0.314961 0 0.944882 
vn -0.551181 0 0.834646 
vn -0.551181 0 0.834646 
vn -0.708661 0 0.708661 
vn -0.708661 0 0.708661 

vt 6.58124 -2.08124 
vt 6.63869 -2.0238 
vt 6.64884 -2.03618 
vt 6.65832 -2.05555 
vt 6.66249 -2.08124 
vt 6.65832 -2.10694 
vt 6.64884 -2.12631 
vt 6.63869 -2.13869 
vt 6.63869 -2.13869 
vt 6.62631 -2.14884 
vt 6.60694 -2.15832 
vt 6.58124 -2.16249 
vt 6.55555 -2.15832 
vt 6.53618 -2.14884 
vt 6.5238 -2.13869 
vt 6.5238 -2.13869 
vt 6.51365 -2.12631 
vt 6.50417 -2.10694 
vt 6.5 -2.08124 
vt 6.50417 -2.05555 
vt 6.51365 -2.03618 
vt 6.5238 -2.0238 
vt 6.5238 -2.0238 
vt 6.53618 -2.01364 
vt 6.55555 -2.00417 
vt 6.58124 -2 
vt 6.60694 -2.00417 
vt 6.62631 -2.01364 
vt 6.63869 -2.0238 
vt 6.58104 -2 
vt 6.5 -2 
vt 6.58104 -2.02708 
vt 6.5 -2.02708 
vt 6.58104 -2.05416 
vt 6.5 -2.05416 
vt 6.58104 -2.08124 
vt 6.5 -2.08124 
vt 6.58104 -2.10833 
vt 6.5 -2.10833 
vt 6.58104 -2.13541 
vt 6.5 -2.13541 
vt 6.58104 -2.16249 
vt 6.5 -2.16249 
vt 6.58104 -2 
vt 6.5 -2 
vt 6.58104 -2.02708 
vt 6.5 -2.02708 
vt 6.58104 -2.05416 
vt 6.5 -2.05416 
vt 6.58104 -2.08124 
vt 6.5 -2.08124 
vt 6.58104 -2.10833 
vt 6.5 -2.10833 
vt 6.58104 -2.13541 
vt 6.5 -2.13541 
vt 6.58104 -2.16249 
vt 6.5 -2.16249 
vt 6.58124 -2.08124 
vt 6.63869 -2.0238 
vt 6.64884 -2.03618 
vt 6.65832 -2.05555 
vt 6.66249 -2.08124 
vt 6.65832 -2.10694 
vt 6.64884 -2.12631 
vt 6.63869 -2.13869 
vt 6.63869 -2.13869 
vt 6.62631 -2.14884 
vt 6.60694 -2.15832 
vt 6.58124 -2.16249 
vt 6.55555 -2.15832 
vt 6.53618 -2.14884 
vt 6.5238 -2.13869 
vt 6.5238 -2.13869 
vt 6.51365 -2.12631 
vt 6.50417 -2.10694 
vt 6.5 -2.08124 
vt 6.50417 -2.05555 
vt 6.51365 -2.03618 
vt 6.5238 -2.0238 
vt 6.5238 -2.0238 
vt 6.53618 -2.01364 
vt 6.55555 -2.00417 
vt 6.58124 -2 
vt 6.60694 -2.00417 
vt 6.62631 -2.01364 
vt 6.63869 -2.0238 
vt 6.58104 -2 
vt 6.5 -2 
vt 6.58104 -2.02708 
vt 6.5 -2.02708 
vt 6.58104 -2.05416 
vt 6.5 -2.05416 
vt 6.58104 -2.08124 
vt 6.5 -2.08124 
vt 6.58104 -2.10833 
vt 6.5 -2.10833 
vt 6.58104 -2.13541 
vt 6.5 -2.13541 
vt 6.58104 -2.16249 
vt 6.5 -2.16249 
vt 6.58104 -2 
vt 6.5 -2 
vt 6.58104 -2.02708 
vt 6.5 -2.02708 
vt 6.58104 -2.05416 
vt 6.5 -2.05416 
vt 6.58104 -2.08124 
vt 6.5 -2.08124 
vt 6.58104 -2.10833 
vt 6.5 -2.10833 
vt 6.58104 -2.13541 
vt 6.5 -2.13541 
vt 6.58104 -2.16249 
vt 6.5 -2.16249 

usemtl Part1Mtl

f 1495/1495/1495 1497/1497/1497 1496/1496/1496 
f 1495/1495/1495 1498/1498/1498 1497/1497/1497 
f 1495/1495/1495 1499/1499/1499 1498/1498/1498 
f 1495/1495/1495 1500/1500/1500 1499/1499/1499 
f 1495/1495/1495 1501/1501/1501 1500/1500/1500 
f 1495/1495/1495 1502/1502/1502 1501/1501/1501 
f 1495/1495/1495 1504/1504/1504 1503/1503/1503 
f 1495/1495/1495 1505/1505/1505 1504/1504/1504 
f 1495/1495/1495 1506/1506/1506 1505/1505/1505 
f 1495/1495/1495 1507/1507/1507 1506/1506/1506 
f 1495/1495/1495 1508/1508/1508 1507/1507/1507 
f 1495/1495/1495 1509/1509/1509 1508/1508/1508 
f 1495/1495/1495 1511/1511/1511 1510/1510/1510 
f 1495/1495/1495 1512/1512/1512 1511/1511/1511 
f 1495/1495/1495 1513/1513/1513 1512/1512/1512 
f 1495/1495/1495 1514/1514/1514 1513/1513/1513 
f 1495/1495/1495 1515/1515/1515 1514/1514/1514 
f 1495/1495/1495 1516/1516/1516 1515/1515/1515 
f 1495/1495/1495 1518/1518/1518 1517/1517/1517 
f 1495/1495/1495 1519/1519/1519 1518/1518/1518 
f 1495/1495/1495 1520/1520/1520 1519/1519/1519 
f 1495/1495/1495 1521/1521/1521 1520/1520/1520 
f 1495/1495/1495 1522/1522/1522 1521/1521/1521 
f 1495/1495/1495 1523/1523/1523 1522/1522/1522 
f 1524/1524/1524 1525/1525/1525 1526/1526/1526 
f 1526/1526/1526 1525/1525/1525 1527/1527/1527 
f 1526/1526/1526 1527/1527/1527 1528/1528/1528 
f 1528/1528/1528 1527/1527/1527 1529/1529/1529 
f 1528/1528/1528 1529/1529/1529 1530/1530/1530 
f 1530/1530/1530 1529/1529/1529 1531/1531/1531 
f 1530/1530/1530 1531/1531/1531 1532/1532/1532 
f 1532/1532/1532 1531/1531/1531 1533/1533/1533 
f 1532/1532/1532 1533/1533/1533 1534/1534/1534 
f 1534/1534/1534 1533/1533/1533 1535/1535/1535 
f 1534/1534/1534 1535/1535/1535 1536/1536/1536 
f 1536/1536/1536 1535/1535/1535 1537/1537/1537 
f 1538/1538/1538 1539/1539/1539 1540/1540/1540 
f 1540/1540/1540 1539/1539/1539 1541/1541/1541 
f 1540/1540/1540 1541/1541/1541 1542/1542/1542 
f 1542/1542/1542 1541/1541/1541 1543/1543/1543 
f 1542/1542/1542 1543/1543/1543 1544/1544/1544 
f 1544/1544/1544 1543/1543/1543 1545/1545/1545 
f 1544/1544/1544 1545/1545/1545 1546/1546/1546 
f 1546/1546/1546 1545/1545/1545 1547/1547/1547 
f 1546/1546/1546 1547/1547/1547 1548/1548/1548 
f 1548/1548/1548 1547/1547/1547 1549/1549/1549 
f 1548/1548/1548 1549/1549/1549 1550/1550/1550 
f 1550/1550/1550 1549/1549/1549 1551/1551/1551 
f 1552/1552/1552 1554/1554/1554 1553/1553/1553 
f 1552/1552/1552 1555/1555/1555 1554/1554/1554 
f 1552/1552/1552 1556/1556/1556 1555/1555/1555 
f 1552/1552/1552 1557/1557/1557 1556/1556/1556 
f 1552/1552/1552 1558/1558/1558 1557/1557/1557 
f 1552/1552/1552 1559/1559/1559 1558/1558/1558 
f 1552/1552/1552 1561/1561/1561 1560/1560/1560 
f 1552/1552/1552 1562/1562/1562 1561/1561/1561 
f 1552/1552/1552 1563/1563/1563 1562/1562/1562 
f 1552/1552/1552 1564/1564/1564 1563/1563/1563 
f 1552/1552/1552 1565/1565/1565 1564/1564/1564 
f 1552/1552/1552 1566/1566/1566 1565/1565/1565 
f 1552/1552/1552 1568/1568/1568 1567/1567/1567 
f 1552/1552/1552 1569/1569/1569 1568/1568/1568 
f 1552/1552/1552 1570/1570/1570 1569/1569/1569 
f 1552/1552/1552 1571/1571/1571 1570/1570/1570 
f 1552/1552/1552 1572/1572/1572 1571/1571/1571 
f 1552/1552/1552 1573/1573/1573 1572/1572/1572 
f 1552/1552/1552 1575/1575/1575 1574/1574/1574 
f 1552/1552/1552 1576/1576/1576 1575/1575/1575 
f 1552/1552/1552 1577/1577/1577 1576/1576/1576 
f 1552/1552/1552 1578/1578/1578 1577/1577/1577 
f 1552/1552/1552 1579/1579/1579 1578/1578/1578 
f 1552/1552/1552 1580/1580/1580 1579/1579/1579 
f 1581/1581/1581 1582/1582/1582 1583/1583/1583 
f 1583/1583/1583 1582/1582/1582 1584/1584/1584 
f 1583/1583/1583 1584/1584/1584 1585/1585/1585 
f 1585/1585/1585 1584/1584/1584 1586/1586/1586 
f 1585/1585/1585 1586/1586/1586 1587/1587/1587 
f 1587/1587/1587 1586/1586/1586 1588/1588/1588 
f 1587/1587/1587 1588/1588/1588 1589/1589/1589 
f 1589/1589/1589 1588/1588/1588 1590/1590/1590 
f 1589/1589/1589 1590/1590/1590 1591/1591/1591 
f 1591/1591/1591 1590/1590/1590 1592/1592/1592 
f 1591/1591/1591 1592/1592/1592 1593/1593/1593 
f 1593/1593/1593 1592/1592/1592 1594/1594/1594 
f 1595/1595/1595 1596/1596/1596 1597/1597/1597 
f 1597/1597/1597 1596/1596/1596 1598/1598/1598 
f 1597/1597/1597 1598/1598/1598 1599/1599/1599 
f 1599/1599/1599 1598/1598/1598 1600/1600/1600 
f 1599/1599/1599 1600/1600/1600 1601/1601/1601 
f 1601/1601/1601 1600/1600/1600 1602/1602/1602 
f 1601/1601/1601 1602/1602/1602 1603/1603/1603 
f 1603/1603/1603 1602/1602/1602 1604/1604/1604 
f 1603/1603/1603 1604/1604/1604 1605/1605/1605 
f 1605/1605/1605 1604/1604/1604 1606/1606/1606 
f 1605/1605/1605 1606/1606/1606 1607/1607/1607 
f 1607/1607/1607 1606/1606/1606 1608/1608/1608 

g Part40

v 126.143 115.029 4.27055 
v 126.143 115.029 4.27055 
v 125.823 115.353 4.27055 
v 125.823 115.029 4.27055 
v 126.143 115.029 4.27055 
v 126.143 115.029 9.47017 
v 125.823 115.029 4.27055 
v 125.823 115.029 9.47017 
v 126.143 115.029 9.47017 
v 126.143 115.029 9.47017 
v 125.823 115.029 9.47017 
v 125.823 115.353 9.47017 
v 125.823 115.353 9.47017 
v 125.823 115.353 4.27055 
v 125.823 115.029 9.47017 
v 125.823 115.029 4.27055 
v 126.143 115.029 9.47017 
v 126.143 115.029 4.27055 
v 125.823 115.353 9.47017 
v 125.823 115.353 4.27055 

vn 0 0 -1 
vn 0 0 -1 
vn 0 0 -1 
vn 0 0 -1 
vn 0 -1 0 
vn 0 -1 0 
vn 0 -1 0 
vn 0 -1 0 
vn 0 0 1 
vn 0 0 1 
vn 0 0 1 
vn 0 0 1 
vn -1 0 0 
vn -1 0 0 
vn -1 0 0 
vn -1 0 0 
vn 0.708661 0.700787 0 
vn 0.708661 0.700787 0 
vn 0.708661 0.700787 0 
vn 0.708661 0.700787 0 

vt 2.25 0 
vt 2.25 0 
vt 2.29048 -0.0399928 
vt 2.25 -0.0399928 
vt 2.89995 0 
vt 2.25 0 
vt 2.89995 -0.0399928 
vt 2.25 -0.0399928 
vt 2.29048 0 
vt 2.29048 0 
vt 2.29048 -0.0399928 
vt 2.25 -0.0399928 
vt 2.89995 0 
vt 2.25 0 
vt 2.89995 -0.0404834 
vt 2.25 -0.0404834 
vt 2.89995 0 
vt 2.25 0 
vt 2.89995 -0.0569063 
vt 2.25 -0.0569063 

usemtl Part1Mtl

f 1609/1609/1609 1610/1610/1610 1611/1611/1611 
f 1611/1611/1611 1610/1610/1610 1612/1612/1612 
f 1613/1613/1613 1614/1614/1614 1615/1615/1615 
f 1615/1615/1615 1614/1614/1614 1616/1616/1616 
f 1617/1617/1617 1618/1618/1618 1619/1619/1619 
f 1619/1619/1619 1618/1618/1618 1620/1620/1620 
f 1621/1621/1621 1622/1622/1622 1623/1623/1623 
f 1623/1623/1623 1622/1622/1622 1624/1624/1624 
f 1625/1625/1625 1626/1626/1626 1627/1627/1627 
f 1627/1627/1627 1626/1626/1626 1628/1628/1628 

g Part41

v 122.893 122.823 10.1907 
v 123.353 122.823 10.6503 
v 123.254 122.823 10.7315 
v 123.099 122.823 10.8073 
v 122.893 122.823 10.8406 
v 122.688 122.823 10.8073 
v 122.533 122.823 10.7315 
v 122.434 122.823 10.6503 
v 122.434 122.823 10.6503 
v 122.353 122.823 10.5512 
v 122.277 122.823 10.3962 
v 122.244 122.823 10.1907 
v 122.277 122.823 9.98514 
v 122.353 122.823 9.83014 
v 122.434 122.823 9.73109 
v 122.434 122.823 9.73109 
v 122.533 122.823 9.64988 
v 122.688 122.823 9.57407 
v 122.893 122.823 9.54072 
v 123.099 122.823 9.57407 
v 123.254 122.823 9.64988 
v 123.353 122.823 9.73109 
v 123.353 122.823 9.73109 
v 123.434 122.823 9.83014 
v 123.51 122.823 9.98514 
v 123.543 122.823 10.1907 
v 123.51 122.823 10.3962 
v 123.434 122.823 10.5512 
v 123.353 122.823 10.6503 
v 123.353 122.175 9.73109 
v 123.353 122.823 9.73109 
v 123.434 122.175 9.83014 
v 123.434 122.823 9.83014 
v 123.51 122.175 9.98514 
v 123.51 122.823 9.98514 
v 123.543 122.175 10.1907 
v 123.543 122.823 10.1907 
v 123.51 122.175 10.3962 
v 123.51 122.823 10.3962 
v 123.434 122.175 10.5512 
v 123.434 122.823 10.5512 
v 123.353 122.175 10.6503 
v 123.353 122.823 10.6503 
v 123.353 122.823 9.73109 
v 123.353 122.175 9.73109 
v 123.254 122.823 9.64988 
v 123.254 122.175 9.64988 
v 123.099 122.823 9.57407 
v 123.099 122.175 9.57407 
v 122.893 122.823 9.54072 
v 122.893 122.175 9.54072 
v 122.688 122.823 9.57407 
v 122.688 122.175 9.57407 
v 122.533 122.823 9.64988 
v 122.533 122.175 9.64988 
v 122.434 122.823 9.73109 
v 122.434 122.175 9.73109 
v 122.893 122.175 10.1907 
v 123.353 122.175 9.73109 
v 123.254 122.175 9.64988 
v 123.099 122.175 9.57407 
v 122.893 122.175 9.54072 
v 122.688 122.175 9.57407 
v 122.533 122.175 9.64988 
v 122.434 122.175 9.73109 
v 122.434 122.175 9.73109 
v 122.353 122.175 9.83014 
v 122.277 122.175 9.98514 
v 122.244 122.175 10.1907 
v 122.277 122.175 10.3962 
v 122.353 122.175 10.5512 
v 122.434 122.175 10.6503 
v 122.434 122.175 10.6503 
v 122.533 122.175 10.7315 
v 122.688 122.175 10.8073 
v 122.893 122.175 10.8406 
v 123.099 122.175 10.8073 
v 123.254 122.175 10.7315 
v 123.353 122.175 10.6503 
v 123.353 122.175 10.6503 
v 123.434 122.175 10.5512 
v 123.51 122.175 10.3962 
v 123.543 122.175 10.1907 
v 123.51 122.175 9.98514 
v 123.434 122.175 9.83014 
v 123.353 122.175 9.73109 
v 122.434 122.175 10.6503 
v 122.434 122.823 10.6503 
v 122.353 122.175 10.5512 
v 122.353 122.823 10.5512 
v 122.277 122.175 10.3962 
v 122.277 122.823 10.3962 
v 122.244 122.175 10.1907 
v 122.244 122.823 10.1907 
v 122.277 122.175 9.98514 
v 122.277 122.823 9.98514 
v 122.353 122.175 9.83014 
v 122.353 122.823 9.83014 
v 122.434 122.175 9.73109 
v 122.434 122.823 9.73109 
v 123.353 122.175 10.6503 
v 123.353 122.823 10.6503 
v 123.254 122.175 10.7315 
v 123.254 122.823 10.7315 
v 123.099 122.175 10.8073 
v 123.099 122.823 10.8073 
v 122.893 122.175 10.8406 
v 122.893 122.823 10.8406 
v 122.688 122.175 10.8073 
v 122.688 122.823 10.8073 
v 122.533 122.175 10.7315 
v 122.533 122.823 10.7315 
v 122.434 122.175 10.6503 
v 122.434 122.823 10.6503 

vn 0 1 0 
vn 0 1 0 
vn 0 1 0 
vn 0 1 0 
vn 0 1 0 
vn 0 1 0 
vn 0 1 0 
vn 0 1 0 
vn 0 1 0 
vn 0 1 0 
vn 0 1 0 
vn 0 1 0 
vn 0 1 0 
vn 0 1 0 
vn 0 1 0 
vn 0 1 0 
vn 0 1 0 
vn 0 1 0 
vn 0 1 0 
vn 0 1 0 
vn 0 1 0 
vn 0 1 0 
vn 0 1 0 
vn 0 1 0 
vn 0 1 0 
vn 0 1 0 
vn 0 1 0 
vn 0 1 0 
vn 0 1 0 
vn 0.708661 0 -0.708661 
vn 0.708661 0 -0.708661 
vn 0.834646 0 -0.551181 
vn 0.834646 0 -0.551181 
vn 0.944882 0 -0.314961 
vn 0.944882 0 -0.314961 
vn 1 0 0 
vn 1 0 0 
vn 0.944882 0 0.314961 
vn 0.944882 0 0.314961 
vn 0.834646 0 0.551181 
vn 0.834646 0 0.551181 
vn 0.708661 0 0.708661 
vn 0.708661 0 0.708661 
vn 0.708661 0 -0.708661 
vn 0.708661 0 -0.708661 
vn 0.551181 0 -0.834646 
vn 0.551181 0 -0.834646 
vn 0.314961 0 -0.944882 
vn 0.314961 0 -0.944882 
vn 0 0 -1 
vn 0 0 -1 
vn -0.314961 0 -0.944882 
vn -0.314961 0 -0.944882 
vn -0.551181 0 -0.834646 
vn -0.551181 0 -0.834646 
vn -0.708661 0 -0.708661 
vn -0.708661 0 -0.708661 
vn 0 -1 0 
vn 0 -1 0 
vn 0 -1 0 
vn 0 -1 0 
vn 0 -1 0 
vn 0 -1 0 
vn 0 -1 0 
vn 0 -1 0 
vn 0 -1 0 
vn 0 -1 0 
vn 0 -1 0 
vn 0 -1 0 
vn 0 -1 0 
vn 0 -1 0 
vn 0 -1 0 
vn 0 -1 0 
vn 0 -1 0 
vn 0 -1 0 
vn 0 -1 0 
vn 0 -1 0 
vn 0 -1 0 
vn 0 -1 0 
vn 0 -1 0 
vn 0 -1 0 
vn 0 -1 0 
vn 0 -1 0 
vn 0 -1 0 
vn 0 -1 0 
vn 0 -1 0 
vn -0.708661 0 0.708661 
vn -0.708661 0 0.708661 
vn -0.834646 0 0.551181 
vn -0.834646 0 0.551181 
vn -0.944882 0 0.314961 
vn -0.944882 0 0.314961 
vn -1 0 0 
vn -1 0 0 
vn -0.944882 0 -0.314961 
vn -0.944882 0 -0.314961 
vn -0.834646 0 -0.551181 
vn -0.834646 0 -0.551181 
vn -0.708661 0 -0.708661 
vn -0.708661 0 -0.708661 
vn 0.708661 0 0.708661 
vn 0.708661 0 0.708661 
vn 0.551181 0 0.834646 
vn 0.551181 0 0.834646 
vn 0.314961 0 0.944882 
vn 0.314961 0 0.944882 
vn 0 0 1 
vn 0 0 1 
vn -0.314961 0 0.944882 
vn -0.314961 0 0.944882 
vn -0.551181 0 0.834646 
vn -0.551181 0 0.834646 
vn -0.708661 0 0.708661 
vn -0.708661 0 0.708661 

vt 4.83124 -4.58124 
vt 4.88869 -4.5238 
vt 4.89884 -4.53618 
vt 4.90832 -4.55555 
vt 4.91249 -4.58124 
vt 4.90832 -4.60694 
vt 4.89884 -4.62631 
vt 4.88869 -4.63869 
vt 4.88869 -4.63869 
vt 4.87631 -4.64884 
vt 4.85694 -4.65832 
vt 4.83124 -4.66249 
vt 4.80555 -4.65832 
vt 4.78618 -4.64884 
vt 4.7738 -4.63869 
vt 4.7738 -4.63869 
vt 4.76365 -4.62631 
vt 4.75417 -4.60694 
vt 4.75 -4.58124 
vt 4.75417 -4.55555 
vt 4.76365 -4.53618 
vt 4.7738 -4.5238 
vt 4.7738 -4.5238 
vt 4.78618 -4.51365 
vt 4.80555 -4.50417 
vt 4.83124 -4.5 
vt 4.85694 -4.50417 
vt 4.87631 -4.51365 
vt 4.88869 -4.5238 
vt 4.83104 -4.5 
vt 4.75 -4.5 
vt 4.83104 -4.52708 
vt 4.75 -4.52708 
vt 4.83104 -4.55416 
vt 4.75 -4.55416 
vt 4.83104 -4.58124 
vt 4.75 -4.58124 
vt 4.83104 -4.60833 
vt 4.75 -4.60833 
vt 4.83104 -4.63541 
vt 4.75 -4.63541 
vt 4.83104 -4.66249 
vt 4.75 -4.66249 
vt 4.83104 -4.5 
vt 4.75 -4.5 
vt 4.83104 -4.52708 
vt 4.75 -4.52708 
vt 4.83104 -4.55416 
vt 4.75 -4.55416 
vt 4.83104 -4.58124 
vt 4.75 -4.58124 
vt 4.83104 -4.60833 
vt 4.75 -4.60833 
vt 4.83104 -4.63541 
vt 4.75 -4.63541 
vt 4.83104 -4.66249 
vt 4.75 -4.66249 
vt 4.83124 -4.58124 
vt 4.88869 -4.5238 
vt 4.89884 -4.53618 
vt 4.90832 -4.55555 
vt 4.91249 -4.58124 
vt 4.90832 -4.60694 
vt 4.89884 -4.62631 
vt 4.88869 -4.63869 
vt 4.88869 -4.63869 
vt 4.87631 -4.64884 
vt 4.85694 -4.65832 
vt 4.83124 -4.66249 
vt 4.80555 -4.65832 
vt 4.78618 -4.64884 
vt 4.7738 -4.63869 
vt 4.7738 -4.63869 
vt 4.76365 -4.62631 
vt 4.75417 -4.60694 
vt 4.75 -4.58124 
vt 4.75417 -4.55555 
vt 4.76365 -4.53618 
vt 4.7738 -4.5238 
vt 4.7738 -4.5238 
vt 4.78618 -4.51365 
vt 4.80555 -4.50417 
vt 4.83124 -4.5 
vt 4.85694 -4.50417 
vt 4.87631 -4.51365 
vt 4.88869 -4.5238 
vt 4.83104 -4.5 
vt 4.75 -4.5 
vt 4.83104 -4.52708 
vt 4.75 -4.52708 
vt 4.83104 -4.55416 
vt 4.75 -4.55416 
vt 4.83104 -4.58124 
vt 4.75 -4.58124 
vt 4.83104 -4.60833 
vt 4.75 -4.60833 
vt 4.83104 -4.63541 
vt 4.75 -4.63541 
vt 4.83104 -4.66249 
vt 4.75 -4.66249 
vt 4.83104 -4.5 
vt 4.75 -4.5 
vt 4.83104 -4.52708 
vt 4.75 -4.52708 
vt 4.83104 -4.55416 
vt 4.75 -4.55416 
vt 4.83104 -4.58124 
vt 4.75 -4.58124 
vt 4.83104 -4.60833 
vt 4.75 -4.60833 
vt 4.83104 -4.63541 
vt 4.75 -4.63541 
vt 4.83104 -4.66249 
vt 4.75 -4.66249 

usemtl Part1Mtl

f 1629/1629/1629 1631/1631/1631 1630/1630/1630 
f 1629/1629/1629 1632/1632/1632 1631/1631/1631 
f 1629/1629/1629 1633/1633/1633 1632/1632/1632 
f 1629/1629/1629 1634/1634/1634 1633/1633/1633 
f 1629/1629/1629 1635/1635/1635 1634/1634/1634 
f 1629/1629/1629 1636/1636/1636 1635/1635/1635 
f 1629/1629/1629 1638/1638/1638 1637/1637/1637 
f 1629/1629/1629 1639/1639/1639 1638/1638/1638 
f 1629/1629/1629 1640/1640/1640 1639/1639/1639 
f 1629/1629/1629 1641/1641/1641 1640/1640/1640 
f 1629/1629/1629 1642/1642/1642 1641/1641/1641 
f 1629/1629/1629 1643/1643/1643 1642/1642/1642 
f 1629/1629/1629 1645/1645/1645 1644/1644/1644 
f 1629/1629/1629 1646/1646/1646 1645/1645/1645 
f 1629/1629/1629 1647/1647/1647 1646/1646/1646 
f 1629/1629/1629 1648/1648/1648 1647/1647/1647 
f 1629/1629/1629 1649/1649/1649 1648/1648/1648 
f 1629/1629/1629 1650/1650/1650 1649/1649/1649 
f 1629/1629/1629 1652/1652/1652 1651/1651/1651 
f 1629/1629/1629 1653/1653/1653 1652/1652/1652 
f 1629/1629/1629 1654/1654/1654 1653/1653/1653 
f 1629/1629/1629 1655/1655/1655 1654/1654/1654 
f 1629/1629/1629 1656/1656/1656 1655/1655/1655 
f 1629/1629/1629 1657/1657/1657 1656/1656/1656 
f 1658/1658/1658 1659/1659/1659 1660/1660/1660 
f 1660/1660/1660 1659/1659/1659 1661/1661/1661 
f 1660/1660/1660 1661/1661/1661 1662/1662/1662 
f 1662/1662/1662 1661/1661/1661 1663/1663/1663 
f 1662/1662/1662 1663/1663/1663 1664/1664/1664 
f 1664/1664/1664 1663/1663/1663 1665/1665/1665 
f 1664/1664/1664 1665/1665/1665 1666/1666/1666 
f 1666/1666/1666 1665/1665/1665 1667/1667/1667 
f 1666/1666/1666 1667/1667/1667 1668/1668/1668 
f 1668/1668/1668 1667/1667/1667 1669/1669/1669 
f 1668/1668/1668 1669/1669/1669 1670/1670/1670 
f 1670/1670/1670 1669/1669/1669 1671/1671/1671 
f 1672/1672/1672 1673/1673/1673 1674/1674/1674 
f 1674/1674/1674 1673/1673/1673 1675/1675/1675 
f 1674/1674/1674 1675/1675/1675 1676/1676/1676 
f 1676/1676/1676 1675/1675/1675 1677/1677/1677 
f 1676/1676/1676 1677/1677/1677 1678/1678/1678 
f 1678/1678/1678 1677/1677/1677 1679/1679/1679 
f 1678/1678/1678 1679/1679/1679 1680/1680/1680 
f 1680/1680/1680 1679/1679/1679 1681/1681/1681 
f 1680/1680/1680 1681/1681/1681 1682/1682/1682 
f 1682/1682/1682 1681/1681/1681 1683/1683/1683 
f 1682/1682/1682 1683/1683/1683 1684/1684/1684 
f 1684/1684/1684 1683/1683/1683 1685/1685/1685 
f 1686/1686/1686 1688/1688/1688 1687/1687/1687 
f 1686/1686/1686 1689/1689/1689 1688/1688/1688 
f 1686/1686/1686 1690/1690/1690 1689/1689/1689 
f 1686/1686/1686 1691/1691/1691 1690/1690/1690 
f 1686/1686/1686 1692/1692/1692 1691/1691/1691 
f 1686/1686/1686 1693/1693/1693 1692/1692/1692 
f 1686/1686/1686 1695/1695/1695 1694/1694/1694 
f 1686/1686/1686 1696/1696/1696 1695/1695/1695 
f 1686/1686/1686 1697/1697/1697 1696/1696/1696 
f 1686/1686/1686 1698/1698/1698 1697/1697/1697 
f 1686/1686/1686 1699/1699/1699 1698/1698/1698 
f 1686/1686/1686 1700/1700/1700 1699/1699/1699 
f 1686/1686/1686 1702/1702/1702 1701/1701/1701 
f 1686/1686/1686 1703/1703/1703 1702/1702/1702 
f 1686/1686/1686 1704/1704/1704 1703/1703/1703 
f 1686/1686/1686 1705/1705/1705 1704/1704/1704 
f 1686/1686/1686 1706/1706/1706 1705/1705/1705 
f 1686/1686/1686 1707/1707/1707 1706/1706/1706 
f 1686/1686/1686 1709/1709/1709 1708/1708/1708 
f 1686/1686/1686 1710/1710/1710 1709/1709/1709 
f 1686/1686/1686 1711/1711/1711 1710/1710/1710 
f 1686/1686/1686 1712/1712/1712 1711/1711/1711 
f 1686/1686/1686 1713/1713/1713 1712/1712/1712 
f 1686/1686/1686 1714/1714/1714 1713/1713/1713 
f 1715/1715/1715 1716/1716/1716 1717/1717/1717 
f 1717/1717/1717 1716/1716/1716 1718/1718/1718 
f 1717/1717/1717 1718/1718/1718 1719/1719/1719 
f 1719/1719/1719 1718/1718/1718 1720/1720/1720 
f 1719/1719/1719 1720/1720/1720 1721/1721/1721 
f 1721/1721/1721 1720/1720/1720 1722/1722/1722 
f 1721/1721/1721 1722/1722/1722 1723/1723/1723 
f 1723/1723/1723 1722/1722/1722 1724/1724/1724 
f 1723/1723/1723 1724/1724/1724 1725/1725/1725 
f 1725/1725/1725 1724/1724/1724 1726/1726/1726 
f 1725/1725/1725 1726/1726/1726 1727/1727/1727 
f 1727/1727/1727 1726/1726/1726 1728/1728/1728 
f 1729/1729/1729 1730/1730/1730 1731/1731/1731 
f 1731/1731/1731 1730/1730/1730 1732/1732/1732 
f 1731/1731/1731 1732/1732/1732 1733/1733/1733 
f 1733/1733/1733 1732/1732/1732 1734/1734/1734 
f 1733/1733/1733 1734/1734/1734 1735/1735/1735 
f 1735/1735/1735 1734/1734/1734 1736/1736/1736 
f 1735/1735/1735 1736/1736/1736 1737/1737/1737 
f 1737/1737/1737 1736/1736/1736 1738/1738/1738 
f 1737/1737/1737 1738/1738/1738 1739/1739/1739 
f 1739/1739/1739 1738/1738/1738 1740/1740/1740 
f 1739/1739/1739 1740/1740/1740 1741/1741/1741 
f 1741/1741/1741 1740/1740/1740 1742/1742/1742 

g Part42

v 120.943 122.823 2.90086 
v 120.943 115.79 2.90086 
v 121.593 122.823 2.90086 
v 121.593 115.79 2.90086 
v 120.943 115.79 2.25197 
v 120.943 115.79 2.90086 
v 120.943 122.823 2.25197 
v 120.943 122.823 2.90086 
v 120.943 115.79 2.90086 
v 120.943 115.79 2.25197 
v 121.593 115.79 2.90086 
v 121.593 115.79 2.25197 
v 120.943 115.79 2.25197 
v 120.943 122.823 2.25197 
v 121.593 115.79 2.25197 
v 121.593 122.823 2.25197 
v 121.593 122.823 2.25197 
v 121.593 122.823 2.90086 
v 121.593 115.79 2.25197 
v 121.593 115.79 2.90086 
v 120.943 122.823 2.25197 
v 120.943 122.823 2.90086 
v 121.593 122.823 2.25197 
v 121.593 122.823 2.90086 

vn 0 0 1 
vn 0 0 1 
vn 0 0 1 
vn 0 0 1 
vn -1 0 0 
vn -1 0 0 
vn -1 0 0 
vn -1 0 0 
vn 0 -1 0 
vn 0 -1 0 
vn 0 -1 0 
vn 0 -1 0 
vn 0 0 -1 
vn 0 0 -1 
vn 0 0 -1 
vn 0 0 -1 
vn 1 0 0 
vn 1 0 0 
vn 1 0 0 
vn 1 0 0 
vn 0 1 0 
vn 0 1 0 
vn 0 1 0 
vn 0 1 0 

vt 1.37922 1 
vt 0.5 1 
vt 1.37922 0.918701 
vt 0.5 0.918701 
vt 0.581111 1 
vt 0.5 1 
vt 0.581111 0.120784 
vt 0.5 0.120784 
vt 0.581111 1 
vt 0.5 1 
vt 0.581111 0.918701 
vt 0.5 0.918701 
vt 1.37922 1 
vt 0.5 1 
vt 1.37922 0.918701 
vt 0.5 0.918701 
vt 0.581111 1 
vt 0.5 1 
vt 0.581111 0.120784 
vt 0.5 0.120784 
vt 0.581111 1 
vt 0.5 1 
vt 0.581111 0.918701 
vt 0.5 0.918701 

usemtl Part1Mtl

f 1743/1743/1743 1744/1744/1744 1745/1745/1745 
f 1745/1745/1745 1744/1744/1744 1746/1746/1746 
f 1747/1747/1747 1748/1748/1748 1749/1749/1749 
f 1749/1749/1749 1748/1748/1748 1750/1750/1750 
f 1751/1751/1751 1752/1752/1752 1753/1753/1753 
f 1753/1753/1753 1752/1752/1752 1754/1754/1754 
f 1755/1755/1755 1756/1756/1756 1757/1757/1757 
f 1757/1757/1757 1756/1756/1756 1758/1758/1758 
f 1759/1759/1759 1760/1760/1760 1761/1761/1761 
f 1761/1761/1761 1760/1760/1760 1762/1762/1762 
f 1763/1763/1763 1764/1764/1764 1765/1765/1765 
f 1765/1765/1765 1764/1764/1764 1766/1766/1766 

g Part43

v 108.623 123.824 13.2681 
v 108.623 123.824 0.268483 
v 108.623 122.824 13.2681 
v 108.623 122.824 0.268483 
v 121.623 123.824 0.268483 
v 108.623 123.824 0.268483 
v 121.623 123.824 13.2681 
v 108.623 123.824 13.2681 
v 108.623 123.824 0.268483 
v 121.623 123.824 0.268483 
v 108.623 122.824 0.268483 
v 121.623 122.824 0.268483 
v 121.623 123.824 0.268483 
v 121.623 123.824 13.2681 
v 121.623 122.824 0.268483 
v 121.623 122.824 13.2681 
v 121.623 122.824 13.2681 
v 108.623 122.824 13.2681 
v 121.623 122.824 0.268483 
v 108.623 122.824 0.268483 
v 121.623 123.824 13.2681 
v 108.623 123.824 13.2681 
v 121.623 122.824 13.2681 
v 108.623 122.824 13.2681 

vn -1 0 0 
vn -1 0 0 
vn -1 0 0 
vn -1 0 0 
vn 0 1 0 
vn 0 1 0 
vn 0 1 0 
vn 0 1 0 
vn 0 0 -1 
vn 0 0 -1 
vn 0 0 -1 
vn 0 0 -1 
vn 1 0 0 
vn 1 0 0 
vn 1 0 0 
vn 1 0 0 
vn 0 -1 0 
vn 0 -1 0 
vn 0 -1 0 
vn 0 -1 0 
vn 0 0 1 
vn 0 0 1 
vn 0 0 1 
vn 0 0 1 

vt 5.12496 -5.75 
vt 3.5 -5.75 
vt 5.12496 -5.875 
vt 3.5 -5.875 
vt 5.125 -5.75 
vt 3.5 -5.75 
vt 5.125 -7.37496 
vt 3.5 -7.37496 
vt 5.125 -5.75 
vt 3.5 -5.75 
vt 5.125 -5.875 
vt 3.5 -5.875 
vt 5.12496 -5.75 
vt 3.5 -5.75 
vt 5.12496 -5.875 
vt 3.5 -5.875 
vt 5.125 -5.75 
vt 3.5 -5.75 
vt 5.125 -7.37496 
vt 3.5 -7.37496 
vt 5.125 -5.75 
vt 3.5 -5.75 
vt 5.125 -5.875 
vt 3.5 -5.875 

usemtl Part1Mtl

f 1767/1767/1767 1768/1768/1768 1769/1769/1769 
f 1769/1769/1769 1768/1768/1768 1770/1770/1770 
f 1771/1771/1771 1772/1772/1772 1773/1773/1773 
f 1773/1773/1773 1772/1772/1772 1774/1774/1774 
f 1775/1775/1775 1776/1776/1776 1777/1777/1777 
f 1777/1777/1777 1776/1776/1776 1778/1778/1778 
f 1779/1779/1779 1780/1780/1780 1781/1781/1781 
f 1781/1781/1781 1780/1780/1780 1782/1782/1782 
f 1783/1783/1783 1784/1784/1784 1785/1785/1785 
f 1785/1785/1785 1784/1784/1784 1786/1786/1786 
f 1787/1787/1787 1788/1788/1788 1789/1789/1789 
f 1789/1789/1789 1788/1788/1788 1790/1790/1790 

g Part44

v 125.493 115.353 9.47017 
v 125.493 115.353 4.27055 
v 125.493 115.029 9.47017 
v 125.493 115.029 4.27055 
v 125.823 115.353 4.27055 
v 125.493 115.353 4.27055 
v 125.823 115.353 9.47017 
v 125.493 115.353 9.47017 
v 125.493 115.353 4.27055 
v 125.823 115.353 4.27055 
v 125.493 115.029 4.27055 
v 125.823 115.029 4.27055 
v 125.823 115.353 4.27055 
v 125.823 115.353 9.47017 
v 125.823 115.029 4.27055 
v 125.823 115.029 9.47017 
v 125.823 115.029 9.47017 
v 125.493 115.029 9.47017 
v 125.823 115.029 4.27055 
v 125.493 115.029 4.27055 
v 125.823 115.353 9.47017 
v 125.493 115.353 9.47017 
v 125.823 115.029 9.47017 
v 125.493 115.029 9.47017 

vn -1 0 0 
vn -1 0 0 
vn -1 0 0 
vn -1 0 0 
vn 0 1 0 
vn 0 1 0 
vn 0 1 0 
vn 0 1 0 
vn 0 0 -1 
vn 0 0 -1 
vn 0 0 -1 
vn 0 0 -1 
vn 1 0 0 
vn 1 0 0 
vn 1 0 0 
vn 1 0 0 
vn 0 -1 0 
vn 0 -1 0 
vn 0 -1 0 
vn 0 -1 0 
vn 0 0 1 
vn 0 0 1 
vn 0 0 1 
vn 0 0 1 

vt 7.89995 -4.5 
vt 7.25 -4.5 
vt 7.89995 -4.54048 
vt 7.25 -4.54048 
vt 7.29125 -4.5 
vt 7.25 -4.5 
vt 7.29125 -5.14995 
vt 7.25 -5.14995 
vt 7.29125 -4.5 
vt 7.25 -4.5 
vt 7.29125 -4.54048 
vt 7.25 -4.54048 
vt 7.89995 -4.5 
vt 7.25 -4.5 
vt 7.89995 -4.54048 
vt 7.25 -4.54048 
vt 7.29125 -4.5 
vt 7.25 -4.5 
vt 7.29125 -5.14995 
vt 7.25 -5.14995 
vt 7.29125 -4.5 
vt 7.25 -4.5 
vt 7.29125 -4.54048 
vt 7.25 -4.54048 

usemtl Part1Mtl

f 1791/1791/1791 1792/1792/1792 1793/1793/1793 
f 1793/1793/1793 1792/1792/1792 1794/1794/1794 
f 1795/1795/1795 1796/1796/1796 1797/1797/1797 
f 1797/1797/1797 1796/1796/1796 1798/1798/1798 
f 1799/1799/1799 1800/1800/1800 1801/1801/1801 
f 1801/1801/1801 1800/1800/1800 1802/1802/1802 
f 1803/1803/1803 1804/1804/1804 1805/1805/1805 
f 1805/1805/1805 1804/1804/1804 1806/1806/1806 
f 1807/1807/1807 1808/1808/1808 1809/1809/1809 
f 1809/1809/1809 1808/1808/1808 1810/1810/1810 
f 1811/1811/1811 1812/1812/1812 1813/1813/1813 
f 1813/1813/1813 1812/1812/1812 1814/1814/1814 

g Part45

v 109.623 124.324 12.2683 
v 110.331 124.324 12.9754 
v 110.178 124.324 13.1004 
v 109.94 124.324 13.217 
v 109.623 124.324 13.2683 
v 109.307 124.324 13.217 
v 109.069 124.324 13.1004 
v 108.916 124.324 12.9754 
v 108.916 124.324 12.9754 
v 108.791 124.324 12.823 
v 108.675 124.324 12.5845 
v 108.623 124.324 12.2683 
v 108.675 124.324 11.9521 
v 108.791 124.324 11.7136 
v 108.916 124.324 11.5612 
v 108.916 124.324 11.5612 
v 109.069 124.324 11.4363 
v 109.307 124.324 11.3196 
v 109.623 124.324 11.2683 
v 109.94 124.324 11.3196 
v 110.178 124.324 11.4363 
v 110.331 124.324 11.5612 
v 110.331 124.324 11.5612 
v 110.456 124.324 11.7136 
v 110.572 124.324 11.9521 
v 110.623 124.324 12.2683 
v 110.572 124.324 12.5845 
v 110.456 124.324 12.823 
v 110.331 124.324 12.9754 
v 110.331 123.324 11.5612 
v 110.331 124.324 11.5612 
v 110.456 123.324 11.7136 
v 110.456 124.324 11.7136 
v 110.572 123.324 11.9521 
v 110.572 124.324 11.9521 
v 110.623 123.324 12.2683 
v 110.623 124.324 12.2683 
v 110.572 123.324 12.5845 
v 110.572 124.324 12.5845 
v 110.456 123.324 12.823 
v 110.456 124.324 12.823 
v 110.331 123.324 12.9754 
v 110.331 124.324 12.9754 
v 110.331 124.324 11.5612 
v 110.331 123.324 11.5612 
v 110.178 124.324 11.4363 
v 110.178 123.324 11.4363 
v 109.94 124.324 11.3196 
v 109.94 123.324 11.3196 
v 109.623 124.324 11.2683 
v 109.623 123.324 11.2683 
v 109.307 124.324 11.3196 
v 109.307 123.324 11.3196 
v 109.069 124.324 11.4363 
v 109.069 123.324 11.4363 
v 108.916 124.324 11.5612 
v 108.916 123.324 11.5612 
v 109.623 123.324 12.2683 
v 110.331 123.324 11.5612 
v 110.178 123.324 11.4363 
v 109.94 123.324 11.3196 
v 109.623 123.324 11.2683 
v 109.307 123.324 11.3196 
v 109.069 123.324 11.4363 
v 108.916 123.324 11.5612 
v 108.916 123.324 11.5612 
v 108.791 123.324 11.7136 
v 108.675 123.324 11.9521 
v 108.623 123.324 12.2683 
v 108.675 123.324 12.5845 
v 108.791 123.324 12.823 
v 108.916 123.324 12.9754 
v 108.916 123.324 12.9754 
v 109.069 123.324 13.1004 
v 109.307 123.324 13.217 
v 109.623 123.324 13.2683 
v 109.94 123.324 13.217 
v 110.178 123.324 13.1004 
v 110.331 123.324 12.9754 
v 110.331 123.324 12.9754 
v 110.456 123.324 12.823 
v 110.572 123.324 12.5845 
v 110.623 123.324 12.2683 
v 110.572 123.324 11.9521 
v 110.456 123.324 11.7136 
v 110.331 123.324 11.5612 
v 108.916 123.324 12.9754 
v 108.916 124.324 12.9754 
v 108.791 123.324 12.823 
v 108.791 124.324 12.823 
v 108.675 123.324 12.5845 
v 108.675 124.324 12.5845 
v 108.623 123.324 12.2683 
v 108.623 124.324 12.2683 
v 108.675 123.324 11.9521 
v 108.675 124.324 11.9521 
v 108.791 123.324 11.7136 
v 108.791 124.324 11.7136 
v 108.916 123.324 11.5612 
v 108.916 124.324 11.5612 
v 110.331 123.324 12.9754 
v 110.331 124.324 12.9754 
v 110.178 123.324 13.1004 
v 110.178 124.324 13.1004 
v 109.94 123.324 13.217 
v 109.94 124.324 13.217 
v 109.623 123.324 13.2683 
v 109.623 124.324 13.2683 
v 109.307 123.324 13.217 
v 109.307 124.324 13.217 
v 109.069 123.324 13.1004 
v 109.069 124.324 13.1004 
v 108.916 123.324 12.9754 
v 108.916 124.324 12.9754 

vn 0 1 0 
vn 0 1 0 
vn 0 1 0 
vn 0 1 0 
vn 0 1 0 
vn 0 1 0 
vn 0 1 0 
vn 0 1 0 
vn 0 1 0 
vn 0 1 0 
vn 0 1 0 
vn 0 1 0 
vn 0 1 0 
vn 0 1 0 
vn 0 1 0 
vn 0 1 0 
vn 0 1 0 
vn 0 1 0 
vn 0 1 0 
vn 0 1 0 
vn 0 1 0 
vn 0 1 0 
vn 0 1 0 
vn 0 1 0 
vn 0 1 0 
vn 0 1 0 
vn 0 1 0 
vn 0 1 0 
vn 0 1 0 
vn 0.708661 0 -0.708661 
vn 0.708661 0 -0.708661 
vn 0.834646 0 -0.551181 
vn 0.834646 0 -0.551181 
vn 0.944882 0 -0.314961 
vn 0.944882 0 -0.314961 
vn 1 0 0 
vn 1 0 0 
vn 0.944882 0 0.314961 
vn 0.944882 0 0.314961 
vn 0.834646 0 0.551181 
vn 0.834646 0 0.551181 
vn 0.708661 0 0.708661 
vn 0.708661 0 0.708661 
vn 0.708661 0 -0.708661 
vn 0.708661 0 -0.708661 
vn 0.551181 0 -0.834646 
vn 0.551181 0 -0.834646 
vn 0.314961 0 -0.944882 
vn 0.314961 0 -0.944882 
vn 0 0 -1 
vn 0 0 -1 
vn -0.314961 0 -0.944882 
vn -0.314961 0 -0.944882 
vn -0.551181 0 -0.834646 
vn -0.551181 0 -0.834646 
vn -0.708661 0 -0.708661 
vn -0.708661 0 -0.708661 
vn 0 -1 0 
vn 0 -1 0 
vn 0 -1 0 
vn 0 -1 0 
vn 0 -1 0 
vn 0 -1 0 
vn 0 -1 0 
vn 0 -1 0 
vn 0 -1 0 
vn 0 -1 0 
vn 0 -1 0 
vn 0 -1 0 
vn 0 -1 0 
vn 0 -1 0 
vn 0 -1 0 
vn 0 -1 0 
vn 0 -1 0 
vn 0 -1 0 
vn 0 -1 0 
vn 0 -1 0 
vn 0 -1 0 
vn 0 -1 0 
vn 0 -1 0 
vn 0 -1 0 
vn 0 -1 0 
vn 0 -1 0 
vn 0 -1 0 
vn 0 -1 0 
vn 0 -1 0 
vn -0.708661 0 0.708661 
vn -0.708661 0 0.708661 
vn -0.834646 0 0.551181 
vn -0.834646 0 0.551181 
vn -0.944882 0 0.314961 
vn -0.944882 0 0.314961 
vn -1 0 0 
vn -1 0 0 
vn -0.944882 0 -0.314961 
vn -0.944882 0 -0.314961 
vn -0.834646 0 -0.551181 
vn -0.834646 0 -0.551181 
vn -0.708661 0 -0.708661 
vn -0.708661 0 -0.708661 
vn 0.708661 0 0.708661 
vn 0.708661 0 0.708661 
vn 0.551181 0 0.834646 
vn 0.551181 0 0.834646 
vn 0.314961 0 0.944882 
vn 0.314961 0 0.944882 
vn 0 0 1 
vn 0 0 1 
vn -0.314961 0 0.944882 
vn -0.314961 0 0.944882 
vn -0.551181 0 0.834646 
vn -0.551181 0 0.834646 
vn -0.708661 0 0.708661 
vn -0.708661 0 0.708661 

vt 4.375 -0.375 
vt 4.46339 -0.286612 
vt 4.47901 -0.305663 
vt 4.49359 -0.335472 
vt 4.5 -0.375 
vt 4.49359 -0.414528 
vt 4.47901 -0.444337 
vt 4.46339 -0.463388 
vt 4.46339 -0.463388 
vt 4.44434 -0.479006 
vt 4.41453 -0.493585 
vt 4.375 -0.5 
vt 4.33547 -0.493585 
vt 4.30566 -0.479006 
vt 4.28661 -0.463388 
vt 4.28661 -0.463388 
vt 4.27099 -0.444337 
vt 4.25641 -0.414528 
vt 4.25 -0.375 
vt 4.25641 -0.335472 
vt 4.27099 -0.305663 
vt 4.28661 -0.286612 
vt 4.28661 -0.286612 
vt 4.30566 -0.270994 
vt 4.33547 -0.256415 
vt 4.375 -0.25 
vt 4.41453 -0.256415 
vt 4.44434 -0.270994 
vt 4.46339 -0.286612 
vt 4.375 -0.25 
vt 4.25 -0.25 
vt 4.375 -0.291667 
vt 4.25 -0.291667 
vt 4.375 -0.333333 
vt 4.25 -0.333333 
vt 4.375 -0.375 
vt 4.25 -0.375 
vt 4.375 -0.416667 
vt 4.25 -0.416667 
vt 4.375 -0.458333 
vt 4.25 -0.458333 
vt 4.375 -0.5 
vt 4.25 -0.5 
vt 4.375 -0.25 
vt 4.25 -0.25 
vt 4.375 -0.291667 
vt 4.25 -0.291667 
vt 4.375 -0.333333 
vt 4.25 -0.333333 
vt 4.375 -0.375 
vt 4.25 -0.375 
vt 4.375 -0.416667 
vt 4.25 -0.416667 
vt 4.375 -0.458333 
vt 4.25 -0.458333 
vt 4.375 -0.5 
vt 4.25 -0.5 
vt 4.375 -0.375 
vt 4.46339 -0.286612 
vt 4.47901 -0.305663 
vt 4.49359 -0.335472 
vt 4.5 -0.375 
vt 4.49359 -0.414528 
vt 4.47901 -0.444337 
vt 4.46339 -0.463388 
vt 4.46339 -0.463388 
vt 4.44434 -0.479006 
vt 4.41453 -0.493585 
vt 4.375 -0.5 
vt 4.33547 -0.493585 
vt 4.30566 -0.479006 
vt 4.28661 -0.463388 
vt 4.28661 -0.463388 
vt 4.27099 -0.444337 
vt 4.25641 -0.414528 
vt 4.25 -0.375 
vt 4.25641 -0.335472 
vt 4.27099 -0.305663 
vt 4.28661 -0.286612 
vt 4.28661 -0.286612 
vt 4.30566 -0.270994 
vt 4.33547 -0.256415 
vt 4.375 -0.25 
vt 4.41453 -0.256415 
vt 4.44434 -0.270994 
vt 4.46339 -0.286612 
vt 4.375 -0.25 
vt 4.25 -0.25 
vt 4.375 -0.291667 
vt 4.25 -0.291667 
vt 4.375 -0.333333 
vt 4.25 -0.333333 
vt 4.375 -0.375 
vt 4.25 -0.375 
vt 4.375 -0.416667 
vt 4.25 -0.416667 
vt 4.375 -0.458333 
vt 4.25 -0.458333 
vt 4.375 -0.5 
vt 4.25 -0.5 
vt 4.375 -0.25 
vt 4.25 -0.25 
vt 4.375 -0.291667 
vt 4.25 -0.291667 
vt 4.375 -0.333333 
vt 4.25 -0.333333 
vt 4.375 -0.375 
vt 4.25 -0.375 
vt 4.375 -0.416667 
vt 4.25 -0.416667 
vt 4.375 -0.458333 
vt 4.25 -0.458333 
vt 4.375 -0.5 
vt 4.25 -0.5 

usemtl Part1Mtl

f 1815/1815/1815 1817/1817/1817 1816/1816/1816 
f 1815/1815/1815 1818/1818/1818 1817/1817/1817 
f 1815/1815/1815 1819/1819/1819 1818/1818/1818 
f 1815/1815/1815 1820/1820/1820 1819/1819/1819 
f 1815/1815/1815 1821/1821/1821 1820/1820/1820 
f 1815/1815/1815 1822/1822/1822 1821/1821/1821 
f 1815/1815/1815 1824/1824/1824 1823/1823/1823 
f 1815/1815/1815 1825/1825/1825 1824/1824/1824 
f 1815/1815/1815 1826/1826/1826 1825/1825/1825 
f 1815/1815/1815 1827/1827/1827 1826/1826/1826 
f 1815/1815/1815 1828/1828/1828 1827/1827/1827 
f 1815/1815/1815 1829/1829/1829 1828/1828/1828 
f 1815/1815/1815 1831/1831/1831 1830/1830/1830 
f 1815/1815/1815 1832/1832/1832 1831/1831/1831 
f 1815/1815/1815 1833/1833/1833 1832/1832/1832 
f 1815/1815/1815 1834/1834/1834 1833/1833/1833 
f 1815/1815/1815 1835/1835/1835 1834/1834/1834 
f 1815/1815/1815 1836/1836/1836 1835/1835/1835 
f 1815/1815/1815 1838/1838/1838 1837/1837/1837 
f 1815/1815/1815 1839/1839/1839 1838/1838/1838 
f 1815/1815/1815 1840/1840/1840 1839/1839/1839 
f 1815/1815/1815 1841/1841/1841 1840/1840/1840 
f 1815/1815/1815 1842/1842/1842 1841/1841/1841 
f 1815/1815/1815 1843/1843/1843 1842/1842/1842 
f 1844/1844/1844 1845/1845/1845 1846/1846/1846 
f 1846/1846/1846 1845/1845/1845 1847/1847/1847 
f 1846/1846/1846 1847/1847/1847 1848/1848/1848 
f 1848/1848/1848 1847/1847/1847 1849/1849/1849 
f 1848/1848/1848 1849/1849/1849 1850/1850/1850 
f 1850/1850/1850 1849/1849/1849 1851/1851/1851 
f 1850/1850/1850 1851/1851/1851 1852/1852/1852 
f 1852/1852/1852 1851/1851/1851 1853/1853/1853 
f 1852/1852/1852 1853/1853/1853 1854/1854/1854 
f 1854/1854/1854 1853/1853/1853 1855/1855/1855 
f 1854/1854/1854 1855/1855/1855 1856/1856/1856 
f 1856/1856/1856 1855/1855/1855 1857/1857/1857 
f 1858/1858/1858 1859/1859/1859 1860/1860/1860 
f 1860/1860/1860 1859/1859/1859 1861/1861/1861 
f 1860/1860/1860 1861/1861/1861 1862/1862/1862 
f 1862/1862/1862 1861/1861/1861 1863/1863/1863 
f 1862/1862/1862 1863/1863/1863 1864/1864/1864 
f 1864/1864/1864 1863/1863/1863 1865/1865/1865 
f 1864/1864/1864 1865/1865/1865 1866/1866/1866 
f 1866/1866/1866 1865/1865/1865 1867/1867/1867 
f 1866/1866/1866 1867/1867/1867 1868/1868/1868 
f 1868/1868/1868 1867/1867/1867 1869/1869/1869 
f 1868/1868/1868 1869/1869/1869 1870/1870/1870 
f 1870/1870/1870 1869/1869/1869 1871/1871/1871 
f 1872/1872/1872 1874/1874/1874 1873/1873/1873 
f 1872/1872/1872 1875/1875/1875 1874/1874/1874 
f 1872/1872/1872 1876/1876/1876 1875/1875/1875 
f 1872/1872/1872 1877/1877/1877 1876/1876/1876 
f 1872/1872/1872 1878/1878/1878 1877/1877/1877 
f 1872/1872/1872 1879/1879/1879 1878/1878/1878 
f 1872/1872/1872 1881/1881/1881 1880/1880/1880 
f 1872/1872/1872 1882/1882/1882 1881/1881/1881 
f 1872/1872/1872 1883/1883/1883 1882/1882/1882 
f 1872/1872/1872 1884/1884/1884 1883/1883/1883 
f 1872/1872/1872 1885/1885/1885 1884/1884/1884 
f 1872/1872/1872 1886/1886/1886 1885/1885/1885 
f 1872/1872/1872 1888/1888/1888 1887/1887/1887 
f 1872/1872/1872 1889/1889/1889 1888/1888/1888 
f 1872/1872/1872 1890/1890/1890 1889/1889/1889 
f 1872/1872/1872 1891/1891/1891 1890/1890/1890 
f 1872/1872/1872 1892/1892/1892 1891/1891/1891 
f 1872/1872/1872 1893/1893/1893 1892/1892/1892 
f 1872/1872/1872 1895/1895/1895 1894/1894/1894 
f 1872/1872/1872 1896/1896/1896 1895/1895/1895 
f 1872/1872/1872 1897/1897/1897 1896/1896/1896 
f 1872/1872/1872 1898/1898/1898 1897/1897/1897 
f 1872/1872/1872 1899/1899/1899 1898/1898/1898 
f 1872/1872/1872 1900/1900/1900 1899/1899/1899 
f 1901/1901/1901 1902/1902/1902 1903/1903/1903 
f 1903/1903/1903 1902/1902/1902 1904/1904/1904 
f 1903/1903/1903 1904/1904/1904 1905/1905/1905 
f 1905/1905/1905 1904/1904/1904 1906/1906/1906 
f 1905/1905/1905 1906/1906/1906 1907/1907/1907 
f 1907/1907/1907 1906/1906/1906 1908/1908/1908 
f 1907/1907/1907 1908/1908/1908 1909/1909/1909 
f 1909/1909/1909 1908/1908/1908 1910/1910/1910 
f 1909/1909/1909 1910/1910/1910 1911/1911/1911 
f 1911/1911/1911 1910/1910/1910 1912/1912/1912 
f 1911/1911/1911 1912/1912/1912 1913/1913/1913 
f 1913/1913/1913 1912/1912/1912 1914/1914/1914 
f 1915/1915/1915 1916/1916/1916 1917/1917/1917 
f 1917/1917/1917 1916/1916/1916 1918/1918/1918 
f 1917/1917/1917 1918/1918/1918 1919/1919/1919 
f 1919/1919/1919 1918/1918/1918 1920/1920/1920 
f 1919/1919/1919 1920/1920/1920 1921/1921/1921 
f 1921/1921/1921 1920/1920/1920 1922/1922/1922 
f 1921/1921/1921 1922/1922/1922 1923/1923/1923 
f 1923/1923/1923 1922/1922/1922 1924/1924/1924 
f 1923/1923/1923 1924/1924/1924 1925/1925/1925 
f 1925/1925/1925 1924/1924/1924 1926/1926/1926 
f 1925/1925/1925 1926/1926/1926 1927/1927/1927 
f 1927/1927/1927 1926/1926/1926 1928/1928/1928 

g Part46

v 119.251 144.289 -0.238978 
v 119.295 144.385 -0.057372 
v 119.33 144.46 0.179618 
v 119.344 144.489 0.455622 
v 119.33 144.46 0.731623 
v 119.295 144.385 0.968606 
v 119.25 144.289 1.1502 
v 119.383 144.144 -0.313861 
v 119.458 144.247 -0.127943 
v 119.522 144.333 0.134104 
v 119.548 144.369 0.455639 
v 119.522 144.333 0.777169 
v 119.458 144.247 1.0392 
v 119.383 144.144 1.22511 
v 119.519 143.942 -0.372374 
v 119.632 144.031 -0.187422 
v 119.734 144.112 0.0929152 
v 119.778 144.147 0.455657 
v 119.734 144.112 0.818391 
v 119.632 144.031 1.09871 
v 119.519 143.942 1.28364 
v 119.635 143.69 -0.395056 
v 119.776 143.742 -0.211688 
v 119.908 143.789 0.0752227 
v 119.966 143.811 0.455671 
v 119.908 143.789 0.836108 
v 119.776 143.741 1.12299 
v 119.635 143.69 1.30634 
v 119.708 143.423 -0.372362 
v 119.852 143.427 -0.187409 
v 119.982 143.43 0.0929306 
v 120.038 143.432 0.455674 
v 119.982 143.43 0.818407 
v 119.852 143.427 1.09872 
v 119.708 143.423 1.28365 
v 119.734 143.18 -0.313839 
v 119.858 143.15 -0.127918 
v 119.962 143.125 0.134131 
v 120.004 143.114 0.455667 
v 119.962 143.125 0.777197 
v 119.857 143.15 1.03923 
v 119.734 143.18 1.22513 
v 119.726 142.984 -0.238949 
v 119.822 142.939 -0.0573394 
v 119.897 142.904 0.179654 
v 119.926 142.891 0.455658 
v 119.897 142.904 0.731658 
v 119.822 142.939 0.968638 
v 119.726 142.984 1.15023 
v 117.945 143.814 1.15008 
v 118.09 143.947 1.22499 
v 118.293 144.083 1.28353 
v 118.544 144.199 1.30624 
v 118.811 144.272 1.28358 
v 119.054 144.298 1.22508 
v 119.25 144.289 1.1502 
v 117.849 143.859 0.968472 
v 117.988 144.022 1.03907 
v 118.203 144.196 1.09858 
v 118.493 144.34 1.12289 
v 118.808 144.416 1.09864 
v 119.084 144.421 1.03917 
v 119.295 144.385 0.968606 
v 117.774 143.894 0.731479 
v 117.901 144.086 0.777023 
v 118.122 144.298 0.81825 
v 118.445 144.472 0.835985 
v 118.804 144.546 0.818313 
v 119.11 144.525 0.777135 
v 119.33 144.46 0.731623 
v 117.745 143.908 0.455474 
v 117.866 144.112 0.455487 
v 118.088 144.342 0.455509 
v 118.424 144.53 0.455541 
v 118.803 144.602 0.455575 
v 119.12 144.568 0.455603 
v 119.344 144.489 0.455622 
v 117.774 143.894 0.179475 
v 117.901 144.086 0.133957 
v 118.122 144.298 0.0927738 
v 118.445 144.472 0.0750992 
v 118.804 144.546 0.0928367 
v 119.11 144.525 0.134069 
v 119.33 144.46 0.179618 
v 117.849 143.859 -0.0575057 
v 117.988 144.022 -0.128076 
v 118.203 144.196 -0.187548 
v 118.493 144.34 -0.211796 
v 118.808 144.416 -0.187492 
v 119.084 144.421 -0.127974 
v 119.295 144.385 -0.0573722 
v 117.945 143.814 -0.239099 
v 118.09 143.947 -0.313978 
v 118.293 144.083 -0.372482 
v 118.544 144.199 -0.395148 
v 118.812 144.272 -0.372434 
v 119.054 144.298 -0.313889 
v 119.251 144.289 -0.238979 
v 119.25 144.289 1.1502 
v 119.054 144.298 1.22508 
v 118.811 144.272 1.28358 
v 118.544 144.199 1.30624 
v 118.293 144.083 1.28353 
v 118.09 143.947 1.22499 
v 117.945 143.814 1.15008 
v 119.383 144.144 1.22511 
v 119.184 144.147 1.33096 
v 118.917 144.113 1.42018 
v 118.607 144.026 1.45656 
v 118.313 143.893 1.42012 
v 118.087 143.748 1.33086 
v 117.937 143.618 1.22497 
v 119.519 143.942 1.28364 
v 119.33 143.921 1.42021 
v 119.052 143.864 1.5438 
v 118.705 143.757 1.59689 
v 118.37 143.616 1.54374 
v 118.121 143.481 1.4201 
v 117.963 143.375 1.2835 
v 119.635 143.69 1.30634 
v 119.462 143.627 1.45664 
v 119.193 143.529 1.59693 
v 118.835 143.399 1.65863 
v 118.478 143.269 1.59686 
v 118.208 143.171 1.45652 
v 118.036 143.108 1.30619 
v 119.708 143.423 1.28365 
v 119.55 143.317 1.42023 
v 119.3 143.182 1.54382 
v 118.965 143.042 1.5969 
v 118.618 142.934 1.54376 
v 118.341 142.877 1.42012 
v 118.152 142.857 1.28351 
v 119.734 143.18 1.22513 
v 119.583 143.05 1.33099 
v 119.357 142.905 1.42021 
v 119.064 142.772 1.45659 
v 118.753 142.685 1.42015 
v 118.487 142.651 1.33089 
v 118.288 142.654 1.22499 
v 119.726 142.984 1.15023 
v 119.581 142.851 1.22511 
v 119.378 142.715 1.28361 
v 119.126 142.6 1.30628 
v 118.859 142.527 1.28357 
v 118.616 142.501 1.22502 
v 118.42 142.509 1.15011 
v 117.945 143.814 1.15008 
v 117.849 143.859 0.968472 
v 117.774 143.894 0.731479 
v 117.745 143.908 0.455474 
v 117.774 143.894 0.179475 
v 117.849 143.859 -0.0575057 
v 117.945 143.814 -0.239099 
v 117.937 143.618 1.22497 
v 117.813 143.648 1.03905 
v 117.709 143.673 0.777002 
v 117.666 143.684 0.455465 
v 117.709 143.673 0.133936 
v 117.813 143.648 -0.128095 
v 117.937 143.618 -0.313995 
v 117.963 143.375 1.2835 
v 117.819 143.371 1.09854 
v 117.689 143.368 0.818202 
v 117.633 143.366 0.455459 
v 117.689 143.368 0.0927262 
v 117.819 143.371 -0.18759 
v 117.963 143.375 -0.372518 
v 118.036 143.108 1.30619 
v 117.895 143.057 1.12282 
v 117.763 143.009 0.83591 
v 117.705 142.988 0.455462 
v 117.763 143.009 0.0750245 
v 117.895 143.057 -0.211861 
v 118.036 143.108 -0.395203 
v 118.152 142.857 1.28351 
v 118.039 142.767 1.09856 
v 117.937 142.686 0.818218 
v 117.893 142.651 0.455475 
v 117.937 142.686 0.0927417 
v 118.039 142.767 -0.187576 
v 118.152 142.857 -0.372506 
v 118.288 142.654 1.22499 
v 118.212 142.551 1.03908 
v 118.149 142.465 0.777029 
v 118.123 142.43 0.455494 
v 118.149 142.465 0.133963 
v 118.212 142.551 -0.12807 
v 118.288 142.654 -0.313973 
v 118.42 142.509 1.15011 
v 118.375 142.413 0.968505 
v 118.34 142.338 0.731514 
v 118.327 142.309 0.455511 
v 118.341 142.338 0.17951 
v 118.376 142.413 -0.057473 
v 118.42 142.509 -0.23907 
v 118.42 142.509 -0.239069 
v 118.617 142.501 -0.313945 
v 118.859 142.527 -0.372447 
v 119.126 142.6 -0.395112 
v 119.378 142.715 -0.372399 
v 119.581 142.852 -0.313856 
v 119.726 142.984 -0.238949 
v 118.376 142.413 -0.0574729 
v 118.586 142.377 -0.128038 
v 118.863 142.383 -0.187507 
v 119.178 142.458 -0.211753 
v 119.467 142.603 -0.187451 
v 119.683 142.776 -0.127937 
v 119.822 142.939 -0.0573394 
v 118.341 142.338 0.17951 
v 118.561 142.273 0.133998 
v 118.867 142.252 0.0928201 
v 119.226 142.327 0.0751479 
v 119.548 142.501 0.0928831 
v 119.77 142.713 0.13411 
v 119.897 142.904 0.179654 
v 118.327 142.309 0.455511 
v 118.551 142.23 0.45553 
v 118.868 142.197 0.455558 
v 119.247 142.269 0.455592 
v 119.583 142.457 0.455624 
v 119.805 142.687 0.455646 
v 119.926 142.891 0.455658 
v 118.34 142.338 0.731514 
v 118.561 142.273 0.777064 
v 118.867 142.252 0.818296 
v 119.226 142.327 0.836034 
v 119.548 142.501 0.818359 
v 119.77 142.713 0.777176 
v 119.897 142.904 0.731658 
v 118.375 142.413 0.968505 
v 118.586 142.377 1.03911 
v 118.863 142.383 1.09862 
v 119.178 142.458 1.12293 
v 119.467 142.603 1.09868 
v 119.683 142.776 1.03921 
v 119.822 142.939 0.968638 
v 118.42 142.509 1.15011 
v 118.616 142.501 1.22502 
v 118.859 142.527 1.28357 
v 119.126 142.6 1.30628 
v 119.378 142.715 1.28361 
v 119.581 142.851 1.22511 
v 119.726 142.984 1.15023 
v 117.945 143.814 -0.239099 
v 118.09 143.947 -0.313978 
v 118.293 144.083 -0.372482 
v 118.544 144.199 -0.395148 
v 118.812 144.272 -0.372434 
v 119.054 144.298 -0.313889 
v 119.251 144.289 -0.238978 
v 117.937 143.618 -0.313995 
v 118.087 143.748 -0.419856 
v 118.313 143.893 -0.509074 
v 118.607 144.026 -0.545459 
v 118.918 144.113 -0.509018 
v 119.184 144.147 -0.419754 
v 119.383 144.144 -0.313861 
v 117.963 143.375 -0.372518 
v 118.121 143.481 -0.509095 
v 118.371 143.616 -0.632687 
v 118.705 143.757 -0.68577 
v 119.052 143.864 -0.632624 
v 119.33 143.921 -0.508983 
v 119.519 143.942 -0.372374 
v 118.036 143.108 -0.395203 
v 118.208 143.171 -0.545503 
v 118.478 143.269 -0.685795 
v 118.835 143.399 -0.747499 
v 119.193 143.529 -0.685729 
v 119.463 143.627 -0.545387 
v 119.635 143.69 -0.395056 
v 118.152 142.857 -0.372506 
v 118.341 142.877 -0.509081 
v 118.619 142.934 -0.632671 
v 118.966 143.042 -0.685754 
v 119.3 143.182 -0.632608 
v 119.55 143.317 -0.508969 
v 119.708 143.423 -0.372362 
v 118.288 142.654 -0.313973 
v 118.487 142.651 -0.419831 
v 118.753 142.685 -0.509046 
v 119.064 142.772 -0.545431 
v 119.358 142.905 -0.508991 
v 119.583 143.05 -0.419729 
v 119.734 143.18 -0.313839 
v 118.42 142.509 -0.239069 
v 118.617 142.501 -0.313945 
v 118.859 142.527 -0.372447 
v 119.126 142.6 -0.395111 
v 119.378 142.715 -0.372399 
v 119.581 142.852 -0.313856 
v 119.726 142.984 -0.238949 

vn 0.346457 0.740157 -0.574803 
vn 0.385827 0.818898 -0.425197 
vn 0.409449 0.88189 -0.228346 
vn 0.425197 0.905512 0 
vn 0.409449 0.88189 0.228346 
vn 0.385827 0.818898 0.425197 
vn 0.346457 0.740157 0.574803 
vn 0.456693 0.622047 -0.637795 
vn 0.519685 0.700787 -0.488189 
vn 0.566929 0.779528 -0.267717 
vn 0.590551 0.80315 0 
vn 0.566929 0.779528 0.267717 
vn 0.519685 0.700787 0.488189 
vn 0.456693 0.622047 0.637795 
vn 0.566929 0.448819 -0.685039 
vn 0.661417 0.527559 -0.535433 
vn 0.748031 0.590551 -0.299213 
vn 0.779528 0.622047 0 
vn 0.748031 0.590551 0.299213 
vn 0.661417 0.527559 0.535433 
vn 0.566929 0.448819 0.685039 
vn 0.661417 0.244094 -0.708661 
vn 0.779528 0.283465 -0.551181 
vn 0.889764 0.322835 -0.314961 
vn 0.937008 0.338583 0 
vn 0.889764 0.322835 0.314961 
vn 0.779528 0.283465 0.551181 
vn 0.661417 0.244094 0.708661 
vn 0.724409 0.023622 -0.685039 
vn 0.84252 0.023622 -0.535433 
vn 0.952756 0.023622 -0.299213 
vn 1 0.023622 0 
vn 0.952756 0.023622 0.299213 
vn 0.84252 0.023622 0.535433 
vn 0.724409 0.023622 0.685039 
vn 0.748031 -0.181102 -0.637795 
vn 0.850394 -0.204724 -0.488189 
vn 0.937008 -0.228346 -0.267717 
vn 0.968504 -0.23622 0 
vn 0.937008 -0.228346 0.267717 
vn 0.850394 -0.204724 0.488189 
vn 0.748031 -0.181102 0.637795 
vn 0.740157 -0.346457 -0.574803 
vn 0.818898 -0.385827 -0.425197 
vn 0.88189 -0.409449 -0.228346 
vn 0.905512 -0.425197 0 
vn 0.88189 -0.409449 0.228346 
vn 0.818898 -0.385827 0.425197 
vn 0.740157 -0.346457 0.574803 
vn -0.740157 0.346457 0.574803 
vn -0.622047 0.456693 0.637795 
vn -0.448819 0.566929 0.685039 
vn -0.244094 0.661417 0.708661 
vn -0.023622 0.724409 0.685039 
vn 0.181102 0.748031 0.637795 
vn 0.346457 0.740157 0.574803 
vn -0.818898 0.385827 0.425197 
vn -0.700787 0.519685 0.488189 
vn -0.527559 0.661417 0.535433 
vn -0.283465 0.779528 0.551181 
vn -0.023622 0.84252 0.535433 
vn 0.204724 0.850394 0.488189 
vn 0.385827 0.818898 0.425197 
vn -0.88189 0.409449 0.228346 
vn -0.779528 0.566929 0.267717 
vn -0.590551 0.748031 0.299213 
vn -0.322835 0.889764 0.314961 
vn -0.023622 0.952756 0.299213 
vn 0.228346 0.937008 0.267717 
vn 0.409449 0.88189 0.228346 
vn -0.905512 0.425197 0 
vn -0.80315 0.590551 0 
vn -0.622047 0.779528 0 
vn -0.338583 0.937008 0 
vn -0.023622 1 0 
vn 0.23622 0.968504 0 
vn 0.425197 0.905512 0 
vn -0.88189 0.409449 -0.228346 
vn -0.779528 0.566929 -0.267717 
vn -0.590551 0.748031 -0.299213 
vn -0.322835 0.889764 -0.314961 
vn -0.023622 0.952756 -0.299213 
vn 0.228346 0.937008 -0.267717 
vn 0.409449 0.88189 -0.228346 
vn -0.818898 0.385827 -0.425197 
vn -0.700787 0.519685 -0.488189 
vn -0.527559 0.661417 -0.535433 
vn -0.283465 0.779528 -0.551181 
vn -0.023622 0.84252 -0.535433 
vn 0.204724 0.850394 -0.488189 
vn 0.385827 0.818898 -0.425197 
vn -0.740157 0.346457 -0.574803 
vn -0.622047 0.456693 -0.637795 
vn -0.448819 0.566929 -0.685039 
vn -0.244094 0.661417 -0.708661 
vn -0.023622 0.724409 -0.685039 
vn 0.181102 0.748031 -0.637795 
vn 0.346457 0.740157 -0.574803 
vn 0.346457 0.740157 0.574803 
vn 0.181102 0.748031 0.637795 
vn -0.023622 0.724409 0.685039 
vn -0.244094 0.661417 0.708661 
vn -0.448819 0.566929 0.685039 
vn -0.622047 0.456693 0.637795 
vn -0.740157 0.346457 0.574803 
vn 0.456693 0.622047 0.637795 
vn 0.291339 0.622047 0.724409 
vn 0.0708661 0.590551 0.80315 
vn -0.188976 0.519685 0.834646 
vn -0.433071 0.409449 0.80315 
vn -0.622047 0.291339 0.724409 
vn -0.748031 0.181102 0.637795 
vn 0.566929 0.448819 0.685039 
vn 0.409449 0.433071 0.80315 
vn 0.181102 0.385827 0.905512 
vn -0.110236 0.299213 0.944882 
vn -0.385827 0.181102 0.905512 
vn -0.590551 0.0708661 0.80315 
vn -0.724409 -0.023622 0.685039 
vn 0.661417 0.244094 0.708661 
vn 0.519685 0.188976 0.834646 
vn 0.299213 0.110236 0.944882 
vn 0 0 1 
vn -0.299213 -0.110236 0.944882 
vn -0.519685 -0.188976 0.834646 
vn -0.661417 -0.244094 0.708661 
vn 0.724409 0.023622 0.685039 
vn 0.590551 -0.0708661 0.80315 
vn 0.385827 -0.181102 0.905512 
vn 0.110236 -0.299213 0.944882 
vn -0.181102 -0.385827 0.905512 
vn -0.409449 -0.433071 0.80315 
vn -0.566929 -0.448819 0.685039 
vn 0.748031 -0.181102 0.637795 
vn 0.622047 -0.291339 0.724409 
vn 0.433071 -0.409449 0.80315 
vn 0.188976 -0.519685 0.834646 
vn -0.0708661 -0.590551 0.80315 
vn -0.291339 -0.622047 0.724409 
vn -0.456693 -0.622047 0.637795 
vn 0.740157 -0.346457 0.574803 
vn 0.622047 -0.456693 0.637795 
vn 0.448819 -0.566929 0.685039 
vn 0.244094 -0.661417 0.708661 
vn 0.023622 -0.724409 0.685039 
vn -0.181102 -0.748031 0.637795 
vn -0.346457 -0.740157 0.574803 
vn -0.740157 0.346457 0.574803 
vn -0.818898 0.385827 0.425197 
vn -0.88189 0.409449 0.228346 
vn -0.905512 0.425197 0 
vn -0.88189 0.409449 -0.228346 
vn -0.818898 0.385827 -0.425197 
vn -0.740157 0.346457 -0.574803 
vn -0.748031 0.181102 0.637795 
vn -0.850394 0.204724 0.488189 
vn -0.937008 0.228346 0.267717 
vn -0.968504 0.23622 0 
vn -0.937008 0.228346 -0.267717 
vn -0.850394 0.204724 -0.488189 
vn -0.748031 0.181102 -0.637795 
vn -0.724409 -0.023622 0.685039 
vn -0.84252 -0.023622 0.535433 
vn -0.952756 -0.023622 0.299213 
vn -1 -0.023622 0 
vn -0.952756 -0.023622 -0.299213 
vn -0.84252 -0.023622 -0.535433 
vn -0.724409 -0.023622 -0.685039 
vn -0.661417 -0.244094 0.708661 
vn -0.779528 -0.283465 0.551181 
vn -0.889764 -0.322835 0.314961 
vn -0.937008 -0.338583 0 
vn -0.889764 -0.322835 -0.314961 
vn -0.779528 -0.283465 -0.551181 
vn -0.661417 -0.244094 -0.708661 
vn -0.566929 -0.448819 0.685039 
vn -0.661417 -0.527559 0.535433 
vn -0.748031 -0.590551 0.299213 
vn -0.779528 -0.622047 0 
vn -0.748031 -0.590551 -0.299213 
vn -0.661417 -0.527559 -0.535433 
vn -0.566929 -0.448819 -0.685039 
vn -0.456693 -0.622047 0.637795 
vn -0.519685 -0.700787 0.488189 
vn -0.566929 -0.779528 0.267717 
vn -0.590551 -0.80315 0 
vn -0.566929 -0.779528 -0.267717 
vn -0.519685 -0.700787 -0.488189 
vn -0.456693 -0.622047 -0.637795 
vn -0.346457 -0.740157 0.574803 
vn -0.385827 -0.818898 0.425197 
vn -0.409449 -0.88189 0.228346 
vn -0.425197 -0.905512 0 
vn -0.409449 -0.88189 -0.228346 
vn -0.385827 -0.818898 -0.425197 
vn -0.346457 -0.740157 -0.574803 
vn -0.346457 -0.740157 -0.574803 
vn -0.181102 -0.748031 -0.637795 
vn 0.023622 -0.724409 -0.685039 
vn 0.244094 -0.661417 -0.708661 
vn 0.448819 -0.566929 -0.685039 
vn 0.622047 -0.456693 -0.637795 
vn 0.740157 -0.346457 -0.574803 
vn -0.385827 -0.818898 -0.425197 
vn -0.204724 -0.850394 -0.488189 
vn 0.023622 -0.84252 -0.535433 
vn 0.283465 -0.779528 -0.551181 
vn 0.527559 -0.661417 -0.535433 
vn 0.700787 -0.519685 -0.488189 
vn 0.818898 -0.385827 -0.425197 
vn -0.409449 -0.88189 -0.228346 
vn -0.228346 -0.937008 -0.267717 
vn 0.023622 -0.952756 -0.299213 
vn 0.322835 -0.889764 -0.314961 
vn 0.590551 -0.748031 -0.299213 
vn 0.779528 -0.566929 -0.267717 
vn 0.88189 -0.409449 -0.228346 
vn -0.425197 -0.905512 0 
vn -0.23622 -0.968504 0 
vn 0.023622 -1 0 
vn 0.338583 -0.937008 0 
vn 0.622047 -0.779528 0 
vn 0.80315 -0.590551 0 
vn 0.905512 -0.425197 0 
vn -0.409449 -0.88189 0.228346 
vn -0.228346 -0.937008 0.267717 
vn 0.023622 -0.952756 0.299213 
vn 0.322835 -0.889764 0.314961 
vn 0.590551 -0.748031 0.299213 
vn 0.779528 -0.566929 0.267717 
vn 0.88189 -0.409449 0.228346 
vn -0.385827 -0.818898 0.425197 
vn -0.204724 -0.850394 0.488189 
vn 0.023622 -0.84252 0.535433 
vn 0.283465 -0.779528 0.551181 
vn 0.527559 -0.661417 0.535433 
vn 0.700787 -0.519685 0.488189 
vn 0.818898 -0.385827 0.425197 
vn -0.346457 -0.740157 0.574803 
vn -0.181102 -0.748031 0.637795 
vn 0.023622 -0.724409 0.685039 
vn 0.244094 -0.661417 0.708661 
vn 0.448819 -0.566929 0.685039 
vn 0.622047 -0.456693 0.637795 
vn 0.740157 -0.346457 0.574803 
vn -0.740157 0.346457 -0.574803 
vn -0.622047 0.456693 -0.637795 
vn -0.448819 0.566929 -0.685039 
vn -0.244094 0.661417 -0.708661 
vn -0.023622 0.724409 -0.685039 
vn 0.181102 0.748031 -0.637795 
vn 0.346457 0.740157 -0.574803 
vn -0.748031 0.181102 -0.637795 
vn -0.622047 0.291339 -0.724409 
vn -0.433071 0.409449 -0.80315 
vn -0.188976 0.519685 -0.834646 
vn 0.0708661 0.590551 -0.80315 
vn 0.291339 0.622047 -0.724409 
vn 0.456693 0.622047 -0.637795 
vn -0.724409 -0.023622 -0.685039 
vn -0.590551 0.0708661 -0.80315 
vn -0.385827 0.181102 -0.905512 
vn -0.110236 0.299213 -0.944882 
vn 0.181102 0.385827 -0.905512 
vn 0.409449 0.433071 -0.80315 
vn 0.566929 0.448819 -0.685039 
vn -0.661417 -0.244094 -0.708661 
vn -0.519685 -0.188976 -0.834646 
vn -0.299213 -0.110236 -0.944882 
vn 0 0 -1 
vn 0.299213 0.110236 -0.944882 
vn 0.519685 0.188976 -0.834646 
vn 0.661417 0.244094 -0.708661 
vn -0.566929 -0.448819 -0.685039 
vn -0.409449 -0.433071 -0.80315 
vn -0.181102 -0.385827 -0.905512 
vn 0.110236 -0.299213 -0.944882 
vn 0.385827 -0.181102 -0.905512 
vn 0.590551 -0.0708661 -0.80315 
vn 0.724409 0.023622 -0.685039 
vn -0.456693 -0.622047 -0.637795 
vn -0.291339 -0.622047 -0.724409 
vn -0.0708661 -0.590551 -0.80315 
vn 0.188976 -0.519685 -0.834646 
vn 0.433071 -0.409449 -0.80315 
vn 0.622047 -0.291339 -0.724409 
vn 0.748031 -0.181102 -0.637795 
vn -0.346457 -0.740157 -0.574803 
vn -0.181102 -0.748031 -0.637795 
vn 0.023622 -0.724409 -0.685039 
vn 0.244094 -0.661417 -0.708661 
vn 0.448819 -0.566929 -0.685039 
vn 0.622047 -0.456693 -0.637795 
vn 0.740157 -0.346457 -0.574803 

vt -0.248352 2.37764 
vt -0.29848 2.37764 
vt -0.348608 2.37764 
vt -0.398736 2.37764 
vt -0.448864 2.37764 
vt -0.498992 2.37764 
vt -0.54912 2.37764 
vt -0.248352 2.32751 
vt -0.29848 2.32751 
vt -0.348608 2.32751 
vt -0.398736 2.32751 
vt -0.448864 2.32751 
vt -0.498992 2.32751 
vt -0.54912 2.32751 
vt -0.248352 2.27738 
vt -0.29848 2.27738 
vt -0.348608 2.27738 
vt -0.398736 2.27738 
vt -0.448864 2.27738 
vt -0.498992 2.27738 
vt -0.54912 2.27738 
vt -0.248352 2.22725 
vt -0.29848 2.22725 
vt -0.348608 2.22725 
vt -0.398736 2.22725 
vt -0.448864 2.22725 
vt -0.498992 2.22725 
vt -0.54912 2.22725 
vt -0.248352 2.17712 
vt -0.29848 2.17712 
vt -0.348608 2.17712 
vt -0.398736 2.17712 
vt -0.448864 2.17712 
vt -0.498992 2.17712 
vt -0.54912 2.17712 
vt -0.248352 2.127 
vt -0.29848 2.127 
vt -0.348608 2.127 
vt -0.398736 2.127 
vt -0.448864 2.127 
vt -0.498992 2.127 
vt -0.54912 2.127 
vt -0.248352 2.07687 
vt -0.29848 2.07687 
vt -0.348608 2.07687 
vt -0.398736 2.07687 
vt -0.448864 2.07687 
vt -0.498992 2.07687 
vt -0.54912 2.07687 
vt -0.248352 2.37764 
vt -0.29848 2.37764 
vt -0.348608 2.37764 
vt -0.398736 2.37764 
vt -0.448864 2.37764 
vt -0.498992 2.37764 
vt -0.54912 2.37764 
vt -0.248352 2.32751 
vt -0.29848 2.32751 
vt -0.348608 2.32751 
vt -0.398736 2.32751 
vt -0.448864 2.32751 
vt -0.498992 2.32751 
vt -0.54912 2.32751 
vt -0.248352 2.27738 
vt -0.29848 2.27738 
vt -0.348608 2.27738 
vt -0.398736 2.27738 
vt -0.448864 2.27738 
vt -0.498992 2.27738 
vt -0.54912 2.27738 
vt -0.248352 2.22725 
vt -0.29848 2.22725 
vt -0.348608 2.22725 
vt -0.398736 2.22725 
vt -0.448864 2.22725 
vt -0.498992 2.22725 
vt -0.54912 2.22725 
vt -0.248352 2.17712 
vt -0.29848 2.17712 
vt -0.348608 2.17712 
vt -0.398736 2.17712 
vt -0.448864 2.17712 
vt -0.498992 2.17712 
vt -0.54912 2.17712 
vt -0.248352 2.127 
vt -0.29848 2.127 
vt -0.348608 2.127 
vt -0.398736 2.127 
vt -0.448864 2.127 
vt -0.498992 2.127 
vt -0.54912 2.127 
vt -0.248352 2.07687 
vt -0.29848 2.07687 
vt -0.348608 2.07687 
vt -0.398736 2.07687 
vt -0.448864 2.07687 
vt -0.498992 2.07687 
vt -0.54912 2.07687 
vt -0.248352 2.37764 
vt -0.29848 2.37764 
vt -0.348608 2.37764 
vt -0.398736 2.37764 
vt -0.448864 2.37764 
vt -0.498992 2.37764 
vt -0.54912 2.37764 
vt -0.248352 2.32751 
vt -0.29848 2.32751 
vt -0.348608 2.32751 
vt -0.398736 2.32751 
vt -0.448864 2.32751 
vt -0.498992 2.32751 
vt -0.54912 2.32751 
vt -0.248352 2.27738 
vt -0.29848 2.27738 
vt -0.348608 2.27738 
vt -0.398736 2.27738 
vt -0.448864 2.27738 
vt -0.498992 2.27738 
vt -0.54912 2.27738 
vt -0.248352 2.22725 
vt -0.29848 2.22725 
vt -0.348608 2.22725 
vt -0.398736 2.22725 
vt -0.448864 2.22725 
vt -0.498992 2.22725 
vt -0.54912 2.22725 
vt -0.248352 2.17712 
vt -0.29848 2.17712 
vt -0.348608 2.17712 
vt -0.398736 2.17712 
vt -0.448864 2.17712 
vt -0.498992 2.17712 
vt -0.54912 2.17712 
vt -0.248352 2.127 
vt -0.29848 2.127 
vt -0.348608 2.127 
vt -0.398736 2.127 
vt -0.448864 2.127 
vt -0.498992 2.127 
vt -0.54912 2.127 
vt -0.248352 2.07687 
vt -0.29848 2.07687 
vt -0.348608 2.07687 
vt -0.398736 2.07687 
vt -0.448864 2.07687 
vt -0.498992 2.07687 
vt -0.54912 2.07687 
vt -0.248352 2.37764 
vt -0.29848 2.37764 
vt -0.348608 2.37764 
vt -0.398736 2.37764 
vt -0.448864 2.37764 
vt -0.498992 2.37764 
vt -0.54912 2.37764 
vt -0.248352 2.32751 
vt -0.29848 2.32751 
vt -0.348608 2.32751 
vt -0.398736 2.32751 
vt -0.448864 2.32751 
vt -0.498992 2.32751 
vt -0.54912 2.32751 
vt -0.248352 2.27738 
vt -0.29848 2.27738 
vt -0.348608 2.27738 
vt -0.398736 2.27738 
vt -0.448864 2.27738 
vt -0.498992 2.27738 
vt -0.54912 2.27738 
vt -0.248352 2.22725 
vt -0.29848 2.22725 
vt -0.348608 2.22725 
vt -0.398736 2.22725 
vt -0.448864 2.22725 
vt -0.498992 2.22725 
vt -0.54912 2.22725 
vt -0.248352 2.17712 
vt -0.29848 2.17712 
vt -0.348608 2.17712 
vt -0.398736 2.17712 
vt -0.448864 2.17712 
vt -0.498992 2.17712 
vt -0.54912 2.17712 
vt -0.248352 2.127 
vt -0.29848 2.127 
vt -0.348608 2.127 
vt -0.398736 2.127 
vt -0.448864 2.127 
vt -0.498992 2.127 
vt -0.54912 2.127 
vt -0.248352 2.07687 
vt -0.29848 2.07687 
vt -0.348608 2.07687 
vt -0.398736 2.07687 
vt -0.448864 2.07687 
vt -0.498992 2.07687 
vt -0.54912 2.07687 
vt -0.248352 2.37764 
vt -0.29848 2.37764 
vt -0.348608 2.37764 
vt -0.398736 2.37764 
vt -0.448864 2.37764 
vt -0.498992 2.37764 
vt -0.54912 2.37764 
vt -0.248352 2.32751 
vt -0.29848 2.32751 
vt -0.348608 2.32751 
vt -0.398736 2.32751 
vt -0.448864 2.32751 
vt -0.498992 2.32751 
vt -0.54912 2.32751 
vt -0.248352 2.27738 
vt -0.29848 2.27738 
vt -0.348608 2.27738 
vt -0.398736 2.27738 
vt -0.448864 2.27738 
vt -0.498992 2.27738 
vt -0.54912 2.27738 
vt -0.248352 2.22725 
vt -0.29848 2.22725 
vt -0.348608 2.22725 
vt -0.398736 2.22725 
vt -0.448864 2.22725 
vt -0.498992 2.22725 
vt -0.54912 2.22725 
vt -0.248352 2.17712 
vt -0.29848 2.17712 
vt -0.348608 2.17712 
vt -0.398736 2.17712 
vt -0.448864 2.17712 
vt -0.498992 2.17712 
vt -0.54912 2.17712 
vt -0.248352 2.127 
vt -0.29848 2.127 
vt -0.348608 2.127 
vt -0.398736 2.127 
vt -0.448864 2.127 
vt -0.498992 2.127 
vt -0.54912 2.127 
vt -0.248352 2.07687 
vt -0.29848 2.07687 
vt -0.348608 2.07687 
vt -0.398736 2.07687 
vt -0.448864 2.07687 
vt -0.498992 2.07687 
vt -0.54912 2.07687 
vt -0.248352 2.37764 
vt -0.29848 2.37764 
vt -0.348608 2.37764 
vt -0.398736 2.37764 
vt -0.448864 2.37764 
vt -0.498992 2.37764 
vt -0.54912 2.37764 
vt -0.248352 2.32751 
vt -0.29848 2.32751 
vt -0.348608 2.32751 
vt -0.398736 2.32751 
vt -0.448864 2.32751 
vt -0.498992 2.32751 
vt -0.54912 2.32751 
vt -0.248352 2.27738 
vt -0.29848 2.27738 
vt -0.348608 2.27738 
vt -0.398736 2.27738 
vt -0.448864 2.27738 
vt -0.498992 2.27738 
vt -0.54912 2.27738 
vt -0.248352 2.22725 
vt -0.29848 2.22725 
vt -0.348608 2.22725 
vt -0.398736 2.22725 
vt -0.448864 2.22725 
vt -0.498992 2.22725 
vt -0.54912 2.22725 
vt -0.248352 2.17712 
vt -0.29848 2.17712 
vt -0.348608 2.17712 
vt -0.398736 2.17712 
vt -0.448864 2.17712 
vt -0.498992 2.17712 
vt -0.54912 2.17712 
vt -0.248352 2.127 
vt -0.29848 2.127 
vt -0.348608 2.127 
vt -0.398736 2.127 
vt -0.448864 2.127 
vt -0.498992 2.127 
vt -0.54912 2.127 
vt -0.248352 2.07687 
vt -0.29848 2.07687 
vt -0.348608 2.07687 
vt -0.398736 2.07687 
vt -0.448864 2.07687 
vt -0.498992 2.07687 
vt -0.54912 2.07687 

usemtl Part46Mtl

f 1929/1929/1929 1930/1930/1930 1936/1936/1936 
f 1936/1936/1936 1930/1930/1930 1937/1937/1937 
f 1930/1930/1930 1931/1931/1931 1937/1937/1937 
f 1937/1937/1937 1931/1931/1931 1938/1938/1938 
f 1931/1931/1931 1932/1932/1932 1938/1938/1938 
f 1938/1938/1938 1932/1932/1932 1939/1939/1939 
f 1932/1932/1932 1933/1933/1933 1939/1939/1939 
f 1939/1939/1939 1933/1933/1933 1940/1940/1940 
f 1933/1933/1933 1934/1934/1934 1940/1940/1940 
f 1940/1940/1940 1934/1934/1934 1941/1941/1941 
f 1934/1934/1934 1935/1935/1935 1941/1941/1941 
f 1941/1941/1941 1935/1935/1935 1942/1942/1942 
f 1936/1936/1936 1937/1937/1937 1943/1943/1943 
f 1943/1943/1943 1937/1937/1937 1944/1944/1944 
f 1937/1937/1937 1938/1938/1938 1944/1944/1944 
f 1944/1944/1944 1938/1938/1938 1945/1945/1945 
f 1938/1938/1938 1939/1939/1939 1945/1945/1945 
f 1945/1945/1945 1939/1939/1939 1946/1946/1946 
f 1939/1939/1939 1940/1940/1940 1946/1946/1946 
f 1946/1946/1946 1940/1940/1940 1947/1947/1947 
f 1940/1940/1940 1941/1941/1941 1947/1947/1947 
f 1947/1947/1947 1941/1941/1941 1948/1948/1948 
f 1941/1941/1941 1942/1942/1942 1948/1948/1948 
f 1948/1948/1948 1942/1942/1942 1949/1949/1949 
f 1943/1943/1943 1944/1944/1944 1950/1950/1950 
f 1950/1950/1950 1944/1944/1944 1951/1951/1951 
f 1944/1944/1944 1945/1945/1945 1951/1951/1951 
f 1951/1951/1951 1945/1945/1945 1952/1952/1952 
f 1945/1945/1945 1946/1946/1946 1952/1952/1952 
f 1952/1952/1952 1946/1946/1946 1953/1953/1953 
f 1946/1946/1946 1947/1947/1947 1953/1953/1953 
f 1953/1953/1953 1947/1947/1947 1954/1954/1954 
f 1947/1947/1947 1948/1948/1948 1954/1954/1954 
f 1954/1954/1954 1948/1948/1948 1955/1955/1955 
f 1948/1948/1948 1949/1949/1949 1955/1955/1955 
f 1955/1955/1955 1949/1949/1949 1956/1956/1956 
f 1950/1950/1950 1951/1951/1951 1957/1957/1957 
f 1957/1957/1957 1951/1951/1951 1958/1958/1958 
f 1951/1951/1951 1952/1952/1952 1958/1958/1958 
f 1958/1958/1958 1952/1952/1952 1959/1959/1959 
f 1952/1952/1952 1953/1953/1953 1959/1959/1959 
f 1959/1959/1959 1953/1953/1953 1960/1960/1960 
f 1953/1953/1953 1954/1954/1954 1960/1960/1960 
f 1960/1960/1960 1954/1954/1954 1961/1961/1961 
f 1954/1954/1954 1955/1955/1955 1961/1961/1961 
f 1961/1961/1961 1955/1955/1955 1962/1962/1962 
f 1955/1955/1955 1956/1956/1956 1962/1962/1962 
f 1962/1962/1962 1956/1956/1956 1963/1963/1963 
f 1957/1957/1957 1958/1958/1958 1964/1964/1964 
f 1964/1964/1964 1958/1958/1958 1965/1965/1965 
f 1958/1958/1958 1959/1959/1959 1965/1965/1965 
f 1965/1965/1965 1959/1959/1959 1966/1966/1966 
f 1959/1959/1959 1960/1960/1960 1966/1966/1966 
f 1966/1966/1966 1960/1960/1960 1967/1967/1967 
f 1960/1960/1960 1961/1961/1961 1967/1967/1967 
f 1967/1967/1967 1961/1961/1961 1968/1968/1968 
f 1961/1961/1961 1962/1962/1962 1968/1968/1968 
f 1968/1968/1968 1962/1962/1962 1969/1969/1969 
f 1962/1962/1962 1963/1963/1963 1969/1969/1969 
f 1969/1969/1969 1963/1963/1963 1970/1970/1970 
f 1964/1964/1964 1965/1965/1965 1971/1971/1971 
f 1971/1971/1971 1965/1965/1965 1972/1972/1972 
f 1965/1965/1965 1966/1966/1966 1972/1972/1972 
f 1972/1972/1972 1966/1966/1966 1973/1973/1973 
f 1966/1966/1966 1967/1967/1967 1973/1973/1973 
f 1973/1973/1973 1967/1967/1967 1974/1974/1974 
f 1967/1967/1967 1968/1968/1968 1974/1974/1974 
f 1974/1974/1974 1968/1968/1968 1975/1975/1975 
f 1968/1968/1968 1969/1969/1969 1975/1975/1975 
f 1975/1975/1975 1969/1969/1969 1976/1976/1976 
f 1969/1969/1969 1970/1970/1970 1976/1976/1976 
f 1976/1976/1976 1970/1970/1970 1977/1977/1977 
f 1978/1978/1978 1979/1979/1979 1985/1985/1985 
f 1985/1985/1985 1979/1979/1979 1986/1986/1986 
f 1979/1979/1979 1980/1980/1980 1986/1986/1986 
f 1986/1986/1986 1980/1980/1980 1987/1987/1987 
f 1980/1980/1980 1981/1981/1981 1987/1987/1987 
f 1987/1987/1987 1981/1981/1981 1988/1988/1988 
f 1981/1981/1981 1982/1982/1982 1988/1988/1988 
f 1988/1988/1988 1982/1982/1982 1989/1989/1989 
f 1982/1982/1982 1983/1983/1983 1989/1989/1989 
f 1989/1989/1989 1983/1983/1983 1990/1990/1990 
f 1983/1983/1983 1984/1984/1984 1990/1990/1990 
f 1990/1990/1990 1984/1984/1984 1991/1991/1991 
f 1985/1985/1985 1986/1986/1986 1992/1992/1992 
f 1992/1992/1992 1986/1986/1986 1993/1993/1993 
f 1986/1986/1986 1987/1987/1987 1993/1993/1993 
f 1993/1993/1993 1987/1987/1987 1994/1994/1994 
f 1987/1987/1987 1988/1988/1988 1994/1994/1994 
f 1994/1994/1994 1988/1988/1988 1995/1995/1995 
f 1988/1988/1988 1989/1989/1989 1995/1995/1995 
f 1995/1995/1995 1989/1989/1989 1996/1996/1996 
f 1989/1989/1989 1990/1990/1990 1996/1996/1996 
f 1996/1996/1996 1990/1990/1990 1997/1997/1997 
f 1990/1990/1990 1991/1991/1991 1997/1997/1997 
f 1997/1997/1997 1991/1991/1991 1998/1998/1998 
f 1992/1992/1992 1993/1993/1993 1999/1999/1999 
f 1999/1999/1999 1993/1993/1993 2000/2000/2000 
f 1993/1993/1993 1994/1994/1994 2000/2000/2000 
f 2000/2000/2000 1994/1994/1994 2001/2001/2001 
f 1994/1994/1994 1995/1995/1995 2001/2001/2001 
f 2001/2001/2001 1995/1995/1995 2002/2002/2002 
f 1995/1995/1995 1996/1996/1996 2002/2002/2002 
f 2002/2002/2002 1996/1996/1996 2003/2003/2003 
f 1996/1996/1996 1997/1997/1997 2003/2003/2003 
f 2003/2003/2003 1997/1997/1997 2004/2004/2004 
f 1997/1997/1997 1998/1998/1998 2004/2004/2004 
f 2004/2004/2004 1998/1998/1998 2005/2005/2005 
f 1999/1999/1999 2000/2000/2000 2006/2006/2006 
f 2006/2006/2006 2000/2000/2000 2007/2007/2007 
f 2000/2000/2000 2001/2001/2001 2007/2007/2007 
f 2007/2007/2007 2001/2001/2001 2008/2008/2008 
f 2001/2001/2001 2002/2002/2002 2008/2008/2008 
f 2008/2008/2008 2002/2002/2002 2009/2009/2009 
f 2002/2002/2002 2003/2003/2003 2009/2009/2009 
f 2009/2009/2009 2003/2003/2003 2010/2010/2010 
f 2003/2003/2003 2004/2004/2004 2010/2010/2010 
f 2010/2010/2010 2004/2004/2004 2011/2011/2011 
f 2004/2004/2004 2005/2005/2005 2011/2011/2011 
f 2011/2011/2011 2005/2005/2005 2012/2012/2012 
f 2006/2006/2006 2007/2007/2007 2013/2013/2013 
f 2013/2013/2013 2007/2007/2007 2014/2014/2014 
f 2007/2007/2007 2008/2008/2008 2014/2014/2014 
f 2014/2014/2014 2008/2008/2008 2015/2015/2015 
f 2008/2008/2008 2009/2009/2009 2015/2015/2015 
f 2015/2015/2015 2009/2009/2009 2016/2016/2016 
f 2009/2009/2009 2010/2010/2010 2016/2016/2016 
f 2016/2016/2016 2010/2010/2010 2017/2017/2017 
f 2010/2010/2010 2011/2011/2011 2017/2017/2017 
f 2017/2017/2017 2011/2011/2011 2018/2018/2018 
f 2011/2011/2011 2012/2012/2012 2018/2018/2018 
f 2018/2018/2018 2012/2012/2012 2019/2019/2019 
f 2013/2013/2013 2014/2014/2014 2020/2020/2020 
f 2020/2020/2020 2014/2014/2014 2021/2021/2021 
f 2014/2014/2014 2015/2015/2015 2021/2021/2021 
f 2021/2021/2021 2015/2015/2015 2022/2022/2022 
f 2015/2015/2015 2016/2016/2016 2022/2022/2022 
f 2022/2022/2022 2016/2016/2016 2023/2023/2023 
f 2016/2016/2016 2017/2017/2017 2023/2023/2023 
f 2023/2023/2023 2017/2017/2017 2024/2024/2024 
f 2017/2017/2017 2018/2018/2018 2024/2024/2024 
f 2024/2024/2024 2018/2018/2018 2025/2025/2025 
f 2018/2018/2018 2019/2019/2019 2025/2025/2025 
f 2025/2025/2025 2019/2019/2019 2026/2026/2026 
f 2027/2027/2027 2028/2028/2028 2034/2034/2034 
f 2034/2034/2034 2028/2028/2028 2035/2035/2035 
f 2028/2028/2028 2029/2029/2029 2035/2035/2035 
f 2035/2035/2035 2029/2029/2029 2036/2036/2036 
f 2029/2029/2029 2030/2030/2030 2036/2036/2036 
f 2036/2036/2036 2030/2030/2030 2037/2037/2037 
f 2030/2030/2030 2031/2031/2031 2037/2037/2037 
f 2037/2037/2037 2031/2031/2031 2038/2038/2038 
f 2031/2031/2031 2032/2032/2032 2038/2038/2038 
f 2038/2038/2038 2032/2032/2032 2039/2039/2039 
f 2032/2032/2032 2033/2033/2033 2039/2039/2039 
f 2039/2039/2039 2033/2033/2033 2040/2040/2040 
f 2034/2034/2034 2035/2035/2035 2041/2041/2041 
f 2041/2041/2041 2035/2035/2035 2042/2042/2042 
f 2035/2035/2035 2036/2036/2036 2042/2042/2042 
f 2042/2042/2042 2036/2036/2036 2043/2043/2043 
f 2036/2036/2036 2037/2037/2037 2043/2043/2043 
f 2043/2043/2043 2037/2037/2037 2044/2044/2044 
f 2037/2037/2037 2038/2038/2038 2044/2044/2044 
f 2044/2044/2044 2038/2038/2038 2045/2045/2045 
f 2038/2038/2038 2039/2039/2039 2045/2045/2045 
f 2045/2045/2045 2039/2039/2039 2046/2046/2046 
f 2039/2039/2039 2040/2040/2040 2046/2046/2046 
f 2046/2046/2046 2040/2040/2040 2047/2047/2047 
f 2041/2041/2041 2042/2042/2042 2048/2048/2048 
f 2048/2048/2048 2042/2042/2042 2049/2049/2049 
f 2042/2042/2042 2043/2043/2043 2049/2049/2049 
f 2049/2049/2049 2043/2043/2043 2050/2050/2050 
f 2043/2043/2043 2044/2044/2044 2050/2050/2050 
f 2050/2050/2050 2044/2044/2044 2051/2051/2051 
f 2044/2044/2044 2045/2045/2045 2051/2051/2051 
f 2051/2051/2051 2045/2045/2045 2052/2052/2052 
f 2045/2045/2045 2046/2046/2046 2052/2052/2052 
f 2052/2052/2052 2046/2046/2046 2053/2053/2053 
f 2046/2046/2046 2047/2047/2047 2053/2053/2053 
f 2053/2053/2053 2047/2047/2047 2054/2054/2054 
f 2048/2048/2048 2049/2049/2049 2055/2055/2055 
f 2055/2055/2055 2049/2049/2049 2056/2056/2056 
f 2049/2049/2049 2050/2050/2050 2056/2056/2056 
f 2056/2056/2056 2050/2050/2050 2057/2057/2057 
f 2050/2050/2050 2051/2051/2051 2057/2057/2057 
f 2057/2057/2057 2051/2051/2051 2058/2058/2058 
f 2051/2051/2051 2052/2052/2052 2058/2058/2058 
f 2058/2058/2058 2052/2052/2052 2059/2059/2059 
f 2052/2052/2052 2053/2053/2053 2059/2059/2059 
f 2059/2059/2059 2053/2053/2053 2060/2060/2060 
f 2053/2053/2053 2054/2054/2054 2060/2060/2060 
f 2060/2060/2060 2054/2054/2054 2061/2061/2061 
f 2055/2055/2055 2056/2056/2056 2062/2062/2062 
f 2062/2062/2062 2056/2056/2056 2063/2063/2063 
f 2056/2056/2056 2057/2057/2057 2063/2063/2063 
f 2063/2063/2063 2057/2057/2057 2064/2064/2064 
f 2057/2057/2057 2058/2058/2058 2064/2064/2064 
f 2064/2064/2064 2058/2058/2058 2065/2065/2065 
f 2058/2058/2058 2059/2059/2059 2065/2065/2065 
f 2065/2065/2065 2059/2059/2059 2066/2066/2066 
f 2059/2059/2059 2060/2060/2060 2066/2066/2066 
f 2066/2066/2066 2060/2060/2060 2067/2067/2067 
f 2060/2060/2060 2061/2061/2061 2067/2067/2067 
f 2067/2067/2067 2061/2061/2061 2068/2068/2068 
f 2062/2062/2062 2063/2063/2063 2069/2069/2069 
f 2069/2069/2069 2063/2063/2063 2070/2070/2070 
f 2063/2063/2063 2064/2064/2064 2070/2070/2070 
f 2070/2070/2070 2064/2064/2064 2071/2071/2071 
f 2064/2064/2064 2065/2065/2065 2071/2071/2071 
f 2071/2071/2071 2065/2065/2065 2072/2072/2072 
f 2065/2065/2065 2066/2066/2066 2072/2072/2072 
f 2072/2072/2072 2066/2066/2066 2073/2073/2073 
f 2066/2066/2066 2067/2067/2067 2073/2073/2073 
f 2073/2073/2073 2067/2067/2067 2074/2074/2074 
f 2067/2067/2067 2068/2068/2068 2074/2074/2074 
f 2074/2074/2074 2068/2068/2068 2075/2075/2075 
f 2076/2076/2076 2077/2077/2077 2083/2083/2083 
f 2083/2083/2083 2077/2077/2077 2084/2084/2084 
f 2077/2077/2077 2078/2078/2078 2084/2084/2084 
f 2084/2084/2084 2078/2078/2078 2085/2085/2085 
f 2078/2078/2078 2079/2079/2079 2085/2085/2085 
f 2085/2085/2085 2079/2079/2079 2086/2086/2086 
f 2079/2079/2079 2080/2080/2080 2086/2086/2086 
f 2086/2086/2086 2080/2080/2080 2087/2087/2087 
f 2080/2080/2080 2081/2081/2081 2087/2087/2087 
f 2087/2087/2087 2081/2081/2081 2088/2088/2088 
f 2081/2081/2081 2082/2082/2082 2088/2088/2088 
f 2088/2088/2088 2082/2082/2082 2089/2089/2089 
f 2083/2083/2083 2084/2084/2084 2090/2090/2090 
f 2090/2090/2090 2084/2084/2084 2091/2091/2091 
f 2084/2084/2084 2085/2085/2085 2091/2091/2091 
f 2091/2091/2091 2085/2085/2085 2092/2092/2092 
f 2085/2085/2085 2086/2086/2086 2092/2092/2092 
f 2092/2092/2092 2086/2086/2086 2093/2093/2093 
f 2086/2086/2086 2087/2087/2087 2093/2093/2093 
f 2093/2093/2093 2087/2087/2087 2094/2094/2094 
f 2087/2087/2087 2088/2088/2088 2094/2094/2094 
f 2094/2094/2094 2088/2088/2088 2095/2095/2095 
f 2088/2088/2088 2089/2089/2089 2095/2095/2095 
f 2095/2095/2095 2089/2089/2089 2096/2096/2096 
f 2090/2090/2090 2091/2091/2091 2097/2097/2097 
f 2097/2097/2097 2091/2091/2091 2098/2098/2098 
f 2091/2091/2091 2092/2092/2092 2098/2098/2098 
f 2098/2098/2098 2092/2092/2092 2099/2099/2099 
f 2092/2092/2092 2093/2093/2093 2099/2099/2099 
f 2099/2099/2099 2093/2093/2093 2100/2100/2100 
f 2093/2093/2093 2094/2094/2094 2100/2100/2100 
f 2100/2100/2100 2094/2094/2094 2101/2101/2101 
f 2094/2094/2094 2095/2095/2095 2101/2101/2101 
f 2101/2101/2101 2095/2095/2095 2102/2102/2102 
f 2095/2095/2095 2096/2096/2096 2102/2102/2102 
f 2102/2102/2102 2096/2096/2096 2103/2103/2103 
f 2097/2097/2097 2098/2098/2098 2104/2104/2104 
f 2104/2104/2104 2098/2098/2098 2105/2105/2105 
f 2098/2098/2098 2099/2099/2099 2105/2105/2105 
f 2105/2105/2105 2099/2099/2099 2106/2106/2106 
f 2099/2099/2099 2100/2100/2100 2106/2106/2106 
f 2106/2106/2106 2100/2100/2100 2107/2107/2107 
f 2100/2100/2100 2101/2101/2101 2107/2107/2107 
f 2107/2107/2107 2101/2101/2101 2108/2108/2108 
f 2101/2101/2101 2102/2102/2102 2108/2108/2108 
f 2108/2108/2108 2102/2102/2102 2109/2109/2109 
f 2102/2102/2102 2103/2103/2103 2109/2109/2109 
f 2109/2109/2109 2103/2103/2103 2110/2110/2110 
f 2104/2104/2104 2105/2105/2105 2111/2111/2111 
f 2111/2111/2111 2105/2105/2105 2112/2112/2112 
f 2105/2105/2105 2106/2106/2106 2112/2112/2112 
f 2112/2112/2112 2106/2106/2106 2113/2113/2113 
f 2106/2106/2106 2107/2107/2107 2113/2113/2113 
f 2113/2113/2113 2107/2107/2107 2114/2114/2114 
f 2107/2107/2107 2108/2108/2108 2114/2114/2114 
f 2114/2114/2114 2108/2108/2108 2115/2115/2115 
f 2108/2108/2108 2109/2109/2109 2115/2115/2115 
f 2115/2115/2115 2109/2109/2109 2116/2116/2116 
f 2109/2109/2109 2110/2110/2110 2116/2116/2116 
f 2116/2116/2116 2110/2110/2110 2117/2117/2117 
f 2111/2111/2111 2112/2112/2112 2118/2118/2118 
f 2118/2118/2118 2112/2112/2112 2119/2119/2119 
f 2112/2112/2112 2113/2113/2113 2119/2119/2119 
f 2119/2119/2119 2113/2113/2113 2120/2120/2120 
f 2113/2113/2113 2114/2114/2114 2120/2120/2120 
f 2120/2120/2120 2114/2114/2114 2121/2121/2121 
f 2114/2114/2114 2115/2115/2115 2121/2121/2121 
f 2121/2121/2121 2115/2115/2115 2122/2122/2122 
f 2115/2115/2115 2116/2116/2116 2122/2122/2122 
f 2122/2122/2122 2116/2116/2116 2123/2123/2123 
f 2116/2116/2116 2117/2117/2117 2123/2123/2123 
f 2123/2123/2123 2117/2117/2117 2124/2124/2124 
f 2125/2125/2125 2126/2126/2126 2132/2132/2132 
f 2132/2132/2132 2126/2126/2126 2133/2133/2133 
f 2126/2126/2126 2127/2127/2127 2133/2133/2133 
f 2133/2133/2133 2127/2127/2127 2134/2134/2134 
f 2127/2127/2127 2128/2128/2128 2134/2134/2134 
f 2134/2134/2134 2128/2128/2128 2135/2135/2135 
f 2128/2128/2128 2129/2129/2129 2135/2135/2135 
f 2135/2135/2135 2129/2129/2129 2136/2136/2136 
f 2129/2129/2129 2130/2130/2130 2136/2136/2136 
f 2136/2136/2136 2130/2130/2130 2137/2137/2137 
f 2130/2130/2130 2131/2131/2131 2137/2137/2137 
f 2137/2137/2137 2131/2131/2131 2138/2138/2138 
f 2132/2132/2132 2133/2133/2133 2139/2139/2139 
f 2139/2139/2139 2133/2133/2133 2140/2140/2140 
f 2133/2133/2133 2134/2134/2134 2140/2140/2140 
f 2140/2140/2140 2134/2134/2134 2141/2141/2141 
f 2134/2134/2134 2135/2135/2135 2141/2141/2141 
f 2141/2141/2141 2135/2135/2135 2142/2142/2142 
f 2135/2135/2135 2136/2136/2136 2142/2142/2142 
f 2142/2142/2142 2136/2136/2136 2143/2143/2143 
f 2136/2136/2136 2137/2137/2137 2143/2143/2143 
f 2143/2143/2143 2137/2137/2137 2144/2144/2144 
f 2137/2137/2137 2138/2138/2138 2144/2144/2144 
f 2144/2144/2144 2138/2138/2138 2145/2145/2145 
f 2139/2139/2139 2140/2140/2140 2146/2146/2146 
f 2146/2146/2146 2140/2140/2140 2147/2147/2147 
f 2140/2140/2140 2141/2141/2141 2147/2147/2147 
f 2147/2147/2147 2141/2141/2141 2148/2148/2148 
f 2141/2141/2141 2142/2142/2142 2148/2148/2148 
f 2148/2148/2148 2142/2142/2142 2149/2149/2149 
f 2142/2142/2142 2143/2143/2143 2149/2149/2149 
f 2149/2149/2149 2143/2143/2143 2150/2150/2150 
f 2143/2143/2143 2144/2144/2144 2150/2150/2150 
f 2150/2150/2150 2144/2144/2144 2151/2151/2151 
f 2144/2144/2144 2145/2145/2145 2151/2151/2151 
f 2151/2151/2151 2145/2145/2145 2152/2152/2152 
f 2146/2146/2146 2147/2147/2147 2153/2153/2153 
f 2153/2153/2153 2147/2147/2147 2154/2154/2154 
f 2147/2147/2147 2148/2148/2148 2154/2154/2154 
f 2154/2154/2154 2148/2148/2148 2155/2155/2155 
f 2148/2148/2148 2149/2149/2149 2155/2155/2155 
f 2155/2155/2155 2149/2149/2149 2156/2156/2156 
f 2149/2149/2149 2150/2150/2150 2156/2156/2156 
f 2156/2156/2156 2150/2150/2150 2157/2157/2157 
f 2150/2150/2150 2151/2151/2151 2157/2157/2157 
f 2157/2157/2157 2151/2151/2151 2158/2158/2158 
f 2151/2151/2151 2152/2152/2152 2158/2158/2158 
f 2158/2158/2158 2152/2152/2152 2159/2159/2159 
f 2153/2153/2153 2154/2154/2154 2160/2160/2160 
f 2160/2160/2160 2154/2154/2154 2161/2161/2161 
f 2154/2154/2154 2155/2155/2155 2161/2161/2161 
f 2161/2161/2161 2155/2155/2155 2162/2162/2162 
f 2155/2155/2155 2156/2156/2156 2162/2162/2162 
f 2162/2162/2162 2156/2156/2156 2163/2163/2163 
f 2156/2156/2156 2157/2157/2157 2163/2163/2163 
f 2163/2163/2163 2157/2157/2157 2164/2164/2164 
f 2157/2157/2157 2158/2158/2158 2164/2164/2164 
f 2164/2164/2164 2158/2158/2158 2165/2165/2165 
f 2158/2158/2158 2159/2159/2159 2165/2165/2165 
f 2165/2165/2165 2159/2159/2159 2166/2166/2166 
f 2160/2160/2160 2161/2161/2161 2167/2167/2167 
f 2167/2167/2167 2161/2161/2161 2168/2168/2168 
f 2161/2161/2161 2162/2162/2162 2168/2168/2168 
f 2168/2168/2168 2162/2162/2162 2169/2169/2169 
f 2162/2162/2162 2163/2163/2163 2169/2169/2169 
f 2169/2169/2169 2163/2163/2163 2170/2170/2170 
f 2163/2163/2163 2164/2164/2164 2170/2170/2170 
f 2170/2170/2170 2164/2164/2164 2171/2171/2171 
f 2164/2164/2164 2165/2165/2165 2171/2171/2171 
f 2171/2171/2171 2165/2165/2165 2172/2172/2172 
f 2165/2165/2165 2166/2166/2166 2172/2172/2172 
f 2172/2172/2172 2166/2166/2166 2173/2173/2173 
f 2174/2174/2174 2175/2175/2175 2181/2181/2181 
f 2181/2181/2181 2175/2175/2175 2182/2182/2182 
f 2175/2175/2175 2176/2176/2176 2182/2182/2182 
f 2182/2182/2182 2176/2176/2176 2183/2183/2183 
f 2176/2176/2176 2177/2177/2177 2183/2183/2183 
f 2183/2183/2183 2177/2177/2177 2184/2184/2184 
f 2177/2177/2177 2178/2178/2178 2184/2184/2184 
f 2184/2184/2184 2178/2178/2178 2185/2185/2185 
f 2178/2178/2178 2179/2179/2179 2185/2185/2185 
f 2185/2185/2185 2179/2179/2179 2186/2186/2186 
f 2179/2179/2179 2180/2180/2180 2186/2186/2186 
f 2186/2186/2186 2180/2180/2180 2187/2187/2187 
f 2181/2181/2181 2182/2182/2182 2188/2188/2188 
f 2188/2188/2188 2182/2182/2182 2189/2189/2189 
f 2182/2182/2182 2183/2183/2183 2189/2189/2189 
f 2189/2189/2189 2183/2183/2183 2190/2190/2190 
f 2183/2183/2183 2184/2184/2184 2190/2190/2190 
f 2190/2190/2190 2184/2184/2184 2191/2191/2191 
f 2184/2184/2184 2185/2185/2185 2191/2191/2191 
f 2191/2191/2191 2185/2185/2185 2192/2192/2192 
f 2185/2185/2185 2186/2186/2186 2192/2192/2192 
f 2192/2192/2192 2186/2186/2186 2193/2193/2193 
f 2186/2186/2186 2187/2187/2187 2193/2193/2193 
f 2193/2193/2193 2187/2187/2187 2194/2194/2194 
f 2188/2188/2188 2189/2189/2189 2195/2195/2195 
f 2195/2195/2195 2189/2189/2189 2196/2196/2196 
f 2189/2189/2189 2190/2190/2190 2196/2196/2196 
f 2196/2196/2196 2190/2190/2190 2197/2197/2197 
f 2190/2190/2190 2191/2191/2191 2197/2197/2197 
f 2197/2197/2197 2191/2191/2191 2198/2198/2198 
f 2191/2191/2191 2192/2192/2192 2198/2198/2198 
f 2198/2198/2198 2192/2192/2192 2199/2199/2199 
f 2192/2192/2192 2193/2193/2193 2199/2199/2199 
f 2199/2199/2199 2193/2193/2193 2200/2200/2200 
f 2193/2193/2193 2194/2194/2194 2200/2200/2200 
f 2200/2200/2200 2194/2194/2194 2201/2201/2201 
f 2195/2195/2195 2196/2196/2196 2202/2202/2202 
f 2202/2202/2202 2196/2196/2196 2203/2203/2203 
f 2196/2196/2196 2197/2197/2197 2203/2203/2203 
f 2203/2203/2203 2197/2197/2197 2204/2204/2204 
f 2197/2197/2197 2198/2198/2198 2204/2204/2204 
f 2204/2204/2204 2198/2198/2198 2205/2205/2205 
f 2198/2198/2198 2199/2199/2199 2205/2205/2205 
f 2205/2205/2205 2199/2199/2199 2206/2206/2206 
f 2199/2199/2199 2200/2200/2200 2206/2206/2206 
f 2206/2206/2206 2200/2200/2200 2207/2207/2207 
f 2200/2200/2200 2201/2201/2201 2207/2207/2207 
f 2207/2207/2207 2201/2201/2201 2208/2208/2208 
f 2202/2202/2202 2203/2203/2203 2209/2209/2209 
f 2209/2209/2209 2203/2203/2203 2210/2210/2210 
f 2203/2203/2203 2204/2204/2204 2210/2210/2210 
f 2210/2210/2210 2204/2204/2204 2211/2211/2211 
f 2204/2204/2204 2205/2205/2205 2211/2211/2211 
f 2211/2211/2211 2205/2205/2205 2212/2212/2212 
f 2205/2205/2205 2206/2206/2206 2212/2212/2212 
f 2212/2212/2212 2206/2206/2206 2213/2213/2213 
f 2206/2206/2206 2207/2207/2207 2213/2213/2213 
f 2213/2213/2213 2207/2207/2207 2214/2214/2214 
f 2207/2207/2207 2208/2208/2208 2214/2214/2214 
f 2214/2214/2214 2208/2208/2208 2215/2215/2215 
f 2209/2209/2209 2210/2210/2210 2216/2216/2216 
f 2216/2216/2216 2210/2210/2210 2217/2217/2217 
f 2210/2210/2210 2211/2211/2211 2217/2217/2217 
f 2217/2217/2217 2211/2211/2211 2218/2218/2218 
f 2211/2211/2211 2212/2212/2212 2218/2218/2218 
f 2218/2218/2218 2212/2212/2212 2219/2219/2219 
f 2212/2212/2212 2213/2213/2213 2219/2219/2219 
f 2219/2219/2219 2213/2213/2213 2220/2220/2220 
f 2213/2213/2213 2214/2214/2214 2220/2220/2220 
f 2220/2220/2220 2214/2214/2214 2221/2221/2221 
f 2214/2214/2214 2215/2215/2215 2221/2221/2221 
f 2221/2221/2221 2215/2215/2215 2222/2222/2222 

g Part47

v 118.849 143.362 0.455488 
v 117.779 142.915 -0.70464 
v 118.009 143.011 -0.909617 
v 118.37 143.162 -1.10096 
v 118.849 143.362 -1.18513 
v 119.328 143.562 -1.10092 
v 119.689 143.713 -0.909562 
v 119.919 143.81 -0.70457 
v 119.919 143.81 -0.70457 
v 120.108 143.889 -0.454522 
v 120.285 143.963 -0.0632741 
v 120.362 143.995 0.455538 
v 120.285 143.963 0.974345 
v 120.108 143.889 1.36558 
v 119.919 143.81 1.61562 
v 119.919 143.81 1.61562 
v 119.688 143.713 1.82059 
v 119.327 143.562 2.01193 
v 118.849 143.362 2.09611 
v 118.37 143.162 2.0119 
v 118.009 143.011 1.82054 
v 117.779 142.915 1.61555 
v 117.779 142.915 1.61555 
v 117.589 142.835 1.3655 
v 117.413 142.762 0.974251 
v 117.335 142.729 0.455439 
v 117.413 142.762 -0.0633681 
v 117.59 142.835 -0.454605 
v 117.779 142.915 -0.70464 
v 118.864 140.32 1.6157 
v 117.779 142.915 1.61555 
v 118.675 140.241 1.36566 
v 117.589 142.835 1.3655 
v 118.498 140.167 0.974407 
v 117.413 142.762 0.974251 
v 118.421 140.134 0.455595 
v 117.335 142.729 0.455439 
v 118.498 140.167 -0.0632119 
v 117.413 142.762 -0.0633681 
v 118.675 140.241 -0.454449 
v 117.59 142.835 -0.454605 
v 118.864 140.32 -0.704483 
v 117.779 142.915 -0.70464 
v 117.779 142.915 1.61555 
v 118.864 140.32 1.6157 
v 118.009 143.011 1.82054 
v 119.095 140.416 1.82069 
v 118.37 143.162 2.0119 
v 119.455 140.567 2.01206 
v 118.849 143.362 2.09611 
v 119.934 140.768 2.09626 
v 119.327 143.562 2.01193 
v 120.413 140.968 2.01209 
v 119.688 143.713 1.82059 
v 120.774 141.119 1.82075 
v 119.919 143.81 1.61562 
v 121.004 141.215 1.61577 
v 119.934 140.768 0.455644 
v 118.864 140.32 1.6157 
v 119.095 140.416 1.82069 
v 119.455 140.567 2.01206 
v 119.934 140.768 2.09626 
v 120.413 140.968 2.01209 
v 120.774 141.119 1.82075 
v 121.004 141.215 1.61577 
v 121.004 141.215 1.61577 
v 121.193 141.294 1.36574 
v 121.37 141.368 0.974501 
v 121.448 141.401 0.455694 
v 121.37 141.368 -0.0631182 
v 121.194 141.294 -0.454366 
v 121.004 141.215 -0.704414 
v 121.004 141.215 -0.704414 
v 120.774 141.119 -0.909406 
v 120.413 140.968 -1.10077 
v 119.934 140.768 -1.18497 
v 119.456 140.567 -1.1008 
v 119.095 140.416 -0.909461 
v 118.864 140.32 -0.704483 
v 118.864 140.32 -0.704483 
v 118.675 140.241 -0.454448 
v 118.498 140.167 -0.0632117 
v 118.421 140.134 0.455595 
v 118.498 140.167 0.974407 
v 118.675 140.241 1.36566 
v 118.864 140.32 1.6157 
v 121.004 141.215 -0.704414 
v 119.919 143.81 -0.70457 
v 121.194 141.294 -0.454366 
v 120.108 143.889 -0.454522 
v 121.37 141.368 -0.063118 
v 120.285 143.963 -0.0632741 
v 121.448 141.401 0.455694 
v 120.362 143.995 0.455538 
v 121.37 141.368 0.974501 
v 120.285 143.963 0.974345 
v 121.193 141.294 1.36574 
v 120.108 143.889 1.36558 
v 121.004 141.215 1.61577 
v 119.919 143.81 1.61562 
v 118.864 140.32 -0.704483 
v 117.779 142.915 -0.70464 
v 119.095 140.416 -0.909461 
v 118.009 143.011 -0.909617 
v 119.456 140.567 -1.1008 
v 118.37 143.162 -1.10096 
v 119.934 140.768 -1.18497 
v 118.849 143.362 -1.18513 
v 120.413 140.968 -1.10077 
v 119.328 143.562 -1.10092 
v 120.774 141.119 -0.909406 
v 119.689 143.713 -0.909562 
v 121.004 141.215 -0.704414 
v 119.919 143.81 -0.70457 

vn -0.385827 0.92126 0 
vn -0.385827 0.92126 0 
vn -0.385827 0.92126 0 
vn -0.385827 0.92126 0 
vn -0.385827 0.92126 0 
vn -0.385827 0.92126 0 
vn -0.385827 0.92126 0 
vn -0.385827 0.92126 0 
vn -0.385827 0.92126 0 
vn -0.385827 0.92126 0 
vn -0.385827 0.92126 0 
vn -0.385827 0.92126 0 
vn -0.385827 0.92126 0 
vn -0.385827 0.92126 0 
vn -0.385827 0.92126 0 
vn -0.385827 0.92126 0 
vn -0.385827 0.92126 0 
vn -0.385827 0.92126 0 
vn -0.385827 0.92126 0 
vn -0.385827 0.92126 0 
vn -0.385827 0.92126 0 
vn -0.385827 0.92126 0 
vn -0.385827 0.92126 0 
vn -0.385827 0.92126 0 
vn -0.385827 0.92126 0 
vn -0.385827 0.92126 0 
vn -0.385827 0.92126 0 
vn -0.385827 0.92126 0 
vn -0.385827 0.92126 0 
vn -0.653543 -0.275591 0.708661 
vn -0.653543 -0.275591 0.708661 
vn -0.76378 -0.322835 0.551181 
vn -0.76378 -0.322835 0.551181 
vn -0.874016 -0.362205 0.314961 
vn -0.874016 -0.362205 0.314961 
vn -0.92126 -0.385827 0 
vn -0.92126 -0.385827 0 
vn -0.874016 -0.362205 -0.314961 
vn -0.874016 -0.362205 -0.314961 
vn -0.76378 -0.322835 -0.551181 
vn -0.76378 -0.322835 -0.551181 
vn -0.653543 -0.275591 -0.708661 
vn -0.653543 -0.275591 -0.708661 
vn -0.653543 -0.275591 0.708661 
vn -0.653543 -0.275591 0.708661 
vn -0.511811 -0.212598 0.834646 
vn -0.511811 -0.212598 0.834646 
vn -0.291339 -0.11811 0.944882 
vn -0.291339 -0.11811 0.944882 
vn 0 0 1 
vn 0 0 1 
vn 0.291339 0.125984 0.944882 
vn 0.291339 0.125984 0.944882 
vn 0.511811 0.212598 0.834646 
vn 0.511811 0.212598 0.834646 
vn 0.653543 0.275591 0.708661 
vn 0.653543 0.275591 0.708661 
vn 0.385827 -0.92126 0 
vn 0.385827 -0.92126 0 
vn 0.385827 -0.92126 0 
vn 0.385827 -0.92126 0 
vn 0.385827 -0.92126 0 
vn 0.385827 -0.92126 0 
vn 0.385827 -0.92126 0 
vn 0.385827 -0.92126 0 
vn 0.385827 -0.92126 0 
vn 0.385827 -0.92126 0 
vn 0.385827 -0.92126 0 
vn 0.385827 -0.92126 0 
vn 0.385827 -0.92126 0 
vn 0.385827 -0.92126 0 
vn 0.385827 -0.92126 0 
vn 0.385827 -0.92126 0 
vn 0.385827 -0.92126 0 
vn 0.385827 -0.92126 0 
vn 0.385827 -0.92126 0 
vn 0.385827 -0.92126 0 
vn 0.385827 -0.92126 0 
vn 0.385827 -0.92126 0 
vn 0.385827 -0.92126 0 
vn 0.385827 -0.92126 0 
vn 0.385827 -0.92126 0 
vn 0.385827 -0.92126 0 
vn 0.385827 -0.92126 0 
vn 0.385827 -0.92126 0 
vn 0.385827 -0.92126 0 
vn 0.653543 0.275591 -0.708661 
vn 0.653543 0.275591 -0.708661 
vn 0.76378 0.322835 -0.551181 
vn 0.76378 0.322835 -0.551181 
vn 0.874016 0.362205 -0.314961 
vn 0.874016 0.362205 -0.314961 
vn 0.92126 0.385827 0 
vn 0.92126 0.385827 0 
vn 0.874016 0.362205 0.314961 
vn 0.874016 0.362205 0.314961 
vn 0.76378 0.322835 0.551181 
vn 0.76378 0.322835 0.551181 
vn 0.653543 0.275591 0.708661 
vn 0.653543 0.275591 0.708661 
vn -0.653543 -0.275591 -0.708661 
vn -0.653543 -0.275591 -0.708661 
vn -0.511811 -0.212598 -0.834646 
vn -0.511811 -0.212598 -0.834646 
vn -0.291339 -0.125984 -0.944882 
vn -0.291339 -0.125984 -0.944882 
vn 0 0 -1 
vn 0 0 -1 
vn 0.291339 0.11811 -0.944882 
vn 0.291339 0.11811 -0.944882 
vn 0.511811 0.212598 -0.834646 
vn 0.511811 0.212598 -0.834646 
vn 0.653543 0.275591 -0.708661 
vn 0.653543 0.275591 -0.708661 

vt 3.95508 -4.20508 
vt 4.10009 -4.06007 
vt 4.12571 -4.09132 
vt 4.14963 -4.14023 
vt 4.16016 -4.20508 
vt 4.14963 -4.26993 
vt 4.12571 -4.31884 
vt 4.10009 -4.35009 
vt 4.10009 -4.35009 
vt 4.06883 -4.37571 
vt 4.01993 -4.39963 
vt 3.95508 -4.41016 
vt 3.89023 -4.39963 
vt 3.84132 -4.37571 
vt 3.81007 -4.35009 
vt 3.81007 -4.35009 
vt 3.78444 -4.31883 
vt 3.76052 -4.26993 
vt 3.75 -4.20508 
vt 3.76052 -4.14023 
vt 3.78444 -4.09132 
vt 3.81007 -4.06007 
vt 3.81007 -4.06007 
vt 3.84132 -4.03444 
vt 3.89023 -4.01052 
vt 3.95508 -4 
vt 4.01993 -4.01052 
vt 4.06884 -4.03444 
vt 4.10009 -4.06007 
vt 4.10156 -4 
vt 3.75 -4 
vt 4.10156 -4.06836 
vt 3.75 -4.06836 
vt 4.10156 -4.13672 
vt 3.75 -4.13672 
vt 4.10156 -4.20508 
vt 3.75 -4.20508 
vt 4.10156 -4.27344 
vt 3.75 -4.27344 
vt 4.10156 -4.3418 
vt 3.75 -4.3418 
vt 4.10156 -4.41016 
vt 3.75 -4.41016 
vt 4.10156 -4 
vt 3.75 -4 
vt 4.10156 -4.06836 
vt 3.75 -4.06836 
vt 4.10156 -4.13672 
vt 3.75 -4.13672 
vt 4.10156 -4.20508 
vt 3.75 -4.20508 
vt 4.10156 -4.27344 
vt 3.75 -4.27344 
vt 4.10156 -4.3418 
vt 3.75 -4.3418 
vt 4.10156 -4.41016 
vt 3.75 -4.41016 
vt 3.95508 -4.20508 
vt 4.10009 -4.06007 
vt 4.12571 -4.09132 
vt 4.14963 -4.14023 
vt 4.16016 -4.20508 
vt 4.14963 -4.26993 
vt 4.12571 -4.31884 
vt 4.10009 -4.35009 
vt 4.10009 -4.35009 
vt 4.06883 -4.37571 
vt 4.01993 -4.39963 
vt 3.95508 -4.41016 
vt 3.89023 -4.39963 
vt 3.84132 -4.37571 
vt 3.81007 -4.35009 
vt 3.81007 -4.35009 
vt 3.78444 -4.31883 
vt 3.76052 -4.26993 
vt 3.75 -4.20508 
vt 3.76052 -4.14023 
vt 3.78444 -4.09132 
vt 3.81007 -4.06007 
vt 3.81007 -4.06007 
vt 3.84132 -4.03444 
vt 3.89023 -4.01052 
vt 3.95508 -4 
vt 4.01993 -4.01052 
vt 4.06884 -4.03444 
vt 4.10009 -4.06007 
vt 4.10156 -4 
vt 3.75 -4 
vt 4.10156 -4.06836 
vt 3.75 -4.06836 
vt 4.10156 -4.13672 
vt 3.75 -4.13672 
vt 4.10156 -4.20508 
vt 3.75 -4.20508 
vt 4.10156 -4.27344 
vt 3.75 -4.27344 
vt 4.10156 -4.3418 
vt 3.75 -4.3418 
vt 4.10156 -4.41016 
vt 3.75 -4.41016 
vt 4.10156 -4 
vt 3.75 -4 
vt 4.10156 -4.06836 
vt 3.75 -4.06836 
vt 4.10156 -4.13672 
vt 3.75 -4.13672 
vt 4.10156 -4.20508 
vt 3.75 -4.20508 
vt 4.10156 -4.27344 
vt 3.75 -4.27344 
vt 4.10156 -4.3418 
vt 3.75 -4.3418 
vt 4.10156 -4.41016 
vt 3.75 -4.41016 

usemtl Part1Mtl

f 2223/2223/2223 2225/2225/2225 2224/2224/2224 
f 2223/2223/2223 2226/2226/2226 2225/2225/2225 
f 2223/2223/2223 2227/2227/2227 2226/2226/2226 
f 2223/2223/2223 2228/2228/2228 2227/2227/2227 
f 2223/2223/2223 2229/2229/2229 2228/2228/2228 
f 2223/2223/2223 2230/2230/2230 2229/2229/2229 
f 2223/2223/2223 2232/2232/2232 2231/2231/2231 
f 2223/2223/2223 2233/2233/2233 2232/2232/2232 
f 2223/2223/2223 2234/2234/2234 2233/2233/2233 
f 2223/2223/2223 2235/2235/2235 2234/2234/2234 
f 2223/2223/2223 2236/2236/2236 2235/2235/2235 
f 2223/2223/2223 2237/2237/2237 2236/2236/2236 
f 2223/2223/2223 2239/2239/2239 2238/2238/2238 
f 2223/2223/2223 2240/2240/2240 2239/2239/2239 
f 2223/2223/2223 2241/2241/2241 2240/2240/2240 
f 2223/2223/2223 2242/2242/2242 2241/2241/2241 
f 2223/2223/2223 2243/2243/2243 2242/2242/2242 
f 2223/2223/2223 2244/2244/2244 2243/2243/2243 
f 2223/2223/2223 2246/2246/2246 2245/2245/2245 
f 2223/2223/2223 2247/2247/2247 2246/2246/2246 
f 2223/2223/2223 2248/2248/2248 2247/2247/2247 
f 2223/2223/2223 2249/2249/2249 2248/2248/2248 
f 2223/2223/2223 2250/2250/2250 2249/2249/2249 
f 2223/2223/2223 2251/2251/2251 2250/2250/2250 
f 2252/2252/2252 2253/2253/2253 2254/2254/2254 
f 2254/2254/2254 2253/2253/2253 2255/2255/2255 
f 2254/2254/2254 2255/2255/2255 2256/2256/2256 
f 2256/2256/2256 2255/2255/2255 2257/2257/2257 
f 2256/2256/2256 2257/2257/2257 2258/2258/2258 
f 2258/2258/2258 2257/2257/2257 2259/2259/2259 
f 2258/2258/2258 2259/2259/2259 2260/2260/2260 
f 2260/2260/2260 2259/2259/2259 2261/2261/2261 
f 2260/2260/2260 2261/2261/2261 2262/2262/2262 
f 2262/2262/2262 2261/2261/2261 2263/2263/2263 
f 2262/2262/2262 2263/2263/2263 2264/2264/2264 
f 2264/2264/2264 2263/2263/2263 2265/2265/2265 
f 2266/2266/2266 2267/2267/2267 2268/2268/2268 
f 2268/2268/2268 2267/2267/2267 2269/2269/2269 
f 2268/2268/2268 2269/2269/2269 2270/2270/2270 
f 2270/2270/2270 2269/2269/2269 2271/2271/2271 
f 2270/2270/2270 2271/2271/2271 2272/2272/2272 
f 2272/2272/2272 2271/2271/2271 2273/2273/2273 
f 2272/2272/2272 2273/2273/2273 2274/2274/2274 
f 2274/2274/2274 2273/2273/2273 2275/2275/2275 
f 2274/2274/2274 2275/2275/2275 2276/2276/2276 
f 2276/2276/2276 2275/2275/2275 2277/2277/2277 
f 2276/2276/2276 2277/2277/2277 2278/2278/2278 
f 2278/2278/2278 2277/2277/2277 2279/2279/2279 
f 2280/2280/2280 2282/2282/2282 2281/2281/2281 
f 2280/2280/2280 2283/2283/2283 2282/2282/2282 
f 2280/2280/2280 2284/2284/2284 2283/2283/2283 
f 2280/2280/2280 2285/2285/2285 2284/2284/2284 
f 2280/2280/2280 2286/2286/2286 2285/2285/2285 
f 2280/2280/2280 2287/2287/2287 2286/2286/2286 
f 2280/2280/2280 2289/2289/2289 2288/2288/2288 
f 2280/2280/2280 2290/2290/2290 2289/2289/2289 
f 2280/2280/2280 2291/2291/2291 2290/2290/2290 
f 2280/2280/2280 2292/2292/2292 2291/2291/2291 
f 2280/2280/2280 2293/2293/2293 2292/2292/2292 
f 2280/2280/2280 2294/2294/2294 2293/2293/2293 
f 2280/2280/2280 2296/2296/2296 2295/2295/2295 
f 2280/2280/2280 2297/2297/2297 2296/2296/2296 
f 2280/2280/2280 2298/2298/2298 2297/2297/2297 
f 2280/2280/2280 2299/2299/2299 2298/2298/2298 
f 2280/2280/2280 2300/2300/2300 2299/2299/2299 
f 2280/2280/2280 2301/2301/2301 2300/2300/2300 
f 2280/2280/2280 2303/2303/2303 2302/2302/2302 
f 2280/2280/2280 2304/2304/2304 2303/2303/2303 
f 2280/2280/2280 2305/2305/2305 2304/2304/2304 
f 2280/2280/2280 2306/2306/2306 2305/2305/2305 
f 2280/2280/2280 2307/2307/2307 2306/2306/2306 
f 2280/2280/2280 2308/2308/2308 2307/2307/2307 
f 2309/2309/2309 2310/2310/2310 2311/2311/2311 
f 2311/2311/2311 2310/2310/2310 2312/2312/2312 
f 2311/2311/2311 2312/2312/2312 2313/2313/2313 
f 2313/2313/2313 2312/2312/2312 2314/2314/2314 
f 2313/2313/2313 2314/2314/2314 2315/2315/2315 
f 2315/2315/2315 2314/2314/2314 2316/2316/2316 
f 2315/2315/2315 2316/2316/2316 2317/2317/2317 
f 2317/2317/2317 2316/2316/2316 2318/2318/2318 
f 2317/2317/2317 2318/2318/2318 2319/2319/2319 
f 2319/2319/2319 2318/2318/2318 2320/2320/2320 
f 2319/2319/2319 2320/2320/2320 2321/2321/2321 
f 2321/2321/2321 2320/2320/2320 2322/2322/2322 
f 2323/2323/2323 2324/2324/2324 2325/2325/2325 
f 2325/2325/2325 2324/2324/2324 2326/2326/2326 
f 2325/2325/2325 2326/2326/2326 2327/2327/2327 
f 2327/2327/2327 2326/2326/2326 2328/2328/2328 
f 2327/2327/2327 2328/2328/2328 2329/2329/2329 
f 2329/2329/2329 2328/2328/2328 2330/2330/2330 
f 2329/2329/2329 2330/2330/2330 2331/2331/2331 
f 2331/2331/2331 2330/2330/2330 2332/2332/2332 
f 2331/2331/2331 2332/2332/2332 2333/2333/2333 
f 2333/2333/2333 2332/2332/2332 2334/2334/2334 
f 2333/2333/2333 2334/2334/2334 2335/2335/2335 
f 2335/2335/2335 2334/2334/2334 2336/2336/2336 

g Part48

v 119.934 140.768 0.455785 
v 119.17 140.448 -0.372878 
v 119.335 140.517 -0.519291 
v 119.592 140.625 -0.655961 
v 119.934 140.768 -0.716086 
v 120.276 140.911 -0.655939 
v 120.534 141.018 -0.519251 
v 120.699 141.087 -0.372828 
v 120.699 141.087 -0.372828 
v 120.834 141.144 -0.194223 
v 120.96 141.197 0.0852399 
v 121.015 141.22 0.45582 
v 120.96 141.197 0.826396 
v 120.834 141.144 1.10585 
v 120.699 141.087 1.28445 
v 120.699 141.087 1.28445 
v 120.534 141.018 1.43086 
v 120.276 140.911 1.56753 
v 119.934 140.768 1.62766 
v 119.592 140.625 1.56751 
v 119.335 140.517 1.43082 
v 119.17 140.448 1.2844 
v 119.17 140.448 1.2844 
v 119.035 140.391 1.10579 
v 118.909 140.339 0.826329 
v 118.853 140.315 0.455749 
v 118.909 140.339 0.0851728 
v 119.035 140.391 -0.194282 
v 119.17 140.448 -0.372878 
v 119.532 139.583 1.28445 
v 119.17 140.448 1.2844 
v 119.396 139.526 1.10584 
v 119.035 140.391 1.10579 
v 119.27 139.474 0.826381 
v 118.909 140.339 0.826329 
v 119.215 139.451 0.455801 
v 118.853 140.315 0.455749 
v 119.27 139.474 0.0852249 
v 118.909 140.339 0.0851728 
v 119.397 139.526 -0.19423 
v 119.035 140.391 -0.194282 
v 119.532 139.583 -0.372826 
v 119.17 140.448 -0.372878 
v 119.17 140.448 1.2844 
v 119.532 139.583 1.28445 
v 119.335 140.517 1.43082 
v 119.696 139.652 1.43087 
v 119.592 140.625 1.56751 
v 119.954 139.76 1.56756 
v 119.934 140.768 1.62766 
v 120.296 139.903 1.62771 
v 120.276 140.911 1.56753 
v 120.638 140.046 1.56758 
v 120.534 141.018 1.43086 
v 120.896 140.154 1.43091 
v 120.699 141.087 1.28445 
v 121.06 140.223 1.2845 
v 120.296 139.903 0.455837 
v 119.532 139.583 1.28445 
v 119.696 139.652 1.43087 
v 119.954 139.76 1.56756 
v 120.296 139.903 1.62771 
v 120.638 140.046 1.56758 
v 120.896 140.154 1.43091 
v 121.06 140.223 1.2845 
v 121.06 140.223 1.2845 
v 121.196 140.279 1.1059 
v 121.322 140.332 0.826448 
v 121.377 140.355 0.455872 
v 121.322 140.332 0.0852918 
v 121.196 140.279 -0.194171 
v 121.061 140.222 -0.372776 
v 121.061 140.222 -0.372776 
v 120.896 140.154 -0.519199 
v 120.638 140.046 -0.655887 
v 120.296 139.903 -0.716034 
v 119.954 139.76 -0.655909 
v 119.696 139.652 -0.519239 
v 119.532 139.583 -0.372826 
v 119.532 139.583 -0.372826 
v 119.397 139.526 -0.19423 
v 119.27 139.474 0.085225 
v 119.215 139.451 0.455801 
v 119.27 139.474 0.826381 
v 119.396 139.526 1.10584 
v 119.532 139.583 1.28445 
v 121.061 140.222 -0.372776 
v 120.699 141.087 -0.372828 
v 121.196 140.279 -0.194171 
v 120.834 141.144 -0.194223 
v 121.322 140.332 0.085292 
v 120.96 141.197 0.0852399 
v 121.377 140.355 0.455872 
v 121.015 141.22 0.45582 
v 121.322 140.332 0.826448 
v 120.96 141.197 0.826396 
v 121.196 140.279 1.1059 
v 120.834 141.144 1.10585 
v 121.06 140.223 1.2845 
v 120.699 141.087 1.28445 
v 119.532 139.583 -0.372826 
v 119.17 140.448 -0.372878 
v 119.696 139.652 -0.519239 
v 119.335 140.517 -0.519291 
v 119.954 139.76 -0.655909 
v 119.592 140.625 -0.655961 
v 120.296 139.903 -0.716034 
v 119.934 140.768 -0.716086 
v 120.638 140.046 -0.655887 
v 120.276 140.911 -0.655939 
v 120.896 140.154 -0.519199 
v 120.534 141.018 -0.519251 
v 121.061 140.222 -0.372776 
v 120.699 141.087 -0.372828 

vn -0.385827 0.92126 0 
vn -0.385827 0.92126 0 
vn -0.385827 0.92126 0 
vn -0.385827 0.92126 0 
vn -0.385827 0.92126 0 
vn -0.385827 0.92126 0 
vn -0.385827 0.92126 0 
vn -0.385827 0.92126 0 
vn -0.385827 0.92126 0 
vn -0.385827 0.92126 0 
vn -0.385827 0.92126 0 
vn -0.385827 0.92126 0 
vn -0.385827 0.92126 0 
vn -0.385827 0.92126 0 
vn -0.385827 0.92126 0 
vn -0.385827 0.92126 0 
vn -0.385827 0.92126 0 
vn -0.385827 0.92126 0 
vn -0.385827 0.92126 0 
vn -0.385827 0.92126 0 
vn -0.385827 0.92126 0 
vn -0.385827 0.92126 0 
vn -0.385827 0.92126 0 
vn -0.385827 0.92126 0 
vn -0.385827 0.92126 0 
vn -0.385827 0.92126 0 
vn -0.385827 0.92126 0 
vn -0.385827 0.92126 0 
vn -0.385827 0.92126 0 
vn -0.653543 -0.275591 0.708661 
vn -0.653543 -0.275591 0.708661 
vn -0.76378 -0.322835 0.551181 
vn -0.76378 -0.322835 0.551181 
vn -0.874016 -0.362205 0.314961 
vn -0.874016 -0.362205 0.314961 
vn -0.92126 -0.385827 0 
vn -0.92126 -0.385827 0 
vn -0.874016 -0.362205 -0.314961 
vn -0.874016 -0.362205 -0.314961 
vn -0.76378 -0.322835 -0.551181 
vn -0.76378 -0.322835 -0.551181 
vn -0.653543 -0.275591 -0.708661 
vn -0.653543 -0.275591 -0.708661 
vn -0.653543 -0.275591 0.708661 
vn -0.653543 -0.275591 0.708661 
vn -0.511811 -0.212598 0.834646 
vn -0.511811 -0.212598 0.834646 
vn -0.291339 -0.11811 0.944882 
vn -0.291339 -0.11811 0.944882 
vn 0 0 1 
vn 0 0 1 
vn 0.291339 0.125984 0.944882 
vn 0.291339 0.125984 0.944882 
vn 0.511811 0.212598 0.834646 
vn 0.511811 0.212598 0.834646 
vn 0.653543 0.275591 0.708661 
vn 0.653543 0.275591 0.708661 
vn 0.385827 -0.92126 0 
vn 0.385827 -0.92126 0 
vn 0.385827 -0.92126 0 
vn 0.385827 -0.92126 0 
vn 0.385827 -0.92126 0 
vn 0.385827 -0.92126 0 
vn 0.385827 -0.92126 0 
vn 0.385827 -0.92126 0 
vn 0.385827 -0.92126 0 
vn 0.385827 -0.92126 0 
vn 0.385827 -0.92126 0 
vn 0.385827 -0.92126 0 
vn 0.385827 -0.92126 0 
vn 0.385827 -0.92126 0 
vn 0.385827 -0.92126 0 
vn 0.385827 -0.92126 0 
vn 0.385827 -0.92126 0 
vn 0.385827 -0.92126 0 
vn 0.385827 -0.92126 0 
vn 0.385827 -0.92126 0 
vn 0.385827 -0.92126 0 
vn 0.385827 -0.92126 0 
vn 0.385827 -0.92126 0 
vn 0.385827 -0.92126 0 
vn 0.385827 -0.92126 0 
vn 0.385827 -0.92126 0 
vn 0.385827 -0.92126 0 
vn 0.385827 -0.92126 0 
vn 0.385827 -0.92126 0 
vn 0.653543 0.275591 -0.708661 
vn 0.653543 0.275591 -0.708661 
vn 0.76378 0.322835 -0.551181 
vn 0.76378 0.322835 -0.551181 
vn 0.874016 0.362205 -0.314961 
vn 0.874016 0.362205 -0.314961 
vn 0.92126 0.385827 0 
vn 0.92126 0.385827 0 
vn 0.874016 0.362205 0.314961 
vn 0.874016 0.362205 0.314961 
vn 0.76378 0.322835 0.551181 
vn 0.76378 0.322835 0.551181 
vn 0.653543 0.275591 0.708661 
vn 0.653543 0.275591 0.708661 
vn -0.653543 -0.275591 -0.708661 
vn -0.653543 -0.275591 -0.708661 
vn -0.511811 -0.212598 -0.834646 
vn -0.511811 -0.212598 -0.834646 
vn -0.291339 -0.125984 -0.944882 
vn -0.291339 -0.125984 -0.944882 
vn 0 0 -1 
vn 0 0 -1 
vn 0.291339 0.11811 -0.944882 
vn 0.291339 0.11811 -0.944882 
vn 0.511811 0.212598 -0.834646 
vn 0.511811 0.212598 -0.834646 
vn 0.653543 0.275591 -0.708661 
vn 0.653543 0.275591 -0.708661 

vt 5.64648 0.603516 
vt 5.75006 0.707096 
vt 5.76837 0.684771 
vt 5.78545 0.649838 
vt 5.79297 0.603516 
vt 5.78545 0.557193 
vt 5.76837 0.522261 
vt 5.75006 0.499936 
vt 5.75006 0.499936 
vt 5.72774 0.481633 
vt 5.69281 0.464548 
vt 5.64648 0.457031 
vt 5.60016 0.464548 
vt 5.56523 0.481633 
vt 5.5429 0.499936 
vt 5.5429 0.499936 
vt 5.5246 0.522261 
vt 5.50752 0.557193 
vt 5.5 0.603516 
vt 5.50752 0.649838 
vt 5.5246 0.684771 
vt 5.5429 0.707096 
vt 5.5429 0.707096 
vt 5.56523 0.725398 
vt 5.60016 0.742483 
vt 5.64648 0.75 
vt 5.69281 0.742483 
vt 5.72774 0.725398 
vt 5.75006 0.707096 
vt 5.61719 0.75 
vt 5.5 0.75 
vt 5.61719 0.701172 
vt 5.5 0.701172 
vt 5.61719 0.652344 
vt 5.5 0.652344 
vt 5.61719 0.603516 
vt 5.5 0.603516 
vt 5.61719 0.554688 
vt 5.5 0.554688 
vt 5.61719 0.505859 
vt 5.5 0.505859 
vt 5.61719 0.457031 
vt 5.5 0.457031 
vt 5.61719 0.75 
vt 5.5 0.75 
vt 5.61719 0.701172 
vt 5.5 0.701172 
vt 5.61719 0.652344 
vt 5.5 0.652344 
vt 5.61719 0.603516 
vt 5.5 0.603516 
vt 5.61719 0.554688 
vt 5.5 0.554688 
vt 5.61719 0.505859 
vt 5.5 0.505859 
vt 5.61719 0.457031 
vt 5.5 0.457031 
vt 5.64648 0.603516 
vt 5.75006 0.707096 
vt 5.76837 0.684771 
vt 5.78545 0.649838 
vt 5.79297 0.603516 
vt 5.78545 0.557193 
vt 5.76837 0.522261 
vt 5.75006 0.499936 
vt 5.75006 0.499936 
vt 5.72774 0.481633 
vt 5.69281 0.464548 
vt 5.64648 0.457031 
vt 5.60016 0.464548 
vt 5.56523 0.481633 
vt 5.5429 0.499936 
vt 5.5429 0.499936 
vt 5.5246 0.522261 
vt 5.50752 0.557193 
vt 5.5 0.603516 
vt 5.50752 0.649838 
vt 5.5246 0.684771 
vt 5.5429 0.707096 
vt 5.5429 0.707096 
vt 5.56523 0.725398 
vt 5.60016 0.742483 
vt 5.64648 0.75 
vt 5.69281 0.742483 
vt 5.72774 0.725398 
vt 5.75006 0.707096 
vt 5.61719 0.75 
vt 5.5 0.75 
vt 5.61719 0.701172 
vt 5.5 0.701172 
vt 5.61719 0.652344 
vt 5.5 0.652344 
vt 5.61719 0.603516 
vt 5.5 0.603516 
vt 5.61719 0.554688 
vt 5.5 0.554688 
vt 5.61719 0.505859 
vt 5.5 0.505859 
vt 5.61719 0.457031 
vt 5.5 0.457031 
vt 5.61719 0.75 
vt 5.5 0.75 
vt 5.61719 0.701172 
vt 5.5 0.701172 
vt 5.61719 0.652344 
vt 5.5 0.652344 
vt 5.61719 0.603516 
vt 5.5 0.603516 
vt 5.61719 0.554688 
vt 5.5 0.554688 
vt 5.61719 0.505859 
vt 5.5 0.505859 
vt 5.61719 0.457031 
vt 5.5 0.457031 

usemtl Part1Mtl

f 2337/2337/2337 2339/2339/2339 2338/2338/2338 
f 2337/2337/2337 2340/2340/2340 2339/2339/2339 
f 2337/2337/2337 2341/2341/2341 2340/2340/2340 
f 2337/2337/2337 2342/2342/2342 2341/2341/2341 
f 2337/2337/2337 2343/2343/2343 2342/2342/2342 
f 2337/2337/2337 2344/2344/2344 2343/2343/2343 
f 2337/2337/2337 2346/2346/2346 2345/2345/2345 
f 2337/2337/2337 2347/2347/2347 2346/2346/2346 
f 2337/2337/2337 2348/2348/2348 2347/2347/2347 
f 2337/2337/2337 2349/2349/2349 2348/2348/2348 
f 2337/2337/2337 2350/2350/2350 2349/2349/2349 
f 2337/2337/2337 2351/2351/2351 2350/2350/2350 
f 2337/2337/2337 2353/2353/2353 2352/2352/2352 
f 2337/2337/2337 2354/2354/2354 2353/2353/2353 
f 2337/2337/2337 2355/2355/2355 2354/2354/2354 
f 2337/2337/2337 2356/2356/2356 2355/2355/2355 
f 2337/2337/2337 2357/2357/2357 2356/2356/2356 
f 2337/2337/2337 2358/2358/2358 2357/2357/2357 
f 2337/2337/2337 2360/2360/2360 2359/2359/2359 
f 2337/2337/2337 2361/2361/2361 2360/2360/2360 
f 2337/2337/2337 2362/2362/2362 2361/2361/2361 
f 2337/2337/2337 2363/2363/2363 2362/2362/2362 
f 2337/2337/2337 2364/2364/2364 2363/2363/2363 
f 2337/2337/2337 2365/2365/2365 2364/2364/2364 
f 2366/2366/2366 2367/2367/2367 2368/2368/2368 
f 2368/2368/2368 2367/2367/2367 2369/2369/2369 
f 2368/2368/2368 2369/2369/2369 2370/2370/2370 
f 2370/2370/2370 2369/2369/2369 2371/2371/2371 
f 2370/2370/2370 2371/2371/2371 2372/2372/2372 
f 2372/2372/2372 2371/2371/2371 2373/2373/2373 
f 2372/2372/2372 2373/2373/2373 2374/2374/2374 
f 2374/2374/2374 2373/2373/2373 2375/2375/2375 
f 2374/2374/2374 2375/2375/2375 2376/2376/2376 
f 2376/2376/2376 2375/2375/2375 2377/2377/2377 
f 2376/2376/2376 2377/2377/2377 2378/2378/2378 
f 2378/2378/2378 2377/2377/2377 2379/2379/2379 
f 2380/2380/2380 2381/2381/2381 2382/2382/2382 
f 2382/2382/2382 2381/2381/2381 2383/2383/2383 
f 2382/2382/2382 2383/2383/2383 2384/2384/2384 
f 2384/2384/2384 2383/2383/2383 2385/2385/2385 
f 2384/2384/2384 2385/2385/2385 2386/2386/2386 
f 2386/2386/2386 2385/2385/2385 2387/2387/2387 
f 2386/2386/2386 2387/2387/2387 2388/2388/2388 
f 2388/2388/2388 2387/2387/2387 2389/2389/2389 
f 2388/2388/2388 2389/2389/2389 2390/2390/2390 
f 2390/2390/2390 2389/2389/2389 2391/2391/2391 
f 2390/2390/2390 2391/2391/2391 2392/2392/2392 
f 2392/2392/2392 2391/2391/2391 2393/2393/2393 
f 2394/2394/2394 2396/2396/2396 2395/2395/2395 
f 2394/2394/2394 2397/2397/2397 2396/2396/2396 
f 2394/2394/2394 2398/2398/2398 2397/2397/2397 
f 2394/2394/2394 2399/2399/2399 2398/2398/2398 
f 2394/2394/2394 2400/2400/2400 2399/2399/2399 
f 2394/2394/2394 2401/2401/2401 2400/2400/2400 
f 2394/2394/2394 2403/2403/2403 2402/2402/2402 
f 2394/2394/2394 2404/2404/2404 2403/2403/2403 
f 2394/2394/2394 2405/2405/2405 2404/2404/2404 
f 2394/2394/2394 2406/2406/2406 2405/2405/2405 
f 2394/2394/2394 2407/2407/2407 2406/2406/2406 
f 2394/2394/2394 2408/2408/2408 2407/2407/2407 
f 2394/2394/2394 2410/2410/2410 2409/2409/2409 
f 2394/2394/2394 2411/2411/2411 2410/2410/2410 
f 2394/2394/2394 2412/2412/2412 2411/2411/2411 
f 2394/2394/2394 2413/2413/2413 2412/2412/2412 
f 2394/2394/2394 2414/2414/2414 2413/2413/2413 
f 2394/2394/2394 2415/2415/2415 2414/2414/2414 
f 2394/2394/2394 2417/2417/2417 2416/2416/2416 
f 2394/2394/2394 2418/2418/2418 2417/2417/2417 
f 2394/2394/2394 2419/2419/2419 2418/2418/2418 
f 2394/2394/2394 2420/2420/2420 2419/2419/2419 
f 2394/2394/2394 2421/2421/2421 2420/2420/2420 
f 2394/2394/2394 2422/2422/2422 2421/2421/2421 
f 2423/2423/2423 2424/2424/2424 2425/2425/2425 
f 2425/2425/2425 2424/2424/2424 2426/2426/2426 
f 2425/2425/2425 2426/2426/2426 2427/2427/2427 
f 2427/2427/2427 2426/2426/2426 2428/2428/2428 
f 2427/2427/2427 2428/2428/2428 2429/2429/2429 
f 2429/2429/2429 2428/2428/2428 2430/2430/2430 
f 2429/2429/2429 2430/2430/2430 2431/2431/2431 
f 2431/2431/2431 2430/2430/2430 2432/2432/2432 
f 2431/2431/2431 2432/2432/2432 2433/2433/2433 
f 2433/2433/2433 2432/2432/2432 2434/2434/2434 
f 2433/2433/2433 2434/2434/2434 2435/2435/2435 
f 2435/2435/2435 2434/2434/2434 2436/2436/2436 
f 2437/2437/2437 2438/2438/2438 2439/2439/2439 
f 2439/2439/2439 2438/2438/2438 2440/2440/2440 
f 2439/2439/2439 2440/2440/2440 2441/2441/2441 
f 2441/2441/2441 2440/2440/2440 2442/2442/2442 
f 2441/2441/2441 2442/2442/2442 2443/2443/2443 
f 2443/2443/2443 2442/2442/2442 2444/2444/2444 
f 2443/2443/2443 2444/2444/2444 2445/2445/2445 
f 2445/2445/2445 2444/2444/2444 2446/2446/2446 
f 2445/2445/2445 2446/2446/2446 2447/2447/2447 
f 2447/2447/2447 2446/2446/2446 2448/2448/2448 
f 2447/2447/2447 2448/2448/2448 2449/2449/2449 
f 2449/2449/2449 2448/2448/2448 2450/2450/2450 

g Part49

v 122.226 135.29 0.455758 
v 121.461 134.97 -0.372904 
v 121.626 135.039 -0.519317 
v 121.884 135.147 -0.655987 
v 122.226 135.29 -0.716112 
v 122.567 135.433 -0.655965 
v 122.825 135.541 -0.519278 
v 122.99 135.61 -0.372854 
v 122.99 135.61 -0.372854 
v 123.125 135.666 -0.194249 
v 123.251 135.719 0.0852139 
v 123.307 135.742 0.455794 
v 123.251 135.719 0.82637 
v 123.125 135.666 1.10582 
v 122.99 135.61 1.28442 
v 122.99 135.61 1.28442 
v 122.825 135.541 1.43083 
v 122.567 135.433 1.5675 
v 122.225 135.29 1.62763 
v 121.884 135.147 1.56748 
v 121.626 135.039 1.43079 
v 121.461 134.97 1.28437 
v 121.461 134.97 1.28437 
v 121.326 134.914 1.10577 
v 121.2 134.861 0.826303 
v 121.144 134.838 0.455723 
v 121.2 134.861 0.0851468 
v 121.326 134.914 -0.194308 
v 121.461 134.97 -0.372904 
v 122.185 133.241 1.28448 
v 121.461 134.97 1.28437 
v 122.05 133.184 1.10587 
v 121.326 134.914 1.10577 
v 121.923 133.131 0.826407 
v 121.2 134.861 0.826303 
v 121.868 133.108 0.455827 
v 121.144 134.838 0.455723 
v 121.923 133.131 0.0852509 
v 121.2 134.861 0.0851468 
v 122.05 133.184 -0.194204 
v 121.326 134.914 -0.194308 
v 122.185 133.241 -0.3728 
v 121.461 134.97 -0.372904 
v 121.461 134.97 1.28437 
v 122.185 133.241 1.28448 
v 121.626 135.039 1.43079 
v 122.349 133.31 1.4309 
v 121.884 135.147 1.56748 
v 122.607 133.417 1.56759 
v 122.225 135.29 1.62763 
v 122.949 133.56 1.62773 
v 122.567 135.433 1.5675 
v 123.291 133.703 1.56761 
v 122.825 135.541 1.43083 
v 123.549 133.811 1.43094 
v 122.99 135.61 1.28442 
v 123.714 133.88 1.28453 
v 122.949 133.56 0.455863 
v 122.185 133.241 1.28448 
v 122.349 133.31 1.4309 
v 122.607 133.417 1.56759 
v 122.949 133.56 1.62773 
v 123.291 133.703 1.56761 
v 123.549 133.811 1.43094 
v 123.714 133.88 1.28453 
v 123.714 133.88 1.28453 
v 123.849 133.937 1.10593 
v 123.975 133.989 0.826474 
v 124.03 134.013 0.455898 
v 123.975 133.989 0.0853179 
v 123.849 133.937 -0.194145 
v 123.714 133.88 -0.37275 
v 123.714 133.88 -0.37275 
v 123.549 133.811 -0.519173 
v 123.291 133.703 -0.655861 
v 122.949 133.56 -0.716008 
v 122.607 133.417 -0.655883 
v 122.349 133.309 -0.519213 
v 122.185 133.241 -0.3728 
v 122.185 133.241 -0.3728 
v 122.05 133.184 -0.194204 
v 121.923 133.131 0.0852511 
v 121.868 133.108 0.455827 
v 121.923 133.131 0.826407 
v 122.05 133.184 1.10587 
v 122.185 133.241 1.28448 
v 123.714 133.88 -0.37275 
v 122.99 135.61 -0.372854 
v 123.849 133.937 -0.194145 
v 123.125 135.666 -0.194249 
v 123.975 133.989 0.085318 
v 123.251 135.719 0.0852139 
v 124.03 134.013 0.455898 
v 123.307 135.742 0.455794 
v 123.975 133.989 0.826474 
v 123.251 135.719 0.82637 
v 123.849 133.937 1.10593 
v 123.125 135.666 1.10582 
v 123.714 133.88 1.28453 
v 122.99 135.61 1.28442 
v 122.185 133.241 -0.3728 
v 121.461 134.97 -0.372904 
v 122.349 133.309 -0.519213 
v 121.626 135.039 -0.519317 
v 122.607 133.417 -0.655883 
v 121.884 135.147 -0.655987 
v 122.949 133.56 -0.716008 
v 122.226 135.29 -0.716112 
v 123.291 133.703 -0.655861 
v 122.567 135.433 -0.655965 
v 123.549 133.811 -0.519173 
v 122.825 135.541 -0.519278 
v 123.714 133.88 -0.37275 
v 122.99 135.61 -0.372854 

vn -0.385827 0.92126 0 
vn -0.385827 0.92126 0 
vn -0.385827 0.92126 0 
vn -0.385827 0.92126 0 
vn -0.385827 0.92126 0 
vn -0.385827 0.92126 0 
vn -0.385827 0.92126 0 
vn -0.385827 0.92126 0 
vn -0.385827 0.92126 0 
vn -0.385827 0.92126 0 
vn -0.385827 0.92126 0 
vn -0.385827 0.92126 0 
vn -0.385827 0.92126 0 
vn -0.385827 0.92126 0 
vn -0.385827 0.92126 0 
vn -0.385827 0.92126 0 
vn -0.385827 0.92126 0 
vn -0.385827 0.92126 0 
vn -0.385827 0.92126 0 
vn -0.385827 0.92126 0 
vn -0.385827 0.92126 0 
vn -0.385827 0.92126 0 
vn -0.385827 0.92126 0 
vn -0.385827 0.92126 0 
vn -0.385827 0.92126 0 
vn -0.385827 0.92126 0 
vn -0.385827 0.92126 0 
vn -0.385827 0.92126 0 
vn -0.385827 0.92126 0 
vn -0.653543 -0.275591 0.708661 
vn -0.653543 -0.275591 0.708661 
vn -0.76378 -0.322835 0.551181 
vn -0.76378 -0.322835 0.551181 
vn -0.874016 -0.362205 0.314961 
vn -0.874016 -0.362205 0.314961 
vn -0.92126 -0.385827 0 
vn -0.92126 -0.385827 0 
vn -0.874016 -0.362205 -0.314961 
vn -0.874016 -0.362205 -0.314961 
vn -0.76378 -0.322835 -0.551181 
vn -0.76378 -0.322835 -0.551181 
vn -0.653543 -0.275591 -0.708661 
vn -0.653543 -0.275591 -0.708661 
vn -0.653543 -0.275591 0.708661 
vn -0.653543 -0.275591 0.708661 
vn -0.511811 -0.212598 0.834646 
vn -0.511811 -0.212598 0.834646 
vn -0.291339 -0.11811 0.944882 
vn -0.291339 -0.11811 0.944882 
vn 0 0 1 
vn 0 0 1 
vn 0.291339 0.125984 0.944882 
vn 0.291339 0.125984 0.944882 
vn 0.511811 0.212598 0.834646 
vn 0.511811 0.212598 0.834646 
vn 0.653543 0.275591 0.708661 
vn 0.653543 0.275591 0.708661 
vn 0.385827 -0.92126 0 
vn 0.385827 -0.92126 0 
vn 0.385827 -0.92126 0 
vn 0.385827 -0.92126 0 
vn 0.385827 -0.92126 0 
vn 0.385827 -0.92126 0 
vn 0.385827 -0.92126 0 
vn 0.385827 -0.92126 0 
vn 0.385827 -0.92126 0 
vn 0.385827 -0.92126 0 
vn 0.385827 -0.92126 0 
vn 0.385827 -0.92126 0 
vn 0.385827 -0.92126 0 
vn 0.385827 -0.92126 0 
vn 0.385827 -0.92126 0 
vn 0.385827 -0.92126 0 
vn 0.385827 -0.92126 0 
vn 0.385827 -0.92126 0 
vn 0.385827 -0.92126 0 
vn 0.385827 -0.92126 0 
vn 0.385827 -0.92126 0 
vn 0.385827 -0.92126 0 
vn 0.385827 -0.92126 0 
vn 0.385827 -0.92126 0 
vn 0.385827 -0.92126 0 
vn 0.385827 -0.92126 0 
vn 0.385827 -0.92126 0 
vn 0.385827 -0.92126 0 
vn 0.385827 -0.92126 0 
vn 0.653543 0.275591 -0.708661 
vn 0.653543 0.275591 -0.708661 
vn 0.76378 0.322835 -0.551181 
vn 0.76378 0.322835 -0.551181 
vn 0.874016 0.362205 -0.314961 
vn 0.874016 0.362205 -0.314961 
vn 0.92126 0.385827 0 
vn 0.92126 0.385827 0 
vn 0.874016 0.362205 0.314961 
vn 0.874016 0.362205 0.314961 
vn 0.76378 0.322835 0.551181 
vn 0.76378 0.322835 0.551181 
vn 0.653543 0.275591 0.708661 
vn 0.653543 0.275591 0.708661 
vn -0.653543 -0.275591 -0.708661 
vn -0.653543 -0.275591 -0.708661 
vn -0.511811 -0.212598 -0.834646 
vn -0.511811 -0.212598 -0.834646 
vn -0.291339 -0.125984 -0.944882 
vn -0.291339 -0.125984 -0.944882 
vn 0 0 -1 
vn 0 0 -1 
vn 0.291339 0.11811 -0.944882 
vn 0.291339 0.11811 -0.944882 
vn 0.511811 0.212598 -0.834646 
vn 0.511811 0.212598 -0.834646 
vn 0.653543 0.275591 -0.708661 
vn 0.653543 0.275591 -0.708661 

vt 2.39648 -0.646484 
vt 2.50006 -0.542904 
vt 2.51837 -0.565229 
vt 2.53545 -0.600162 
vt 2.54297 -0.646484 
vt 2.53545 -0.692807 
vt 2.51837 -0.727739 
vt 2.50006 -0.750064 
vt 2.50006 -0.750064 
vt 2.47774 -0.768367 
vt 2.44281 -0.785452 
vt 2.39648 -0.792969 
vt 2.35016 -0.785452 
vt 2.31523 -0.768367 
vt 2.2929 -0.750064 
vt 2.2929 -0.750064 
vt 2.2746 -0.727739 
vt 2.25752 -0.692807 
vt 2.25 -0.646484 
vt 2.25752 -0.600162 
vt 2.2746 -0.565229 
vt 2.2929 -0.542904 
vt 2.2929 -0.542904 
vt 2.31523 -0.524602 
vt 2.35016 -0.507517 
vt 2.39648 -0.5 
vt 2.44281 -0.507517 
vt 2.47774 -0.524602 
vt 2.50006 -0.542904 
vt 2.48438 -0.5 
vt 2.25 -0.5 
vt 2.48438 -0.548828 
vt 2.25 -0.548828 
vt 2.48438 -0.597656 
vt 2.25 -0.597656 
vt 2.48438 -0.646484 
vt 2.25 -0.646484 
vt 2.48438 -0.695312 
vt 2.25 -0.695312 
vt 2.48438 -0.744141 
vt 2.25 -0.744141 
vt 2.48438 -0.792969 
vt 2.25 -0.792969 
vt 2.48438 -0.5 
vt 2.25 -0.5 
vt 2.48438 -0.548828 
vt 2.25 -0.548828 
vt 2.48438 -0.597656 
vt 2.25 -0.597656 
vt 2.48438 -0.646484 
vt 2.25 -0.646484 
vt 2.48438 -0.695312 
vt 2.25 -0.695312 
vt 2.48438 -0.744141 
vt 2.25 -0.744141 
vt 2.48438 -0.792969 
vt 2.25 -0.792969 
vt 2.39648 -0.646484 
vt 2.50006 -0.542904 
vt 2.51837 -0.565229 
vt 2.53545 -0.600162 
vt 2.54297 -0.646484 
vt 2.53545 -0.692807 
vt 2.51837 -0.727739 
vt 2.50006 -0.750064 
vt 2.50006 -0.750064 
vt 2.47774 -0.768367 
vt 2.44281 -0.785452 
vt 2.39648 -0.792969 
vt 2.35016 -0.785452 
vt 2.31523 -0.768367 
vt 2.2929 -0.750064 
vt 2.2929 -0.750064 
vt 2.2746 -0.727739 
vt 2.25752 -0.692807 
vt 2.25 -0.646484 
vt 2.25752 -0.600162 
vt 2.2746 -0.565229 
vt 2.2929 -0.542904 
vt 2.2929 -0.542904 
vt 2.31523 -0.524602 
vt 2.35016 -0.507517 
vt 2.39648 -0.5 
vt 2.44281 -0.507517 
vt 2.47774 -0.524602 
vt 2.50006 -0.542904 
vt 2.48438 -0.5 
vt 2.25 -0.5 
vt 2.48438 -0.548828 
vt 2.25 -0.548828 
vt 2.48438 -0.597656 
vt 2.25 -0.597656 
vt 2.48438 -0.646484 
vt 2.25 -0.646484 
vt 2.48438 -0.695312 
vt 2.25 -0.695312 
vt 2.48438 -0.744141 
vt 2.25 -0.744141 
vt 2.48438 -0.792969 
vt 2.25 -0.792969 
vt 2.48438 -0.5 
vt 2.25 -0.5 
vt 2.48438 -0.548828 
vt 2.25 -0.548828 
vt 2.48438 -0.597656 
vt 2.25 -0.597656 
vt 2.48438 -0.646484 
vt 2.25 -0.646484 
vt 2.48438 -0.695312 
vt 2.25 -0.695312 
vt 2.48438 -0.744141 
vt 2.25 -0.744141 
vt 2.48438 -0.792969 
vt 2.25 -0.792969 

usemtl Part1Mtl

f 2451/2451/2451 2453/2453/2453 2452/2452/2452 
f 2451/2451/2451 2454/2454/2454 2453/2453/2453 
f 2451/2451/2451 2455/2455/2455 2454/2454/2454 
f 2451/2451/2451 2456/2456/2456 2455/2455/2455 
f 2451/2451/2451 2457/2457/2457 2456/2456/2456 
f 2451/2451/2451 2458/2458/2458 2457/2457/2457 
f 2451/2451/2451 2460/2460/2460 2459/2459/2459 
f 2451/2451/2451 2461/2461/2461 2460/2460/2460 
f 2451/2451/2451 2462/2462/2462 2461/2461/2461 
f 2451/2451/2451 2463/2463/2463 2462/2462/2462 
f 2451/2451/2451 2464/2464/2464 2463/2463/2463 
f 2451/2451/2451 2465/2465/2465 2464/2464/2464 
f 2451/2451/2451 2467/2467/2467 2466/2466/2466 
f 2451/2451/2451 2468/2468/2468 2467/2467/2467 
f 2451/2451/2451 2469/2469/2469 2468/2468/2468 
f 2451/2451/2451 2470/2470/2470 2469/2469/2469 
f 2451/2451/2451 2471/2471/2471 2470/2470/2470 
f 2451/2451/2451 2472/2472/2472 2471/2471/2471 
f 2451/2451/2451 2474/2474/2474 2473/2473/2473 
f 2451/2451/2451 2475/2475/2475 2474/2474/2474 
f 2451/2451/2451 2476/2476/2476 2475/2475/2475 
f 2451/2451/2451 2477/2477/2477 2476/2476/2476 
f 2451/2451/2451 2478/2478/2478 2477/2477/2477 
f 2451/2451/2451 2479/2479/2479 2478/2478/2478 
f 2480/2480/2480 2481/2481/2481 2482/2482/2482 
f 2482/2482/2482 2481/2481/2481 2483/2483/2483 
f 2482/2482/2482 2483/2483/2483 2484/2484/2484 
f 2484/2484/2484 2483/2483/2483 2485/2485/2485 
f 2484/2484/2484 2485/2485/2485 2486/2486/2486 
f 2486/2486/2486 2485/2485/2485 2487/2487/2487 
f 2486/2486/2486 2487/2487/2487 2488/2488/2488 
f 2488/2488/2488 2487/2487/2487 2489/2489/2489 
f 2488/2488/2488 2489/2489/2489 2490/2490/2490 
f 2490/2490/2490 2489/2489/2489 2491/2491/2491 
f 2490/2490/2490 2491/2491/2491 2492/2492/2492 
f 2492/2492/2492 2491/2491/2491 2493/2493/2493 
f 2494/2494/2494 2495/2495/2495 2496/2496/2496 
f 2496/2496/2496 2495/2495/2495 2497/2497/2497 
f 2496/2496/2496 2497/2497/2497 2498/2498/2498 
f 2498/2498/2498 2497/2497/2497 2499/2499/2499 
f 2498/2498/2498 2499/2499/2499 2500/2500/2500 
f 2500/2500/2500 2499/2499/2499 2501/2501/2501 
f 2500/2500/2500 2501/2501/2501 2502/2502/2502 
f 2502/2502/2502 2501/2501/2501 2503/2503/2503 
f 2502/2502/2502 2503/2503/2503 2504/2504/2504 
f 2504/2504/2504 2503/2503/2503 2505/2505/2505 
f 2504/2504/2504 2505/2505/2505 2506/2506/2506 
f 2506/2506/2506 2505/2505/2505 2507/2507/2507 
f 2508/2508/2508 2510/2510/2510 2509/2509/2509 
f 2508/2508/2508 2511/2511/2511 2510/2510/2510 
f 2508/2508/2508 2512/2512/2512 2511/2511/2511 
f 2508/2508/2508 2513/2513/2513 2512/2512/2512 
f 2508/2508/2508 2514/2514/2514 2513/2513/2513 
f 2508/2508/2508 2515/2515/2515 2514/2514/2514 
f 2508/2508/2508 2517/2517/2517 2516/2516/2516 
f 2508/2508/2508 2518/2518/2518 2517/2517/2517 
f 2508/2508/2508 2519/2519/2519 2518/2518/2518 
f 2508/2508/2508 2520/2520/2520 2519/2519/2519 
f 2508/2508/2508 2521/2521/2521 2520/2520/2520 
f 2508/2508/2508 2522/2522/2522 2521/2521/2521 
f 2508/2508/2508 2524/2524/2524 2523/2523/2523 
f 2508/2508/2508 2525/2525/2525 2524/2524/2524 
f 2508/2508/2508 2526/2526/2526 2525/2525/2525 
f 2508/2508/2508 2527/2527/2527 2526/2526/2526 
f 2508/2508/2508 2528/2528/2528 2527/2527/2527 
f 2508/2508/2508 2529/2529/2529 2528/2528/2528 
f 2508/2508/2508 2531/2531/2531 2530/2530/2530 
f 2508/2508/2508 2532/2532/2532 2531/2531/2531 
f 2508/2508/2508 2533/2533/2533 2532/2532/2532 
f 2508/2508/2508 2534/2534/2534 2533/2533/2533 
f 2508/2508/2508 2535/2535/2535 2534/2534/2534 
f 2508/2508/2508 2536/2536/2536 2535/2535/2535 
f 2537/2537/2537 2538/2538/2538 2539/2539/2539 
f 2539/2539/2539 2538/2538/2538 2540/2540/2540 
f 2539/2539/2539 2540/2540/2540 2541/2541/2541 
f 2541/2541/2541 2540/2540/2540 2542/2542/2542 
f 2541/2541/2541 2542/2542/2542 2543/2543/2543 
f 2543/2543/2543 2542/2542/2542 2544/2544/2544 
f 2543/2543/2543 2544/2544/2544 2545/2545/2545 
f 2545/2545/2545 2544/2544/2544 2546/2546/2546 
f 2545/2545/2545 2546/2546/2546 2547/2547/2547 
f 2547/2547/2547 2546/2546/2546 2548/2548/2548 
f 2547/2547/2547 2548/2548/2548 2549/2549/2549 
f 2549/2549/2549 2548/2548/2548 2550/2550/2550 
f 2551/2551/2551 2552/2552/2552 2553/2553/2553 
f 2553/2553/2553 2552/2552/2552 2554/2554/2554 
f 2553/2553/2553 2554/2554/2554 2555/2555/2555 
f 2555/2555/2555 2554/2554/2554 2556/2556/2556 
f 2555/2555/2555 2556/2556/2556 2557/2557/2557 
f 2557/2557/2557 2556/2556/2556 2558/2558/2558 
f 2557/2557/2557 2558/2558/2558 2559/2559/2559 
f 2559/2559/2559 2558/2558/2558 2560/2560/2560 
f 2559/2559/2559 2560/2560/2560 2561/2561/2561 
f 2561/2561/2561 2560/2560/2560 2562/2562/2562 
f 2561/2561/2561 2562/2562/2562 2563/2563/2563 
f 2563/2563/2563 2562/2562/2562 2564/2564/2564 

g Part50

v 120.296 139.903 0.455428 
v 119.761 139.679 -0.124857 
v 119.876 139.727 -0.227385 
v 120.057 139.803 -0.323091 
v 120.296 139.903 -0.365194 
v 120.536 140.003 -0.323075 
v 120.716 140.078 -0.227358 
v 120.832 140.127 -0.124822 
v 120.832 140.127 -0.124822 
v 120.926 140.166 0.000248879 
v 121.014 140.203 0.195948 
v 121.053 140.219 0.455452 
v 121.014 140.203 0.714955 
v 120.926 140.166 0.910647 
v 120.831 140.127 1.03571 
v 120.831 140.127 1.03571 
v 120.716 140.078 1.13824 
v 120.536 140.003 1.23395 
v 120.296 139.903 1.27605 
v 120.057 139.803 1.23393 
v 119.876 139.727 1.13821 
v 119.761 139.679 1.03568 
v 119.761 139.679 1.03568 
v 119.666 139.639 0.910606 
v 119.578 139.602 0.714908 
v 119.539 139.586 0.455403 
v 119.578 139.602 0.195901 
v 119.666 139.639 0.000207722 
v 119.761 139.679 -0.124857 
v 121.69 135.066 1.03596 
v 119.761 139.679 1.03568 
v 121.596 135.027 0.910884 
v 119.666 139.639 0.910606 
v 121.507 134.99 0.715185 
v 119.578 139.602 0.714908 
v 121.469 134.973 0.45568 
v 119.539 139.586 0.455403 
v 121.507 134.99 0.196178 
v 119.578 139.602 0.195901 
v 121.596 135.027 0.00048539 
v 119.666 139.639 0.000207722 
v 121.69 135.066 -0.12458 
v 119.761 139.679 -0.124857 
v 119.761 139.679 1.03568 
v 121.69 135.066 1.03596 
v 119.876 139.727 1.13821 
v 121.806 135.114 1.13849 
v 120.057 139.803 1.23393 
v 121.986 135.19 1.23421 
v 120.296 139.903 1.27605 
v 122.226 135.29 1.27633 
v 120.536 140.003 1.23395 
v 122.465 135.39 1.23422 
v 120.716 140.078 1.13824 
v 122.646 135.466 1.13852 
v 120.831 140.127 1.03571 
v 122.761 135.514 1.03599 
v 122.226 135.29 0.455705 
v 121.69 135.066 1.03596 
v 121.806 135.114 1.13849 
v 121.986 135.19 1.23421 
v 122.226 135.29 1.27633 
v 122.465 135.39 1.23422 
v 122.646 135.466 1.13852 
v 122.761 135.514 1.03599 
v 122.761 135.514 1.03599 
v 122.856 135.554 0.910925 
v 122.944 135.59 0.715232 
v 122.983 135.607 0.45573 
v 122.944 135.59 0.196225 
v 122.856 135.553 0.000526488 
v 122.761 135.514 -0.124545 
v 122.761 135.514 -0.124545 
v 122.646 135.466 -0.22708 
v 122.465 135.39 -0.322797 
v 122.226 135.29 -0.364917 
v 121.986 135.19 -0.322813 
v 121.806 135.114 -0.227107 
v 121.69 135.066 -0.12458 
v 121.69 135.066 -0.12458 
v 121.596 135.027 0.00048545 
v 121.507 134.99 0.196178 
v 121.469 134.973 0.455681 
v 121.507 134.99 0.715185 
v 121.596 135.027 0.910884 
v 121.69 135.066 1.03596 
v 122.761 135.514 -0.124545 
v 120.832 140.127 -0.124822 
v 122.856 135.553 0.000526547 
v 120.926 140.166 0.000248879 
v 122.944 135.59 0.196225 
v 121.014 140.203 0.195948 
v 122.983 135.607 0.45573 
v 121.053 140.219 0.455452 
v 122.944 135.59 0.715232 
v 121.014 140.203 0.714955 
v 122.856 135.554 0.910925 
v 120.926 140.166 0.910647 
v 122.761 135.514 1.03599 
v 120.831 140.127 1.03571 
v 121.69 135.066 -0.12458 
v 119.761 139.679 -0.124857 
v 121.806 135.114 -0.227107 
v 119.876 139.727 -0.227385 
v 121.986 135.19 -0.322813 
v 120.057 139.803 -0.323091 
v 122.226 135.29 -0.364917 
v 120.296 139.903 -0.365194 
v 122.465 135.39 -0.322797 
v 120.536 140.003 -0.323075 
v 122.646 135.466 -0.22708 
v 120.716 140.078 -0.227358 
v 122.761 135.514 -0.124545 
v 120.832 140.127 -0.124822 

vn -0.385827 0.92126 0 
vn -0.385827 0.92126 0 
vn -0.385827 0.92126 0 
vn -0.385827 0.92126 0 
vn -0.385827 0.92126 0 
vn -0.385827 0.92126 0 
vn -0.385827 0.92126 0 
vn -0.385827 0.92126 0 
vn -0.385827 0.92126 0 
vn -0.385827 0.92126 0 
vn -0.385827 0.92126 0 
vn -0.385827 0.92126 0 
vn -0.385827 0.92126 0 
vn -0.385827 0.92126 0 
vn -0.385827 0.92126 0 
vn -0.385827 0.92126 0 
vn -0.385827 0.92126 0 
vn -0.385827 0.92126 0 
vn -0.385827 0.92126 0 
vn -0.385827 0.92126 0 
vn -0.385827 0.92126 0 
vn -0.385827 0.92126 0 
vn -0.385827 0.92126 0 
vn -0.385827 0.92126 0 
vn -0.385827 0.92126 0 
vn -0.385827 0.92126 0 
vn -0.385827 0.92126 0 
vn -0.385827 0.92126 0 
vn -0.385827 0.92126 0 
vn -0.653543 -0.275591 0.708661 
vn -0.653543 -0.275591 0.708661 
vn -0.76378 -0.322835 0.551181 
vn -0.76378 -0.322835 0.551181 
vn -0.874016 -0.362205 0.314961 
vn -0.874016 -0.362205 0.314961 
vn -0.92126 -0.385827 0 
vn -0.92126 -0.385827 0 
vn -0.874016 -0.362205 -0.314961 
vn -0.874016 -0.362205 -0.314961 
vn -0.76378 -0.322835 -0.551181 
vn -0.76378 -0.322835 -0.551181 
vn -0.653543 -0.275591 -0.708661 
vn -0.653543 -0.275591 -0.708661 
vn -0.653543 -0.275591 0.708661 
vn -0.653543 -0.275591 0.708661 
vn -0.511811 -0.212598 0.834646 
vn -0.511811 -0.212598 0.834646 
vn -0.291339 -0.11811 0.944882 
vn -0.291339 -0.11811 0.944882 
vn 0 0 1 
vn 0 0 1 
vn 0.291339 0.125984 0.944882 
vn 0.291339 0.125984 0.944882 
vn 0.511811 0.212598 0.834646 
vn 0.511811 0.212598 0.834646 
vn 0.653543 0.275591 0.708661 
vn 0.653543 0.275591 0.708661 
vn 0.385827 -0.92126 0 
vn 0.385827 -0.92126 0 
vn 0.385827 -0.92126 0 
vn 0.385827 -0.92126 0 
vn 0.385827 -0.92126 0 
vn 0.385827 -0.92126 0 
vn 0.385827 -0.92126 0 
vn 0.385827 -0.92126 0 
vn 0.385827 -0.92126 0 
vn 0.385827 -0.92126 0 
vn 0.385827 -0.92126 0 
vn 0.385827 -0.92126 0 
vn 0.385827 -0.92126 0 
vn 0.385827 -0.92126 0 
vn 0.385827 -0.92126 0 
vn 0.385827 -0.92126 0 
vn 0.385827 -0.92126 0 
vn 0.385827 -0.92126 0 
vn 0.385827 -0.92126 0 
vn 0.385827 -0.92126 0 
vn 0.385827 -0.92126 0 
vn 0.385827 -0.92126 0 
vn 0.385827 -0.92126 0 
vn 0.385827 -0.92126 0 
vn 0.385827 -0.92126 0 
vn 0.385827 -0.92126 0 
vn 0.385827 -0.92126 0 
vn 0.385827 -0.92126 0 
vn 0.385827 -0.92126 0 
vn 0.653543 0.275591 -0.708661 
vn 0.653543 0.275591 -0.708661 
vn 0.76378 0.322835 -0.551181 
vn 0.76378 0.322835 -0.551181 
vn 0.874016 0.362205 -0.314961 
vn 0.874016 0.362205 -0.314961 
vn 0.92126 0.385827 0 
vn 0.92126 0.385827 0 
vn 0.874016 0.362205 0.314961 
vn 0.874016 0.362205 0.314961 
vn 0.76378 0.322835 0.551181 
vn 0.76378 0.322835 0.551181 
vn 0.653543 0.275591 0.708661 
vn 0.653543 0.275591 0.708661 
vn -0.653543 -0.275591 -0.708661 
vn -0.653543 -0.275591 -0.708661 
vn -0.511811 -0.212598 -0.834646 
vn -0.511811 -0.212598 -0.834646 
vn -0.291339 -0.125984 -0.944882 
vn -0.291339 -0.125984 -0.944882 
vn 0 0 -1 
vn 0 0 -1 
vn 0.291339 0.11811 -0.944882 
vn 0.291339 0.11811 -0.944882 
vn 0.511811 0.212598 -0.834646 
vn 0.511811 0.212598 -0.834646 
vn 0.653543 0.275591 -0.708661 
vn 0.653543 0.275591 -0.708661 

vt 3.60258 -6.10258 
vt 3.67511 -6.03004 
vt 3.68793 -6.04568 
vt 3.69989 -6.07014 
vt 3.70516 -6.10258 
vt 3.69989 -6.13502 
vt 3.68793 -6.15948 
vt 3.67511 -6.17511 
vt 3.67511 -6.17511 
vt 3.65948 -6.18793 
vt 3.63502 -6.19989 
vt 3.60258 -6.20516 
vt 3.57014 -6.19989 
vt 3.54568 -6.18793 
vt 3.53004 -6.17511 
vt 3.53004 -6.17511 
vt 3.51723 -6.15948 
vt 3.50526 -6.13502 
vt 3.5 -6.10258 
vt 3.50526 -6.07014 
vt 3.51723 -6.04568 
vt 3.53004 -6.03004 
vt 3.53004 -6.03004 
vt 3.54568 -6.01723 
vt 3.57014 -6.00526 
vt 3.60258 -6 
vt 3.63502 -6.00526 
vt 3.65948 -6.01723 
vt 3.67511 -6.03004 
vt 4.125 -6 
vt 3.5 -6 
vt 4.125 -6.03419 
vt 3.5 -6.03419 
vt 4.125 -6.06839 
vt 3.5 -6.06839 
vt 4.125 -6.10258 
vt 3.5 -6.10258 
vt 4.125 -6.13677 
vt 3.5 -6.13677 
vt 4.125 -6.17096 
vt 3.5 -6.17096 
vt 4.125 -6.20516 
vt 3.5 -6.20516 
vt 4.125 -6 
vt 3.5 -6 
vt 4.125 -6.03419 
vt 3.5 -6.03419 
vt 4.125 -6.06839 
vt 3.5 -6.06839 
vt 4.125 -6.10258 
vt 3.5 -6.10258 
vt 4.125 -6.13677 
vt 3.5 -6.13677 
vt 4.125 -6.17096 
vt 3.5 -6.17096 
vt 4.125 -6.20516 
vt 3.5 -6.20516 
vt 3.60258 -6.10258 
vt 3.67511 -6.03004 
vt 3.68793 -6.04568 
vt 3.69989 -6.07014 
vt 3.70516 -6.10258 
vt 3.69989 -6.13502 
vt 3.68793 -6.15948 
vt 3.67511 -6.17511 
vt 3.67511 -6.17511 
vt 3.65948 -6.18793 
vt 3.63502 -6.19989 
vt 3.60258 -6.20516 
vt 3.57014 -6.19989 
vt 3.54568 -6.18793 
vt 3.53004 -6.17511 
vt 3.53004 -6.17511 
vt 3.51723 -6.15948 
vt 3.50526 -6.13502 
vt 3.5 -6.10258 
vt 3.50526 -6.07014 
vt 3.51723 -6.04568 
vt 3.53004 -6.03004 
vt 3.53004 -6.03004 
vt 3.54568 -6.01723 
vt 3.57014 -6.00526 
vt 3.60258 -6 
vt 3.63502 -6.00526 
vt 3.65948 -6.01723 
vt 3.67511 -6.03004 
vt 4.125 -6 
vt 3.5 -6 
vt 4.125 -6.03419 
vt 3.5 -6.03419 
vt 4.125 -6.06839 
vt 3.5 -6.06839 
vt 4.125 -6.10258 
vt 3.5 -6.10258 
vt 4.125 -6.13677 
vt 3.5 -6.13677 
vt 4.125 -6.17096 
vt 3.5 -6.17096 
vt 4.125 -6.20516 
vt 3.5 -6.20516 
vt 4.125 -6 
vt 3.5 -6 
vt 4.125 -6.03419 
vt 3.5 -6.03419 
vt 4.125 -6.06839 
vt 3.5 -6.06839 
vt 4.125 -6.10258 
vt 3.5 -6.10258 
vt 4.125 -6.13677 
vt 3.5 -6.13677 
vt 4.125 -6.17096 
vt 3.5 -6.17096 
vt 4.125 -6.20516 
vt 3.5 -6.20516 

usemtl Part10Mtl

f 2565/2565/2565 2567/2567/2567 2566/2566/2566 
f 2565/2565/2565 2568/2568/2568 2567/2567/2567 
f 2565/2565/2565 2569/2569/2569 2568/2568/2568 
f 2565/2565/2565 2570/2570/2570 2569/2569/2569 
f 2565/2565/2565 2571/2571/2571 2570/2570/2570 
f 2565/2565/2565 2572/2572/2572 2571/2571/2571 
f 2565/2565/2565 2574/2574/2574 2573/2573/2573 
f 2565/2565/2565 2575/2575/2575 2574/2574/2574 
f 2565/2565/2565 2576/2576/2576 2575/2575/2575 
f 2565/2565/2565 2577/2577/2577 2576/2576/2576 
f 2565/2565/2565 2578/2578/2578 2577/2577/2577 
f 2565/2565/2565 2579/2579/2579 2578/2578/2578 
f 2565/2565/2565 2581/2581/2581 2580/2580/2580 
f 2565/2565/2565 2582/2582/2582 2581/2581/2581 
f 2565/2565/2565 2583/2583/2583 2582/2582/2582 
f 2565/2565/2565 2584/2584/2584 2583/2583/2583 
f 2565/2565/2565 2585/2585/2585 2584/2584/2584 
f 2565/2565/2565 2586/2586/2586 2585/2585/2585 
f 2565/2565/2565 2588/2588/2588 2587/2587/2587 
f 2565/2565/2565 2589/2589/2589 2588/2588/2588 
f 2565/2565/2565 2590/2590/2590 2589/2589/2589 
f 2565/2565/2565 2591/2591/2591 2590/2590/2590 
f 2565/2565/2565 2592/2592/2592 2591/2591/2591 
f 2565/2565/2565 2593/2593/2593 2592/2592/2592 
f 2594/2594/2594 2595/2595/2595 2596/2596/2596 
f 2596/2596/2596 2595/2595/2595 2597/2597/2597 
f 2596/2596/2596 2597/2597/2597 2598/2598/2598 
f 2598/2598/2598 2597/2597/2597 2599/2599/2599 
f 2598/2598/2598 2599/2599/2599 2600/2600/2600 
f 2600/2600/2600 2599/2599/2599 2601/2601/2601 
f 2600/2600/2600 2601/2601/2601 2602/2602/2602 
f 2602/2602/2602 2601/2601/2601 2603/2603/2603 
f 2602/2602/2602 2603/2603/2603 2604/2604/2604 
f 2604/2604/2604 2603/2603/2603 2605/2605/2605 
f 2604/2604/2604 2605/2605/2605 2606/2606/2606 
f 2606/2606/2606 2605/2605/2605 2607/2607/2607 
f 2608/2608/2608 2609/2609/2609 2610/2610/2610 
f 2610/2610/2610 2609/2609/2609 2611/2611/2611 
f 2610/2610/2610 2611/2611/2611 2612/2612/2612 
f 2612/2612/2612 2611/2611/2611 2613/2613/2613 
f 2612/2612/2612 2613/2613/2613 2614/2614/2614 
f 2614/2614/2614 2613/2613/2613 2615/2615/2615 
f 2614/2614/2614 2615/2615/2615 2616/2616/2616 
f 2616/2616/2616 2615/2615/2615 2617/2617/2617 
f 2616/2616/2616 2617/2617/2617 2618/2618/2618 
f 2618/2618/2618 2617/2617/2617 2619/2619/2619 
f 2618/2618/2618 2619/2619/2619 2620/2620/2620 
f 2620/2620/2620 2619/2619/2619 2621/2621/2621 
f 2622/2622/2622 2624/2624/2624 2623/2623/2623 
f 2622/2622/2622 2625/2625/2625 2624/2624/2624 
f 2622/2622/2622 2626/2626/2626 2625/2625/2625 
f 2622/2622/2622 2627/2627/2627 2626/2626/2626 
f 2622/2622/2622 2628/2628/2628 2627/2627/2627 
f 2622/2622/2622 2629/2629/2629 2628/2628/2628 
f 2622/2622/2622 2631/2631/2631 2630/2630/2630 
f 2622/2622/2622 2632/2632/2632 2631/2631/2631 
f 2622/2622/2622 2633/2633/2633 2632/2632/2632 
f 2622/2622/2622 2634/2634/2634 2633/2633/2633 
f 2622/2622/2622 2635/2635/2635 2634/2634/2634 
f 2622/2622/2622 2636/2636/2636 2635/2635/2635 
f 2622/2622/2622 2638/2638/2638 2637/2637/2637 
f 2622/2622/2622 2639/2639/2639 2638/2638/2638 
f 2622/2622/2622 2640/2640/2640 2639/2639/2639 
f 2622/2622/2622 2641/2641/2641 2640/2640/2640 
f 2622/2622/2622 2642/2642/2642 2641/2641/2641 
f 2622/2622/2622 2643/2643/2643 2642/2642/2642 
f 2622/2622/2622 2645/2645/2645 2644/2644/2644 
f 2622/2622/2622 2646/2646/2646 2645/2645/2645 
f 2622/2622/2622 2647/2647/2647 2646/2646/2646 
f 2622/2622/2622 2648/2648/2648 2647/2647/2647 
f 2622/2622/2622 2649/2649/2649 2648/2648/2648 
f 2622/2622/2622 2650/2650/2650 2649/2649/2649 
f 2651/2651/2651 2652/2652/2652 2653/2653/2653 
f 2653/2653/2653 2652/2652/2652 2654/2654/2654 
f 2653/2653/2653 2654/2654/2654 2655/2655/2655 
f 2655/2655/2655 2654/2654/2654 2656/2656/2656 
f 2655/2655/2655 2656/2656/2656 2657/2657/2657 
f 2657/2657/2657 2656/2656/2656 2658/2658/2658 
f 2657/2657/2657 2658/2658/2658 2659/2659/2659 
f 2659/2659/2659 2658/2658/2658 2660/2660/2660 
f 2659/2659/2659 2660/2660/2660 2661/2661/2661 
f 2661/2661/2661 2660/2660/2660 2662/2662/2662 
f 2661/2661/2661 2662/2662/2662 2663/2663/2663 
f 2663/2663/2663 2662/2662/2662 2664/2664/2664 
f 2665/2665/2665 2666/2666/2666 2667/2667/2667 
f 2667/2667/2667 2666/2666/2666 2668/2668/2668 
f 2667/2667/2667 2668/2668/2668 2669/2669/2669 
f 2669/2669/2669 2668/2668/2668 2670/2670/2670 
f 2669/2669/2669 2670/2670/2670 2671/2671/2671 
f 2671/2671/2671 2670/2670/2670 2672/2672/2672 
f 2671/2671/2671 2672/2672/2672 2673/2673/2673 
f 2673/2673/2673 2672/2672/2672 2674/2674/2674 
f 2673/2673/2673 2674/2674/2674 2675/2675/2675 
f 2675/2675/2675 2674/2674/2674 2676/2676/2676 
f 2675/2675/2675 2676/2676/2676 2677/2677/2677 
f 2677/2677/2677 2676/2676/2676 2678/2678/2678 

g Part51

v 115.216 132.144 -1.10487 
v 113.833 135.942 -1.10487 
v 121.621 134.475 -1.10487 
v 120.238 138.273 -1.10487 
v 113.833 135.942 2.92616 
v 113.833 135.942 -1.10487 
v 115.216 132.144 2.92616 
v 115.216 132.144 -1.10487 
v 113.833 135.942 -1.10487 
v 113.833 135.942 2.92616 
v 120.238 138.273 -1.10487 
v 120.238 138.273 2.92616 
v 113.833 135.942 2.92616 
v 115.216 132.144 2.92616 
v 120.238 138.273 2.92616 
v 121.621 134.475 2.92616 
v 121.621 134.475 2.92616 
v 121.621 134.475 -1.10487 
v 120.238 138.273 2.92616 
v 120.238 138.273 -1.10487 
v 115.216 132.144 2.92616 
v 115.216 132.144 -1.10487 
v 121.621 134.475 2.92616 
v 121.621 134.475 -1.10487 

vn 0 0 -1 
vn 0 0 -1 
vn 0 0 -1 
vn 0 0 -1 
vn -0.937008 -0.338583 0 
vn -0.937008 -0.338583 0 
vn -0.937008 -0.338583 0 
vn -0.937008 -0.338583 0 
vn -0.338583 0.937008 0 
vn -0.338583 0.937008 0 
vn -0.338583 0.937008 0 
vn -0.338583 0.937008 0 
vn 0 0 1 
vn 0 0 1 
vn 0 0 1 
vn 0 0 1 
vn 0.937008 0.338583 0 
vn 0.937008 0.338583 0 
vn 0.937008 0.338583 0 
vn 0.937008 0.338583 0 
vn 0.338583 -0.937008 0 
vn 0.338583 -0.937008 0 
vn 0.338583 -0.937008 0 
vn 0.338583 -0.937008 0 

vt 3.00522 -4 
vt 2.5 -4 
vt 3.00522 -4.85203 
vt 2.5 -4.85203 
vt 3.00388 -4 
vt 2.5 -4 
vt 3.00388 -4.50522 
vt 2.5 -4.50522 
vt 3.00388 -4 
vt 2.5 -4 
vt 3.00388 -4.85203 
vt 2.5 -4.85203 
vt 3.00522 -4 
vt 2.5 -4 
vt 3.00522 -4.85203 
vt 2.5 -4.85203 
vt 3.00388 -4 
vt 2.5 -4 
vt 3.00388 -4.50522 
vt 2.5 -4.50522 
vt 3.00388 -4 
vt 2.5 -4 
vt 3.00388 -4.85203 
vt 2.5 -4.85203 

usemtl Part51Mtl

f 2679/2679/2679 2680/2680/2680 2681/2681/2681 
f 2681/2681/2681 2680/2680/2680 2682/2682/2682 
f 2683/2683/2683 2684/2684/2684 2685/2685/2685 
f 2685/2685/2685 2684/2684/2684 2686/2686/2686 
f 2687/2687/2687 2688/2688/2688 2689/2689/2689 
f 2689/2689/2689 2688/2688/2688 2690/2690/2690 
f 2691/2691/2691 2692/2692/2692 2693/2693/2693 
f 2693/2693/2693 2692/2692/2692 2694/2694/2694 
f 2695/2695/2695 2696/2696/2696 2697/2697/2697 
f 2697/2697/2697 2696/2696/2696 2698/2698/2698 
f 2699/2699/2699 2700/2700/2700 2701/2701/2701 
f 2701/2701/2701 2700/2700/2700 2702/2702/2702 

g Part52

v 113.284 135.742 -0.496827 
v 113.284 135.742 -0.496827 
v 113.833 135.942 -1.10474 
v 113.833 135.942 -0.496827 
v 113.284 135.742 -0.496827 
v 114.667 131.944 -0.496827 
v 113.833 135.942 -0.496827 
v 115.215 132.144 -0.496827 
v 114.667 131.944 -0.496827 
v 114.667 131.944 -0.496827 
v 115.215 132.144 -0.496827 
v 115.215 132.144 -1.10474 
v 115.215 132.144 -1.10474 
v 113.833 135.942 -1.10474 
v 115.215 132.144 -0.496827 
v 113.833 135.942 -0.496827 
v 114.667 131.944 -0.496827 
v 113.284 135.742 -0.496827 
v 115.215 132.144 -1.10474 
v 113.833 135.942 -1.10474 

vn -0.338583 0.937008 0 
vn -0.338583 0.937008 0 
vn -0.338583 0.937008 0 
vn -0.338583 0.937008 0 
vn 0 0 1 
vn 0 0 1 
vn 0 0 1 
vn 0 0 1 
vn 0.338583 -0.937008 0 
vn 0.338583 -0.937008 0 
vn 0.338583 -0.937008 0 
vn 0.338583 -0.937008 0 
vn 0.937008 0.338583 0 
vn 0.937008 0.338583 0 
vn 0.937008 0.338583 0 
vn 0.937008 0.338583 0 
vn -0.677165 -0.244094 -0.692913 
vn -0.677165 -0.244094 -0.692913 
vn -0.677165 -0.244094 -0.692913 
vn -0.677165 -0.244094 -0.692913 

vt 5.25 -6.75 
vt 5.25 -6.75 
vt 5.32599 -6.82297 
vt 5.25 -6.82297 
vt 5.75522 -6.75 
vt 5.25 -6.75 
vt 5.75522 -6.82297 
vt 5.25 -6.82297 
vt 5.32599 -6.75 
vt 5.32599 -6.75 
vt 5.32599 -6.82297 
vt 5.25 -6.82297 
vt 5.75522 -6.75 
vt 5.25 -6.75 
vt 5.75522 -6.82599 
vt 5.25 -6.82599 
vt 5.75522 -6.75 
vt 5.25 -6.75 
vt 5.75522 -6.85535 
vt 5.25 -6.85535 

usemtl Part51Mtl

f 2703/2703/2703 2704/2704/2704 2705/2705/2705 
f 2705/2705/2705 2704/2704/2704 2706/2706/2706 
f 2707/2707/2707 2708/2708/2708 2709/2709/2709 
f 2709/2709/2709 2708/2708/2708 2710/2710/2710 
f 2711/2711/2711 2712/2712/2712 2713/2713/2713 
f 2713/2713/2713 2712/2712/2712 2714/2714/2714 
f 2715/2715/2715 2716/2716/2716 2717/2717/2717 
f 2717/2717/2717 2716/2716/2716 2718/2718/2718 
f 2719/2719/2719 2720/2720/2720 2721/2721/2721 
f 2721/2721/2721 2720/2720/2720 2722/2722/2722 

g Part53

v 122.169 134.675 -0.496827 
v 122.169 134.675 -0.496827 
v 121.62 134.475 -1.10474 
v 121.62 134.475 -0.496827 
v 122.169 134.675 -0.496827 
v 120.787 138.473 -0.496827 
v 121.62 134.475 -0.496827 
v 120.238 138.273 -0.496827 
v 120.787 138.473 -0.496827 
v 120.787 138.473 -0.496827 
v 120.238 138.273 -0.496827 
v 120.238 138.273 -1.10474 
v 120.238 138.273 -1.10474 
v 121.62 134.475 -1.10474 
v 120.238 138.273 -0.496827 
v 121.62 134.475 -0.496827 
v 120.787 138.473 -0.496827 
v 122.169 134.675 -0.496827 
v 120.238 138.273 -1.10474 
v 121.62 134.475 -1.10474 

vn 0.338583 -0.937008 0 
vn 0.338583 -0.937008 0 
vn 0.338583 -0.937008 0 
vn 0.338583 -0.937008 0 
vn 0 0 1 
vn 0 0 1 
vn 0 0 1 
vn 0 0 1 
vn -0.338583 0.937008 0 
vn -0.338583 0.937008 0 
vn -0.338583 0.937008 0 
vn -0.338583 0.937008 0 
vn -0.937008 -0.338583 0 
vn -0.937008 -0.338583 0 
vn -0.937008 -0.338583 0 
vn -0.937008 -0.338583 0 
vn 0.677165 0.244094 -0.692913 
vn 0.677165 0.244094 -0.692913 
vn 0.677165 0.244094 -0.692913 
vn 0.677165 0.244094 -0.692913 

vt 1.25 -6.5 
vt 1.25 -6.5 
vt 1.32599 -6.57297 
vt 1.25 -6.57297 
vt 1.75522 -6.5 
vt 1.25 -6.5 
vt 1.75522 -6.57297 
vt 1.25 -6.57297 
vt 1.32599 -6.5 
vt 1.32599 -6.5 
vt 1.32599 -6.57297 
vt 1.25 -6.57297 
vt 1.75522 -6.5 
vt 1.25 -6.5 
vt 1.75522 -6.57599 
vt 1.25 -6.57599 
vt 1.75522 -6.5 
vt 1.25 -6.5 
vt 1.75522 -6.60535 
vt 1.25 -6.60535 

usemtl Part51Mtl

f 2723/2723/2723 2724/2724/2724 2725/2725/2725 
f 2725/2725/2725 2724/2724/2724 2726/2726/2726 
f 2727/2727/2727 2728/2728/2728 2729/2729/2729 
f 2729/2729/2729 2728/2728/2728 2730/2730/2730 
f 2731/2731/2731 2732/2732/2732 2733/2733/2733 
f 2733/2733/2733 2732/2732/2732 2734/2734/2734 
f 2735/2735/2735 2736/2736/2736 2737/2737/2737 
f 2737/2737/2737 2736/2736/2736 2738/2738/2738 
f 2739/2739/2739 2740/2740/2740 2741/2741/2741 
f 2741/2741/2741 2740/2740/2740 2742/2742/2742 

g Part54

v 114.667 131.944 -0.496739 
v 113.285 135.742 -0.496739 
v 122.174 134.677 -0.496739 
v 120.792 138.475 -0.496739 
v 113.285 135.742 2.32731 
v 113.285 135.742 -0.496739 
v 114.667 131.944 2.32731 
v 114.667 131.944 -0.496739 
v 113.285 135.742 -0.496739 
v 113.285 135.742 2.32731 
v 120.792 138.475 -0.496739 
v 120.792 138.475 2.32731 
v 113.285 135.742 2.32731 
v 114.667 131.944 2.32731 
v 120.792 138.475 2.32731 
v 122.174 134.677 2.32731 
v 122.174 134.677 2.32731 
v 122.174 134.677 -0.496739 
v 120.792 138.475 2.32731 
v 120.792 138.475 -0.496739 
v 114.667 131.944 2.32731 
v 114.667 131.944 -0.496739 
v 122.174 134.677 2.32731 
v 122.174 134.677 -0.496739 

vn 0 0 -1 
vn 0 0 -1 
vn 0 0 -1 
vn 0 0 -1 
vn -0.937008 -0.338583 0 
vn -0.937008 -0.338583 0 
vn -0.937008 -0.338583 0 
vn -0.937008 -0.338583 0 
vn -0.338583 0.937008 0 
vn -0.338583 0.937008 0 
vn -0.338583 0.937008 0 
vn -0.338583 0.937008 0 
vn 0 0 1 
vn 0 0 1 
vn 0 0 1 
vn 0 0 1 
vn 0.937008 0.338583 0 
vn 0.937008 0.338583 0 
vn 0.937008 0.338583 0 
vn 0.937008 0.338583 0 
vn 0.338583 -0.937008 0 
vn 0.338583 -0.937008 0 
vn 0.338583 -0.937008 0 
vn 0.338583 -0.937008 0 

vt 5.75522 -1.25 
vt 5.25 -1.25 
vt 5.75522 -2.24863 
vt 5.25 -2.24863 
vt 5.60301 -1.25 
vt 5.25 -1.25 
vt 5.60301 -1.75522 
vt 5.25 -1.75522 
vt 5.60301 -1.25 
vt 5.25 -1.25 
vt 5.60301 -2.24863 
vt 5.25 -2.24863 
vt 5.75522 -1.25 
vt 5.25 -1.25 
vt 5.75522 -2.24863 
vt 5.25 -2.24863 
vt 5.60301 -1.25 
vt 5.25 -1.25 
vt 5.60301 -1.75522 
vt 5.25 -1.75522 
vt 5.60301 -1.25 
vt 5.25 -1.25 
vt 5.60301 -2.24863 
vt 5.25 -2.24863 

usemtl Part51Mtl

f 2743/2743/2743 2744/2744/2744 2745/2745/2745 
f 2745/2745/2745 2744/2744/2744 2746/2746/2746 
f 2747/2747/2747 2748/2748/2748 2749/2749/2749 
f 2749/2749/2749 2748/2748/2748 2750/2750/2750 
f 2751/2751/2751 2752/2752/2752 2753/2753/2753 
f 2753/2753/2753 2752/2752/2752 2754/2754/2754 
f 2755/2755/2755 2756/2756/2756 2757/2757/2757 
f 2757/2757/2757 2756/2756/2756 2758/2758/2758 
f 2759/2759/2759 2760/2760/2760 2761/2761/2761 
f 2761/2761/2761 2760/2760/2760 2762/2762/2762 
f 2763/2763/2763 2764/2764/2764 2765/2765/2765 
f 2765/2765/2765 2764/2764/2764 2766/2766/2766 

g Part55

v 114.667 131.944 2.32715 
v 114.667 131.944 2.32715 
v 115.215 132.144 2.93506 
v 115.215 132.144 2.32715 
v 114.667 131.944 2.32715 
v 113.284 135.742 2.32715 
v 115.215 132.144 2.32715 
v 113.833 135.942 2.32715 
v 113.284 135.742 2.32715 
v 113.284 135.742 2.32715 
v 113.833 135.942 2.32715 
v 113.833 135.942 2.93506 
v 113.833 135.942 2.93506 
v 115.215 132.144 2.93506 
v 113.833 135.942 2.32715 
v 115.215 132.144 2.32715 
v 113.284 135.742 2.32715 
v 114.667 131.944 2.32715 
v 113.833 135.942 2.93506 
v 115.215 132.144 2.93506 

vn 0.338583 -0.937008 0 
vn 0.338583 -0.937008 0 
vn 0.338583 -0.937008 0 
vn 0.338583 -0.937008 0 
vn 0 0 -1 
vn 0 0 -1 
vn 0 0 -1 
vn 0 0 -1 
vn -0.338583 0.937008 0 
vn -0.338583 0.937008 0 
vn -0.338583 0.937008 0 
vn -0.338583 0.937008 0 
vn 0.937008 0.338583 0 
vn 0.937008 0.338583 0 
vn 0.937008 0.338583 0 
vn 0.937008 0.338583 0 
vn -0.677165 -0.244094 0.692913 
vn -0.677165 -0.244094 0.692913 
vn -0.677165 -0.244094 0.692913 
vn -0.677165 -0.244094 0.692913 

vt 4 -5.25 
vt 4 -5.25 
vt 4.07599 -5.32297 
vt 4 -5.32297 
vt 4.50522 -5.25 
vt 4 -5.25 
vt 4.50522 -5.32297 
vt 4 -5.32297 
vt 4.07599 -5.25 
vt 4.07599 -5.25 
vt 4.07599 -5.32297 
vt 4 -5.32297 
vt 4.50522 -5.25 
vt 4 -5.25 
vt 4.50522 -5.32599 
vt 4 -5.32599 
vt 4.50522 -5.25 
vt 4 -5.25 
vt 4.50522 -5.35535 
vt 4 -5.35535 

usemtl Part51Mtl

f 2767/2767/2767 2768/2768/2768 2769/2769/2769 
f 2769/2769/2769 2768/2768/2768 2770/2770/2770 
f 2771/2771/2771 2772/2772/2772 2773/2773/2773 
f 2773/2773/2773 2772/2772/2772 2774/2774/2774 
f 2775/2775/2775 2776/2776/2776 2777/2777/2777 
f 2777/2777/2777 2776/2776/2776 2778/2778/2778 
f 2779/2779/2779 2780/2780/2780 2781/2781/2781 
f 2781/2781/2781 2780/2780/2780 2782/2782/2782 
f 2783/2783/2783 2784/2784/2784 2785/2785/2785 
f 2785/2785/2785 2784/2784/2784 2786/2786/2786 

g Part56

v 120.787 138.473 2.32715 
v 120.787 138.473 2.32715 
v 120.238 138.273 2.93506 
v 120.238 138.273 2.32715 
v 120.787 138.473 2.32715 
v 122.169 134.675 2.32715 
v 120.238 138.273 2.32715 
v 121.62 134.475 2.32715 
v 122.169 134.675 2.32715 
v 122.169 134.675 2.32715 
v 121.62 134.475 2.32715 
v 121.62 134.475 2.93506 
v 121.62 134.475 2.93506 
v 120.238 138.273 2.93506 
v 121.62 134.475 2.32715 
v 120.238 138.273 2.32715 
v 122.169 134.675 2.32715 
v 120.787 138.473 2.32715 
v 121.62 134.475 2.93506 
v 120.238 138.273 2.93506 

vn -0.338583 0.937008 0 
vn -0.338583 0.937008 0 
vn -0.338583 0.937008 0 
vn -0.338583 0.937008 0 
vn 0 0 -1 
vn 0 0 -1 
vn 0 0 -1 
vn 0 0 -1 
vn 0.338583 -0.937008 0 
vn 0.338583 -0.937008 0 
vn 0.338583 -0.937008 0 
vn 0.338583 -0.937008 0 
vn -0.937008 -0.338583 0 
vn -0.937008 -0.338583 0 
vn -0.937008 -0.338583 0 
vn -0.937008 -0.338583 0 
vn 0.677165 0.244094 0.692913 
vn 0.677165 0.244094 0.692913 
vn 0.677165 0.244094 0.692913 
vn 0.677165 0.244094 0.692913 

vt 4 -0.25 
vt 4 -0.25 
vt 4.07599 -0.322967 
vt 4 -0.322967 
vt 4.50522 -0.25 
vt 4 -0.25 
vt 4.50522 -0.322967 
vt 4 -0.322967 
vt 4.07599 -0.25 
vt 4.07599 -0.25 
vt 4.07599 -0.322967 
vt 4 -0.322967 
vt 4.50522 -0.25 
vt 4 -0.25 
vt 4.50522 -0.325989 
vt 4 -0.325989 
vt 4.50522 -0.25 
vt 4 -0.25 
vt 4.50522 -0.35535 
vt 4 -0.35535 

usemtl Part51Mtl

f 2787/2787/2787 2788/2788/2788 2789/2789/2789 
f 2789/2789/2789 2788/2788/2788 2790/2790/2790 
f 2791/2791/2791 2792/2792/2792 2793/2793/2793 
f 2793/2793/2793 2792/2792/2792 2794/2794/2794 
f 2795/2795/2795 2796/2796/2796 2797/2797/2797 
f 2797/2797/2797 2796/2796/2796 2798/2798/2798 
f 2799/2799/2799 2800/2800/2800 2801/2801/2801 
f 2801/2801/2801 2800/2800/2800 2802/2802/2802 
f 2803/2803/2803 2804/2804/2804 2805/2805/2805 
f 2805/2805/2805 2804/2804/2804 2806/2806/2806 

g Part57

v 123.509 115.844 12.2219 
v 123.509 115.844 1.45092 
v 123.509 114.862 12.2219 
v 123.509 114.862 1.45092 
v 125.474 115.844 1.45092 
v 123.509 115.844 1.45092 
v 125.474 115.844 12.2219 
v 123.509 115.844 12.2219 
v 123.509 115.844 1.45092 
v 125.474 115.844 1.45092 
v 123.509 114.862 1.45092 
v 125.474 114.862 1.45092 
v 125.474 115.844 1.45092 
v 125.474 115.844 12.2219 
v 125.474 114.862 1.45092 
v 125.474 114.862 12.2219 
v 125.474 114.862 12.2219 
v 123.509 114.862 12.2219 
v 125.474 114.862 1.45092 
v 123.509 114.862 1.45092 
v 125.474 115.844 12.2219 
v 123.509 115.844 12.2219 
v 125.474 114.862 12.2219 
v 123.509 114.862 12.2219 

vn -1 0 0 
vn -1 0 0 
vn -1 0 0 
vn -1 0 0 
vn 0 1 0 
vn 0 1 0 
vn 0 1 0 
vn 0 1 0 
vn 0 0 -1 
vn 0 0 -1 
vn 0 0 -1 
vn 0 0 -1 
vn 1 0 0 
vn 1 0 0 
vn 1 0 0 
vn 1 0 0 
vn 0 -1 0 
vn 0 -1 0 
vn 0 -1 0 
vn 0 -1 0 
vn 0 0 1 
vn 0 0 1 
vn 0 0 1 
vn 0 0 1 

vt 2.09638 -3 
vt 0.75 -3 
vt 2.09638 -3.1228 
vt 0.75 -3.1228 
vt 0.995597 -3 
vt 0.75 -3 
vt 0.995597 -4.34638 
vt 0.75 -4.34638 
vt 0.995597 -3 
vt 0.75 -3 
vt 0.995597 -3.1228 
vt 0.75 -3.1228 
vt 2.09638 -3 
vt 0.75 -3 
vt 2.09638 -3.1228 
vt 0.75 -3.1228 
vt 0.995597 -3 
vt 0.75 -3 
vt 0.995597 -4.34638 
vt 0.75 -4.34638 
vt 0.995597 -3 
vt 0.75 -3 
vt 0.995597 -3.1228 
vt 0.75 -3.1228 

usemtl Part1Mtl

f 2807/2807/2807 2808/2808/2808 2809/2809/2809 
f 2809/2809/2809 2808/2808/2808 2810/2810/2810 
f 2811/2811/2811 2812/2812/2812 2813/2813/2813 
f 2813/2813/2813 2812/2812/2812 2814/2814/2814 
f 2815/2815/2815 2816/2816/2816 2817/2817/2817 
f 2817/2817/2817 2816/2816/2816 2818/2818/2818 
f 2819/2819/2819 2820/2820/2820 2821/2821/2821 
f 2821/2821/2821 2820/2820/2820 2822/2822/2822 
f 2823/2823/2823 2824/2824/2824 2825/2825/2825 
f 2825/2825/2825 2824/2824/2824 2826/2826/2826 
f 2827/2827/2827 2828/2828/2828 2829/2829/2829 
f 2829/2829/2829 2828/2828/2828 2830/2830/2830 

g Part58

v 125.474 115.827 12.222 
v 125.474 115.827 12.222 
v 123.509 115.827 14.1867 
v 123.509 115.827 12.222 
v 125.474 115.827 12.222 
v 125.474 114.845 12.222 
v 123.509 115.827 12.222 
v 123.509 114.845 12.222 
v 125.474 114.845 12.222 
v 125.474 114.845 12.222 
v 123.509 114.845 12.222 
v 123.509 114.845 14.1867 
v 123.509 114.845 14.1867 
v 123.509 115.827 14.1867 
v 123.509 114.845 12.222 
v 123.509 115.827 12.222 
v 125.474 114.845 12.222 
v 125.474 115.827 12.222 
v 123.509 114.845 14.1867 
v 123.509 115.827 14.1867 

vn 0 1 0 
vn 0 1 0 
vn 0 1 0 
vn 0 1 0 
vn 0 0 -1 
vn 0 0 -1 
vn 0 0 -1 
vn 0 0 -1 
vn 0 -1 0 
vn 0 -1 0 
vn 0 -1 0 
vn 0 -1 0 
vn -1 0 0 
vn -1 0 0 
vn -1 0 0 
vn -1 0 0 
vn 0.708661 0 0.708661 
vn 0.708661 0 0.708661 
vn 0.708661 0 0.708661 
vn 0.708661 0 0.708661 

vt 7 0.5 
vt 7 0.5 
vt 7.2456 0.254403 
vt 7 0.254403 
vt 7.1228 0.5 
vt 7 0.5 
vt 7.1228 0.254403 
vt 7 0.254403 
vt 7.2456 0.5 
vt 7.2456 0.5 
vt 7.2456 0.254403 
vt 7 0.254403 
vt 7.1228 0.5 
vt 7 0.5 
vt 7.1228 0.254403 
vt 7 0.254403 
vt 7.1228 0.5 
vt 7 0.5 
vt 7.1228 0.152673 
vt 7 0.152673 

usemtl Part1Mtl

f 2831/2831/2831 2832/2832/2832 2833/2833/2833 
f 2833/2833/2833 2832/2832/2832 2834/2834/2834 
f 2835/2835/2835 2836/2836/2836 2837/2837/2837 
f 2837/2837/2837 2836/2836/2836 2838/2838/2838 
f 2839/2839/2839 2840/2840/2840 2841/2841/2841 
f 2841/2841/2841 2840/2840/2840 2842/2842/2842 
f 2843/2843/2843 2844/2844/2844 2845/2845/2845 
f 2845/2845/2845 2844/2844/2844 2846/2846/2846 
f 2847/2847/2847 2848/2848/2848 2849/2849/2849 
f 2849/2849/2849 2848/2848/2848 2850/2850/2850 

g Part59

v 123.509 115.845 -0.51388 
v 123.509 115.845 -0.51388 
v 125.474 115.845 1.45089 
v 123.509 115.845 1.45089 
v 123.509 115.845 -0.51388 
v 123.509 114.863 -0.51388 
v 123.509 115.845 1.45089 
v 123.509 114.863 1.45089 
v 123.509 114.863 -0.51388 
v 123.509 114.863 -0.51388 
v 123.509 114.863 1.45089 
v 125.474 114.863 1.45089 
v 125.474 114.863 1.45089 
v 125.474 115.845 1.45089 
v 123.509 114.863 1.45089 
v 123.509 115.845 1.45089 
v 123.509 114.863 -0.51388 
v 123.509 115.845 -0.51388 
v 125.474 114.863 1.45089 
v 125.474 115.845 1.45089 

vn 0 1 0 
vn 0 1 0 
vn 0 1 0 
vn 0 1 0 
vn -1 0 0 
vn -1 0 0 
vn -1 0 0 
vn -1 0 0 
vn 0 -1 0 
vn 0 -1 0 
vn 0 -1 0 
vn 0 -1 0 
vn 0 0 1 
vn 0 0 1 
vn 0 0 1 
vn 0 0 1 
vn 0.708661 0 -0.708661 
vn 0.708661 0 -0.708661 
vn 0.708661 0 -0.708661 
vn 0.708661 0 -0.708661 

vt 2.5 -4.75 
vt 2.5 -4.75 
vt 2.7456 -4.9956 
vt 2.5 -4.9956 
vt 2.6228 -4.75 
vt 2.5 -4.75 
vt 2.6228 -4.9956 
vt 2.5 -4.9956 
vt 2.7456 -4.75 
vt 2.7456 -4.75 
vt 2.7456 -4.9956 
vt 2.5 -4.9956 
vt 2.6228 -4.75 
vt 2.5 -4.75 
vt 2.6228 -4.9956 
vt 2.5 -4.9956 
vt 2.6228 -4.75 
vt 2.5 -4.75 
vt 2.6228 -5.09733 
vt 2.5 -5.09733 

usemtl Part1Mtl

f 2851/2851/2851 2852/2852/2852 2853/2853/2853 
f 2853/2853/2853 2852/2852/2852 2854/2854/2854 
f 2855/2855/2855 2856/2856/2856 2857/2857/2857 
f 2857/2857/2857 2856/2856/2856 2858/2858/2858 
f 2859/2859/2859 2860/2860/2860 2861/2861/2861 
f 2861/2861/2861 2860/2860/2860 2862/2862/2862 
f 2863/2863/2863 2864/2864/2864 2865/2865/2865 
f 2865/2865/2865 2864/2864/2864 2866/2866/2866 
f 2867/2867/2867 2868/2868/2868 2869/2869/2869 
f 2869/2869/2869 2868/2868/2868 2870/2870/2870 

g Part60

v 110.738 115.844 14.2219 
v 110.738 115.844 -0.549088 
v 110.738 114.862 14.2219 
v 110.738 114.862 -0.549088 
v 123.509 115.844 -0.549088 
v 110.738 115.844 -0.549088 
v 123.509 115.844 14.2219 
v 110.738 115.844 14.2219 
v 110.738 115.844 -0.549088 
v 123.509 115.844 -0.549088 
v 110.738 114.862 -0.549088 
v 123.509 114.862 -0.549088 
v 123.509 115.844 -0.549088 
v 123.509 115.844 14.2219 
v 123.509 114.862 -0.549088 
v 123.509 114.862 14.2219 
v 123.509 114.862 14.2219 
v 110.738 114.862 14.2219 
v 123.509 114.862 -0.549088 
v 110.738 114.862 -0.549088 
v 123.509 115.844 14.2219 
v 110.738 115.844 14.2219 
v 123.509 114.862 14.2219 
v 110.738 114.862 14.2219 

vn -1 0 0 
vn -1 0 0 
vn -1 0 0 
vn -1 0 0 
vn 0 1 0 
vn 0 1 0 
vn 0 1 0 
vn 0 1 0 
vn 0 0 -1 
vn 0 0 -1 
vn 0 0 -1 
vn 0 0 -1 
vn 1 0 0 
vn 1 0 0 
vn 1 0 0 
vn 1 0 0 
vn 0 -1 0 
vn 0 -1 0 
vn 0 -1 0 
vn 0 -1 0 
vn 0 0 1 
vn 0 0 1 
vn 0 0 1 
vn 0 0 1 

vt 5.59639 -3 
vt 3.75 -3 
vt 5.59639 -3.1228 
vt 3.75 -3.1228 
vt 5.34638 -3 
vt 3.75 -3 
vt 5.34638 -4.84639 
vt 3.75 -4.84639 
vt 5.34638 -3 
vt 3.75 -3 
vt 5.34638 -3.1228 
vt 3.75 -3.1228 
vt 5.59639 -3 
vt 3.75 -3 
vt 5.59639 -3.1228 
vt 3.75 -3.1228 
vt 5.34638 -3 
vt 3.75 -3 
vt 5.34638 -4.84639 
vt 3.75 -4.84639 
vt 5.34638 -3 
vt 3.75 -3 
vt 5.34638 -3.1228 
vt 3.75 -3.1228 

usemtl Part1Mtl

f 2871/2871/2871 2872/2872/2872 2873/2873/2873 
f 2873/2873/2873 2872/2872/2872 2874/2874/2874 
f 2875/2875/2875 2876/2876/2876 2877/2877/2877 
f 2877/2877/2877 2876/2876/2876 2878/2878/2878 
f 2879/2879/2879 2880/2880/2880 2881/2881/2881 
f 2881/2881/2881 2880/2880/2880 2882/2882/2882 
f 2883/2883/2883 2884/2884/2884 2885/2885/2885 
f 2885/2885/2885 2884/2884/2884 2886/2886/2886 
f 2887/2887/2887 2888/2888/2888 2889/2889/2889 
f 2889/2889/2889 2888/2888/2888 2890/2890/2890 
f 2891/2891/2891 2892/2892/2892 2893/2893/2893 
f 2893/2893/2893 2892/2892/2892 2894/2894/2894 

g Part61

v 110.985 115.589 15.0391 
v 110.985 115.589 -1.33058 
v 110.985 115.117 15.0391 
v 110.985 115.117 -1.33058 
v 123.262 115.589 -1.33058 
v 110.985 115.589 -1.33058 
v 123.262 115.589 15.0391 
v 110.985 115.589 15.0391 
v 110.985 115.589 -1.33058 
v 123.262 115.589 -1.33058 
v 110.985 115.117 -1.33058 
v 123.262 115.117 -1.33058 
v 123.262 115.589 -1.33058 
v 123.262 115.589 15.0391 
v 123.262 115.117 -1.33058 
v 123.262 115.117 15.0391 
v 123.262 115.117 15.0391 
v 110.985 115.117 15.0391 
v 123.262 115.117 -1.33058 
v 110.985 115.117 -1.33058 
v 123.262 115.589 15.0391 
v 110.985 115.589 15.0391 
v 123.262 115.117 15.0391 
v 110.985 115.117 15.0391 

vn -1 0 0 
vn -1 0 0 
vn -1 0 0 
vn -1 0 0 
vn 0 1 0 
vn 0 1 0 
vn 0 1 0 
vn 0 1 0 
vn 0 0 -1 
vn 0 0 -1 
vn 0 0 -1 
vn 0 0 -1 
vn 1 0 0 
vn 1 0 0 
vn 1 0 0 
vn 1 0 0 
vn 0 -1 0 
vn 0 -1 0 
vn 0 -1 0 
vn 0 -1 0 
vn 0 0 1 
vn 0 0 1 
vn 0 0 1 
vn 0 0 1 

vt 9.29621 -0.25 
vt 7.25 -0.25 
vt 9.29621 -0.308979 
vt 7.25 -0.308979 
vt 8.78461 -0.25 
vt 7.25 -0.25 
vt 8.78461 -2.29621 
vt 7.25 -2.29621 
vt 8.78461 -0.25 
vt 7.25 -0.25 
vt 8.78461 -0.308979 
vt 7.25 -0.308979 
vt 9.29621 -0.25 
vt 7.25 -0.25 
vt 9.29621 -0.308979 
vt 7.25 -0.308979 
vt 8.78461 -0.25 
vt 7.25 -0.25 
vt 8.78461 -2.29621 
vt 7.25 -2.29621 
vt 8.78461 -0.25 
vt 7.25 -0.25 
vt 8.78461 -0.308979 
vt 7.25 -0.308979 

usemtl Part10Mtl

f 2895/2895/2895 2896/2896/2896 2897/2897/2897 
f 2897/2897/2897 2896/2896/2896 2898/2898/2898 
f 2899/2899/2899 2900/2900/2900 2901/2901/2901 
f 2901/2901/2901 2900/2900/2900 2902/2902/2902 
f 2903/2903/2903 2904/2904/2904 2905/2905/2905 
f 2905/2905/2905 2904/2904/2904 2906/2906/2906 
f 2907/2907/2907 2908/2908/2908 2909/2909/2909 
f 2909/2909/2909 2908/2908/2908 2910/2910/2910 
f 2911/2911/2911 2912/2912/2912 2913/2913/2913 
f 2913/2913/2913 2912/2912/2912 2914/2914/2914 
f 2915/2915/2915 2916/2916/2916 2917/2917/2917 
f 2917/2917/2917 2916/2916/2916 2918/2918/2918 

g Part62

v 126.095 115.589 12.2219 
v 126.095 115.589 12.2219 
v 123.262 115.589 15.055 
v 123.262 115.589 12.2219 
v 126.095 115.589 12.2219 
v 126.095 115.117 12.2219 
v 123.262 115.589 12.2219 
v 123.262 115.117 12.2219 
v 126.095 115.117 12.2219 
v 126.095 115.117 12.2219 
v 123.262 115.117 12.2219 
v 123.262 115.117 15.055 
v 123.262 115.117 15.055 
v 123.262 115.589 15.055 
v 123.262 115.117 12.2219 
v 123.262 115.589 12.2219 
v 126.095 115.117 12.2219 
v 126.095 115.589 12.2219 
v 123.262 115.117 15.055 
v 123.262 115.589 15.055 

vn 0 1 0 
vn 0 1 0 
vn 0 1 0 
vn 0 1 0 
vn 0 0 -1 
vn 0 0 -1 
vn 0 0 -1 
vn 0 0 -1 
vn 0 -1 0 
vn 0 -1 0 
vn 0 -1 0 
vn 0 -1 0 
vn -1 0 0 
vn -1 0 0 
vn -1 0 0 
vn -1 0 0 
vn 0.708661 0 0.708661 
vn 0.708661 0 0.708661 
vn 0.708661 0 0.708661 
vn 0.708661 0 0.708661 

vt 4 -4.25 
vt 4 -4.25 
vt 4.35414 -4.60414 
vt 4 -4.60414 
vt 4.05898 -4.25 
vt 4 -4.25 
vt 4.05898 -4.60414 
vt 4 -4.60414 
vt 4.35414 -4.25 
vt 4.35414 -4.25 
vt 4.35414 -4.60414 
vt 4 -4.60414 
vt 4.05898 -4.25 
vt 4 -4.25 
vt 4.05898 -4.60414 
vt 4 -4.60414 
vt 4.05898 -4.25 
vt 4 -4.25 
vt 4.05898 -4.75083 
vt 4 -4.75083 

usemtl Part10Mtl

f 2919/2919/2919 2920/2920/2920 2921/2921/2921 
f 2921/2921/2921 2920/2920/2920 2922/2922/2922 
f 2923/2923/2923 2924/2924/2924 2925/2925/2925 
f 2925/2925/2925 2924/2924/2924 2926/2926/2926 
f 2927/2927/2927 2928/2928/2928 2929/2929/2929 
f 2929/2929/2929 2928/2928/2928 2930/2930/2930 
f 2931/2931/2931 2932/2932/2932 2933/2933/2933 
f 2933/2933/2933 2932/2932/2932 2934/2934/2934 
f 2935/2935/2935 2936/2936/2936 2937/2937/2937 
f 2937/2937/2937 2936/2936/2936 2938/2938/2938 

g Part63

v 123.262 115.589 -1.38214 
v 123.262 115.589 -1.38214 
v 126.095 115.589 1.45098 
v 123.262 115.589 1.45098 
v 123.262 115.589 -1.38214 
v 123.262 115.117 -1.38214 
v 123.262 115.589 1.45098 
v 123.262 115.117 1.45098 
v 123.262 115.117 -1.38214 
v 123.262 115.117 -1.38214 
v 123.262 115.117 1.45098 
v 126.095 115.117 1.45098 
v 126.095 115.117 1.45098 
v 126.095 115.589 1.45098 
v 123.262 115.117 1.45098 
v 123.262 115.589 1.45098 
v 123.262 115.117 -1.38214 
v 123.262 115.589 -1.38214 
v 126.095 115.117 1.45098 
v 126.095 115.589 1.45098 

vn 0 1 0 
vn 0 1 0 
vn 0 1 0 
vn 0 1 0 
vn -1 0 0 
vn -1 0 0 
vn -1 0 0 
vn -1 0 0 
vn 0 -1 0 
vn 0 -1 0 
vn 0 -1 0 
vn 0 -1 0 
vn 0 0 1 
vn 0 0 1 
vn 0 0 1 
vn 0 0 1 
vn 0.708661 0 -0.708661 
vn 0.708661 0 -0.708661 
vn 0.708661 0 -0.708661 
vn 0.708661 0 -0.708661 

vt 5.75 -5.25 
vt 5.75 -5.25 
vt 6.10414 -5.60414 
vt 5.75 -5.60414 
vt 5.80898 -5.25 
vt 5.75 -5.25 
vt 5.80898 -5.60414 
vt 5.75 -5.60414 
vt 6.10414 -5.25 
vt 6.10414 -5.25 
vt 6.10414 -5.60414 
vt 5.75 -5.60414 
vt 5.80898 -5.25 
vt 5.75 -5.25 
vt 5.80898 -5.60414 
vt 5.75 -5.60414 
vt 5.80898 -5.25 
vt 5.75 -5.25 
vt 5.80898 -5.75083 
vt 5.75 -5.75083 

usemtl Part10Mtl

f 2939/2939/2939 2940/2940/2940 2941/2941/2941 
f 2941/2941/2941 2940/2940/2940 2942/2942/2942 
f 2943/2943/2943 2944/2944/2944 2945/2945/2945 
f 2945/2945/2945 2944/2944/2944 2946/2946/2946 
f 2947/2947/2947 2948/2948/2948 2949/2949/2949 
f 2949/2949/2949 2948/2948/2948 2950/2950/2950 
f 2951/2951/2951 2952/2952/2952 2953/2953/2953 
f 2953/2953/2953 2952/2952/2952 2954/2954/2954 
f 2955/2955/2955 2956/2956/2956 2957/2957/2957 
f 2957/2957/2957 2956/2956/2956 2958/2958/2958 

g Part64

v 117.599 135.848 8.7588 
v 117.599 135.848 8.7588 
v 117.599 136.602 9.54393 
v 117.599 136.602 8.7588 
v 117.599 135.848 8.7588 
v 112.379 135.848 8.7588 
v 117.599 136.602 8.7588 
v 112.379 136.602 8.7588 
v 112.379 135.848 8.7588 
v 112.379 135.848 8.7588 
v 112.379 136.602 8.7588 
v 112.379 136.602 9.54393 
v 112.379 136.602 9.54393 
v 117.599 136.602 9.54393 
v 112.379 136.602 8.7588 
v 117.599 136.602 8.7588 
v 112.379 135.848 8.7588 
v 117.599 135.848 8.7588 
v 112.379 136.602 9.54393 
v 117.599 136.602 9.54393 

vn 1 0 0 
vn 1 0 0 
vn 1 0 0 
vn 1 0 0 
vn 0 0 -1 
vn 0 0 -1 
vn 0 0 -1 
vn 0 0 -1 
vn -1 0 0 
vn -1 0 0 
vn -1 0 0 
vn -1 0 0 
vn 0 1 0 
vn 0 1 0 
vn 0 1 0 
vn 0 1 0 
vn 0 -0.724409 0.692913 
vn 0 -0.724409 0.692913 
vn 0 -0.724409 0.692913 
vn 0 -0.724409 0.692913 

vt 6.75 -6 
vt 6.75 -6 
vt 6.84814 -6.09424 
vt 6.75 -6.09424 
vt 7.40251 -6 
vt 6.75 -6 
vt 7.40251 -6.09424 
vt 6.75 -6.09424 
vt 6.84814 -6 
vt 6.84814 -6 
vt 6.84814 -6.09424 
vt 6.75 -6.09424 
vt 7.40251 -6 
vt 6.75 -6 
vt 7.40251 -6.09814 
vt 6.75 -6.09814 
vt 7.40251 -6 
vt 6.75 -6 
vt 7.40251 -6.13606 
vt 6.75 -6.13606 

usemtl Part51Mtl

f 2959/2959/2959 2960/2960/2960 2961/2961/2961 
f 2961/2961/2961 2960/2960/2960 2962/2962/2962 
f 2963/2963/2963 2964/2964/2964 2965/2965/2965 
f 2965/2965/2965 2964/2964/2964 2966/2966/2966 
f 2967/2967/2967 2968/2968/2968 2969/2969/2969 
f 2969/2969/2969 2968/2968/2968 2970/2970/2970 
f 2971/2971/2971 2972/2972/2972 2973/2973/2973 
f 2973/2973/2973 2972/2972/2972 2974/2974/2974 
f 2975/2975/2975 2976/2976/2976 2977/2977/2977 
f 2977/2977/2977 2976/2976/2976 2978/2978/2978 

g Part65

v 112.379 140.993 5.11138 
v 117.599 140.993 5.11138 
v 112.379 135.841 5.11138 
v 117.599 135.841 5.11138 
v 117.599 140.993 8.75874 
v 117.599 140.993 5.11138 
v 112.379 140.993 8.75874 
v 112.379 140.993 5.11138 
v 117.599 140.993 5.11138 
v 117.599 140.993 8.75874 
v 117.599 135.841 5.11138 
v 117.599 135.841 8.75874 
v 117.599 140.993 8.75874 
v 112.379 140.993 8.75874 
v 117.599 135.841 8.75874 
v 112.379 135.841 8.75874 
v 112.379 135.841 8.75874 
v 112.379 135.841 5.11138 
v 117.599 135.841 8.75874 
v 117.599 135.841 5.11138 
v 112.379 140.993 8.75874 
v 112.379 140.993 5.11138 
v 112.379 135.841 8.75874 
v 112.379 135.841 5.11138 

vn 0 0 -1 
vn 0 0 -1 
vn 0 0 -1 
vn 0 0 -1 
vn 0 1 0 
vn 0 1 0 
vn 0 1 0 
vn 0 1 0 
vn 1 0 0 
vn 1 0 0 
vn 1 0 0 
vn 1 0 0 
vn 0 0 1 
vn 0 0 1 
vn 0 0 1 
vn 0 0 1 
vn 0 -1 0 
vn 0 -1 0 
vn 0 -1 0 
vn 0 -1 0 
vn -1 0 0 
vn -1 0 0 
vn -1 0 0 
vn -1 0 0 

vt 5.65251 -1.5 
vt 5 -1.5 
vt 5.65251 -2.14399 
vt 5 -2.14399 
vt 5.45592 -1.5 
vt 5 -1.5 
vt 5.45592 -2.15251 
vt 5 -2.15251 
vt 5.45592 -1.5 
vt 5 -1.5 
vt 5.45592 -2.14399 
vt 5 -2.14399 
vt 5.65251 -1.5 
vt 5 -1.5 
vt 5.65251 -2.14399 
vt 5 -2.14399 
vt 5.45592 -1.5 
vt 5 -1.5 
vt 5.45592 -2.15251 
vt 5 -2.15251 
vt 5.45592 -1.5 
vt 5 -1.5 
vt 5.45592 -2.14399 
vt 5 -2.14399 

usemtl Part51Mtl

f 2979/2979/2979 2980/2980/2980 2981/2981/2981 
f 2981/2981/2981 2980/2980/2980 2982/2982/2982 
f 2983/2983/2983 2984/2984/2984 2985/2985/2985 
f 2985/2985/2985 2984/2984/2984 2986/2986/2986 
f 2987/2987/2987 2988/2988/2988 2989/2989/2989 
f 2989/2989/2989 2988/2988/2988 2990/2990/2990 
f 2991/2991/2991 2992/2992/2992 2993/2993/2993 
f 2993/2993/2993 2992/2992/2992 2994/2994/2994 
f 2995/2995/2995 2996/2996/2996 2997/2997/2997 
f 2997/2997/2997 2996/2996/2996 2998/2998/2998 
f 2999/2999/2999 3000/3000/3000 3001/3001/3001 
f 3001/3001/3001 3000/3000/3000 3002/3002/3002 

g Part66

v 112.379 140.239 4.32633 
v 117.599 140.239 4.32633 
v 112.379 136.602 4.32633 
v 117.599 136.602 4.32633 
v 117.599 140.239 9.53256 
v 117.599 140.239 4.32633 
v 112.379 140.239 9.53256 
v 112.379 140.239 4.32633 
v 117.599 140.239 4.32633 
v 117.599 140.239 9.53256 
v 117.599 136.602 4.32633 
v 117.599 136.602 9.53256 
v 117.599 140.239 9.53256 
v 112.379 140.239 9.53256 
v 117.599 136.602 9.53256 
v 112.379 136.602 9.53256 
v 112.379 136.602 9.53256 
v 112.379 136.602 4.32633 
v 117.599 136.602 9.53256 
v 117.599 136.602 4.32633 
v 112.379 140.239 9.53256 
v 112.379 140.239 4.32633 
v 112.379 136.602 9.53256 
v 112.379 136.602 4.32633 

vn 0 0 -1 
vn 0 0 -1 
vn 0 0 -1 
vn 0 0 -1 
vn 0 1 0 
vn 0 1 0 
vn 0 1 0 
vn 0 1 0 
vn 1 0 0 
vn 1 0 0 
vn 1 0 0 
vn 1 0 0 
vn 0 0 1 
vn 0 0 1 
vn 0 0 1 
vn 0 0 1 
vn 0 -1 0 
vn 0 -1 0 
vn 0 -1 0 
vn 0 -1 0 
vn -1 0 0 
vn -1 0 0 
vn -1 0 0 
vn -1 0 0 

vt 4.65251 -1.5 
vt 4 -1.5 
vt 4.65251 -1.95466 
vt 4 -1.95466 
vt 4.65078 -1.5 
vt 4 -1.5 
vt 4.65078 -2.15251 
vt 4 -2.15251 
vt 4.65078 -1.5 
vt 4 -1.5 
vt 4.65078 -1.95466 
vt 4 -1.95466 
vt 4.65251 -1.5 
vt 4 -1.5 
vt 4.65251 -1.95466 
vt 4 -1.95466 
vt 4.65078 -1.5 
vt 4 -1.5 
vt 4.65078 -2.15251 
vt 4 -2.15251 
vt 4.65078 -1.5 
vt 4 -1.5 
vt 4.65078 -1.95466 
vt 4 -1.95466 

usemtl Part51Mtl

f 3003/3003/3003 3004/3004/3004 3005/3005/3005 
f 3005/3005/3005 3004/3004/3004 3006/3006/3006 
f 3007/3007/3007 3008/3008/3008 3009/3009/3009 
f 3009/3009/3009 3008/3008/3008 3010/3010/3010 
f 3011/3011/3011 3012/3012/3012 3013/3013/3013 
f 3013/3013/3013 3012/3012/3012 3014/3014/3014 
f 3015/3015/3015 3016/3016/3016 3017/3017/3017 
f 3017/3017/3017 3016/3016/3016 3018/3018/3018 
f 3019/3019/3019 3020/3020/3020 3021/3021/3021 
f 3021/3021/3021 3020/3020/3020 3022/3022/3022 
f 3023/3023/3023 3024/3024/3024 3025/3025/3025 
f 3025/3025/3025 3024/3024/3024 3026/3026/3026 

g Part67

v 112.379 135.848 5.11132 
v 112.379 135.848 5.11132 
v 112.379 136.602 4.32618 
v 112.379 136.602 5.11132 
v 112.379 135.848 5.11132 
v 117.599 135.848 5.11132 
v 112.379 136.602 5.11132 
v 117.599 136.602 5.11132 
v 117.599 135.848 5.11132 
v 117.599 135.848 5.11132 
v 117.599 136.602 5.11132 
v 117.599 136.602 4.32618 
v 117.599 136.602 4.32618 
v 112.379 136.602 4.32618 
v 117.599 136.602 5.11132 
v 112.379 136.602 5.11132 
v 117.599 135.848 5.11132 
v 112.379 135.848 5.11132 
v 117.599 136.602 4.32618 
v 112.379 136.602 4.32618 

vn -1 0 0 
vn -1 0 0 
vn -1 0 0 
vn -1 0 0 
vn 0 0 1 
vn 0 0 1 
vn 0 0 1 
vn 0 0 1 
vn 1 0 0 
vn 1 0 0 
vn 1 0 0 
vn 1 0 0 
vn 0 1 0 
vn 0 1 0 
vn 0 1 0 
vn 0 1 0 
vn 0 -0.724409 -0.692913 
vn 0 -0.724409 -0.692913 
vn 0 -0.724409 -0.692913 
vn 0 -0.724409 -0.692913 

vt 1.75 -5 
vt 1.75 -5 
vt 1.84814 -5.09424 
vt 1.75 -5.09424 
vt 2.40251 -5 
vt 1.75 -5 
vt 2.40251 -5.09424 
vt 1.75 -5.09424 
vt 1.84814 -5 
vt 1.84814 -5 
vt 1.84814 -5.09424 
vt 1.75 -5.09424 
vt 2.40251 -5 
vt 1.75 -5 
vt 2.40251 -5.09814 
vt 1.75 -5.09814 
vt 2.40251 -5 
vt 1.75 -5 
vt 2.40251 -5.13606 
vt 1.75 -5.13606 

usemtl Part51Mtl

f 3027/3027/3027 3028/3028/3028 3029/3029/3029 
f 3029/3029/3029 3028/3028/3028 3030/3030/3030 
f 3031/3031/3031 3032/3032/3032 3033/3033/3033 
f 3033/3033/3033 3032/3032/3032 3034/3034/3034 
f 3035/3035/3035 3036/3036/3036 3037/3037/3037 
f 3037/3037/3037 3036/3036/3036 3038/3038/3038 
f 3039/3039/3039 3040/3040/3040 3041/3041/3041 
f 3041/3041/3041 3040/3040/3040 3042/3042/3042 
f 3043/3043/3043 3044/3044/3044 3045/3045/3045 
f 3045/3045/3045 3044/3044/3044 3046/3046/3046 

g Part68

v 112.379 140.993 8.7588 
v 112.379 140.993 8.7588 
v 112.379 140.239 9.54393 
v 112.379 140.239 8.7588 
v 112.379 140.993 8.7588 
v 117.599 140.993 8.7588 
v 112.379 140.239 8.7588 
v 117.599 140.239 8.7588 
v 117.599 140.993 8.7588 
v 117.599 140.993 8.7588 
v 117.599 140.239 8.7588 
v 117.599 140.239 9.54393 
v 117.599 140.239 9.54393 
v 112.379 140.239 9.54393 
v 117.599 140.239 8.7588 
v 112.379 140.239 8.7588 
v 117.599 140.993 8.7588 
v 112.379 140.993 8.7588 
v 117.599 140.239 9.54393 
v 112.379 140.239 9.54393 

vn -1 0 0 
vn -1 0 0 
vn -1 0 0 
vn -1 0 0 
vn 0 0 -1 
vn 0 0 -1 
vn 0 0 -1 
vn 0 0 -1 
vn 1 0 0 
vn 1 0 0 
vn 1 0 0 
vn 1 0 0 
vn 0 -1 0 
vn 0 -1 0 
vn 0 -1 0 
vn 0 -1 0 
vn 0 0.724409 0.692913 
vn 0 0.724409 0.692913 
vn 0 0.724409 0.692913 
vn 0 0.724409 0.692913 

vt 4 -0.5 
vt 4 -0.5 
vt 4.09814 -0.59424 
vt 4 -0.59424 
vt 4.65251 -0.5 
vt 4 -0.5 
vt 4.65251 -0.59424 
vt 4 -0.59424 
vt 4.09814 -0.5 
vt 4.09814 -0.5 
vt 4.09814 -0.59424 
vt 4 -0.59424 
vt 4.65251 -0.5 
vt 4 -0.5 
vt 4.65251 -0.598142 
vt 4 -0.598142 
vt 4.65251 -0.5 
vt 4 -0.5 
vt 4.65251 -0.636063 
vt 4 -0.636063 

usemtl Part51Mtl

f 3047/3047/3047 3048/3048/3048 3049/3049/3049 
f 3049/3049/3049 3048/3048/3048 3050/3050/3050 
f 3051/3051/3051 3052/3052/3052 3053/3053/3053 
f 3053/3053/3053 3052/3052/3052 3054/3054/3054 
f 3055/3055/3055 3056/3056/3056 3057/3057/3057 
f 3057/3057/3057 3056/3056/3056 3058/3058/3058 
f 3059/3059/3059 3060/3060/3060 3061/3061/3061 
f 3061/3061/3061 3060/3060/3060 3062/3062/3062 
f 3063/3063/3063 3064/3064/3064 3065/3065/3065 
f 3065/3065/3065 3064/3064/3064 3066/3066/3066 

g Part69

v 117.599 140.993 5.11132 
v 117.599 140.993 5.11132 
v 117.599 140.239 4.32618 
v 117.599 140.239 5.11132 
v 117.599 140.993 5.11132 
v 112.379 140.993 5.11132 
v 117.599 140.239 5.11132 
v 112.379 140.239 5.11132 
v 112.379 140.993 5.11132 
v 112.379 140.993 5.11132 
v 112.379 140.239 5.11132 
v 112.379 140.239 4.32618 
v 112.379 140.239 4.32618 
v 117.599 140.239 4.32618 
v 112.379 140.239 5.11132 
v 117.599 140.239 5.11132 
v 112.379 140.993 5.11132 
v 117.599 140.993 5.11132 
v 112.379 140.239 4.32618 
v 117.599 140.239 4.32618 

vn 1 0 0 
vn 1 0 0 
vn 1 0 0 
vn 1 0 0 
vn 0 0 1 
vn 0 0 1 
vn 0 0 1 
vn 0 0 1 
vn -1 0 0 
vn -1 0 0 
vn -1 0 0 
vn -1 0 0 
vn 0 -1 0 
vn 0 -1 0 
vn 0 -1 0 
vn 0 -1 0 
vn 0 0.724409 -0.692913 
vn 0 0.724409 -0.692913 
vn 0 0.724409 -0.692913 
vn 0 0.724409 -0.692913 

vt 2.75 -1 
vt 2.75 -1 
vt 2.84814 -1.09424 
vt 2.75 -1.09424 
vt 3.40251 -1 
vt 2.75 -1 
vt 3.40251 -1.09424 
vt 2.75 -1.09424 
vt 2.84814 -1 
vt 2.84814 -1 
vt 2.84814 -1.09424 
vt 2.75 -1.09424 
vt 3.40251 -1 
vt 2.75 -1 
vt 3.40251 -1.09814 
vt 2.75 -1.09814 
vt 3.40251 -1 
vt 2.75 -1 
vt 3.40251 -1.13606 
vt 2.75 -1.13606 

usemtl Part51Mtl

f 3067/3067/3067 3068/3068/3068 3069/3069/3069 
f 3069/3069/3069 3068/3068/3068 3070/3070/3070 
f 3071/3071/3071 3072/3072/3072 3073/3073/3073 
f 3073/3073/3073 3072/3072/3072 3074/3074/3074 
f 3075/3075/3075 3076/3076/3076 3077/3077/3077 
f 3077/3077/3077 3076/3076/3076 3078/3078/3078 
f 3079/3079/3079 3080/3080/3080 3081/3081/3081 
f 3081/3081/3081 3080/3080/3080 3082/3082/3082 
f 3083/3083/3083 3084/3084/3084 3085/3085/3085 
f 3085/3085/3085 3084/3084/3084 3086/3086/3086 

g Part70

v 116.576 142.193 6.24278 
v 117.961 142.193 6.24278 
v 116.576 139.793 6.24273 
v 117.961 139.793 6.24273 
v 117.961 142.193 7.62738 
v 117.961 142.193 6.24278 
v 116.576 142.193 7.62738 
v 116.576 142.193 6.24278 
v 117.961 142.193 6.24278 
v 117.961 142.193 7.62738 
v 117.961 139.793 6.24273 
v 117.961 139.793 7.62734 
v 117.961 142.193 7.62738 
v 116.576 142.193 7.62738 
v 117.961 139.793 7.62734 
v 116.576 139.793 7.62734 
v 116.576 139.793 7.62734 
v 116.576 139.793 6.24273 
v 117.961 139.793 7.62734 
v 117.961 139.793 6.24273 
v 116.576 142.193 7.62738 
v 116.576 142.193 6.24278 
v 116.576 139.793 7.62734 
v 116.576 139.793 6.24273 

vn 0 0 -1 
vn 0 0 -1 
vn 0 0 -1 
vn 0 0 -1 
vn 0 1 0 
vn 0 1 0 
vn 0 1 0 
vn 0 1 0 
vn 1 0 0 
vn 1 0 0 
vn 1 0 0 
vn 1 0 0 
vn 0 0 1 
vn 0 0 1 
vn 0 0 1 
vn 0 0 1 
vn 0 -1 0 
vn 0 -1 0 
vn 0 -1 0 
vn 0 -1 0 
vn -1 0 0 
vn -1 0 0 
vn -1 0 0 
vn -1 0 0 

vt 4.67308 -1 
vt 4.5 -1 
vt 4.67308 -1.3 
vt 4.5 -1.3 
vt 4.67308 -1 
vt 4.5 -1 
vt 4.67308 -1.17308 
vt 4.5 -1.17308 
vt 4.67308 -1 
vt 4.5 -1 
vt 4.67308 -1.3 
vt 4.5 -1.3 
vt 4.67308 -1 
vt 4.5 -1 
vt 4.67308 -1.3 
vt 4.5 -1.3 
vt 4.67308 -1 
vt 4.5 -1 
vt 4.67308 -1.17308 
vt 4.5 -1.17308 
vt 4.67308 -1 
vt 4.5 -1 
vt 4.67308 -1.3 
vt 4.5 -1.3 

usemtl Part10Mtl

f 3087/3087/3087 3088/3088/3088 3089/3089/3089 
f 3089/3089/3089 3088/3088/3088 3090/3090/3090 
f 3091/3091/3091 3092/3092/3092 3093/3093/3093 
f 3093/3093/3093 3092/3092/3092 3094/3094/3094 
f 3095/3095/3095 3096/3096/3096 3097/3097/3097 
f 3097/3097/3097 3096/3096/3096 3098/3098/3098 
f 3099/3099/3099 3100/3100/3100 3101/3101/3101 
f 3101/3101/3101 3100/3100/3100 3102/3102/3102 
f 3103/3103/3103 3104/3104/3104 3105/3105/3105 
f 3105/3105/3105 3104/3104/3104 3106/3106/3106 
f 3107/3107/3107 3108/3108/3108 3109/3109/3109 
f 3109/3109/3109 3108/3108/3108 3110/3110/3110 

g Part71

v 111.96 142.193 6.24278 
v 113.345 142.193 6.24278 
v 111.96 139.793 6.24273 
v 113.345 139.793 6.24273 
v 113.345 142.193 7.62738 
v 113.345 142.193 6.24278 
v 111.96 142.193 7.62738 
v 111.96 142.193 6.24278 
v 113.345 142.193 6.24278 
v 113.345 142.193 7.62738 
v 113.345 139.793 6.24273 
v 113.345 139.793 7.62734 
v 113.345 142.193 7.62738 
v 111.96 142.193 7.62738 
v 113.345 139.793 7.62734 
v 111.96 139.793 7.62734 
v 111.96 139.793 7.62734 
v 111.96 139.793 6.24273 
v 113.345 139.793 7.62734 
v 113.345 139.793 6.24273 
v 111.96 142.193 7.62738 
v 111.96 142.193 6.24278 
v 111.96 139.793 7.62734 
v 111.96 139.793 6.24273 

vn 0 0 -1 
vn 0 0 -1 
vn 0 0 -1 
vn 0 0 -1 
vn 0 1 0 
vn 0 1 0 
vn 0 1 0 
vn 0 1 0 
vn 1 0 0 
vn 1 0 0 
vn 1 0 0 
vn 1 0 0 
vn 0 0 1 
vn 0 0 1 
vn 0 0 1 
vn 0 0 1 
vn 0 -1 0 
vn 0 -1 0 
vn 0 -1 0 
vn 0 -1 0 
vn -1 0 0 
vn -1 0 0 
vn -1 0 0 
vn -1 0 0 

vt 2.42308 -3.25 
vt 2.25 -3.25 
vt 2.42308 -3.55 
vt 2.25 -3.55 
vt 2.42308 -3.25 
vt 2.25 -3.25 
vt 2.42308 -3.42308 
vt 2.25 -3.42308 
vt 2.42308 -3.25 
vt 2.25 -3.25 
vt 2.42308 -3.55 
vt 2.25 -3.55 
vt 2.42308 -3.25 
vt 2.25 -3.25 
vt 2.42308 -3.55 
vt 2.25 -3.55 
vt 2.42308 -3.25 
vt 2.25 -3.25 
vt 2.42308 -3.42308 
vt 2.25 -3.42308 
vt 2.42308 -3.25 
vt 2.25 -3.25 
vt 2.42308 -3.55 
vt 2.25 -3.55 

usemtl Part10Mtl

f 3111/3111/3111 3112/3112/3112 3113/3113/3113 
f 3113/3113/3113 3112/3112/3112 3114/3114/3114 
f 3115/3115/3115 3116/3116/3116 3117/3117/3117 
f 3117/3117/3117 3116/3116/3116 3118/3118/3118 
f 3119/3119/3119 3120/3120/3120 3121/3121/3121 
f 3121/3121/3121 3120/3120/3120 3122/3122/3122 
f 3123/3123/3123 3124/3124/3124 3125/3125/3125 
f 3125/3125/3125 3124/3124/3124 3126/3126/3126 
f 3127/3127/3127 3128/3128/3128 3129/3129/3129 
f 3129/3129/3129 3128/3128/3128 3130/3130/3130 
f 3131/3131/3131 3132/3132/3132 3133/3133/3133 
f 3133/3133/3133 3132/3132/3132 3134/3134/3134 

g Part72

v 115.653 142.193 3.93492 
v 115.653 142.193 5.31952 
v 115.653 139.793 3.93487 
v 115.653 139.793 5.31948 
v 114.268 142.193 5.31952 
v 115.653 142.193 5.31952 
v 114.268 142.193 3.93492 
v 115.653 142.193 3.93492 
v 115.653 142.193 5.31952 
v 114.268 142.193 5.31952 
v 115.653 139.793 5.31948 
v 114.268 139.793 5.31948 
v 114.268 142.193 5.31952 
v 114.268 142.193 3.93492 
v 114.268 139.793 5.31948 
v 114.268 139.793 3.93487 
v 114.268 139.793 3.93487 
v 115.653 139.793 3.93487 
v 114.268 139.793 5.31948 
v 115.653 139.793 5.31948 
v 114.268 142.193 3.93492 
v 115.653 142.193 3.93492 
v 114.268 139.793 3.93487 
v 115.653 139.793 3.93487 

vn 1 0 0 
vn 1 0 0 
vn 1 0 0 
vn 1 0 0 
vn 0 1 0 
vn 0 1 0 
vn 0 1 0 
vn 0 1 0 
vn 0 0 1 
vn 0 0 1 
vn 0 0 1 
vn 0 0 1 
vn -1 0 0 
vn -1 0 0 
vn -1 0 0 
vn -1 0 0 
vn 0 -1 0 
vn 0 -1 0 
vn 0 -1 0 
vn 0 -1 0 
vn 0 0 -1 
vn 0 0 -1 
vn 0 0 -1 
vn 0 0 -1 

vt 0.923076 -0.25 
vt 0.75 -0.25 
vt 0.923076 -0.549999 
vt 0.75 -0.549999 
vt 0.923077 -0.25 
vt 0.75 -0.25 
vt 0.923077 -0.423076 
vt 0.75 -0.423076 
vt 0.923077 -0.25 
vt 0.75 -0.25 
vt 0.923077 -0.549999 
vt 0.75 -0.549999 
vt 0.923076 -0.25 
vt 0.75 -0.25 
vt 0.923076 -0.549999 
vt 0.75 -0.549999 
vt 0.923077 -0.25 
vt 0.75 -0.25 
vt 0.923077 -0.423076 
vt 0.75 -0.423076 
vt 0.923077 -0.25 
vt 0.75 -0.25 
vt 0.923077 -0.549999 
vt 0.75 -0.549999 

usemtl Part10Mtl

f 3135/3135/3135 3136/3136/3136 3137/3137/3137 
f 3137/3137/3137 3136/3136/3136 3138/3138/3138 
f 3139/3139/3139 3140/3140/3140 3141/3141/3141 
f 3141/3141/3141 3140/3140/3140 3142/3142/3142 
f 3143/3143/3143 3144/3144/3144 3145/3145/3145 
f 3145/3145/3145 3144/3144/3144 3146/3146/3146 
f 3147/3147/3147 3148/3148/3148 3149/3149/3149 
f 3149/3149/3149 3148/3148/3148 3150/3150/3150 
f 3151/3151/3151 3152/3152/3152 3153/3153/3153 
f 3153/3153/3153 3152/3152/3152 3154/3154/3154 
f 3155/3155/3155 3156/3156/3156 3157/3157/3157 
f 3157/3157/3157 3156/3156/3156 3158/3158/3158 

g Thing1

v 118.46 140.918 6.93481 
v 118.46 141.714 6.13932 
v 118.46 141.542 5.99876 
v 118.46 141.274 5.86755 
v 118.46 140.918 5.80981 
v 118.46 140.562 5.86755 
v 118.46 140.294 5.99876 
v 118.46 140.123 6.13932 
v 118.46 140.123 6.13932 
v 118.46 139.982 6.31078 
v 118.46 139.851 6.57906 
v 118.46 139.793 6.93481 
v 118.46 139.851 7.29057 
v 118.46 139.982 7.55885 
v 118.46 140.123 7.73031 
v 118.46 140.123 7.73031 
v 118.46 140.294 7.87087 
v 118.46 140.562 8.00208 
v 118.46 140.918 8.05981 
v 118.46 141.274 8.00208 
v 118.46 141.542 7.87087 
v 118.46 141.714 7.73031 
v 118.46 141.714 7.73031 
v 118.46 141.854 7.55885 
v 118.46 141.985 7.29057 
v 118.46 142.043 6.93481 
v 118.46 141.985 6.57906 
v 118.46 141.854 6.31078 
v 118.46 141.714 6.13932 
v 117.96 141.714 7.73031 
v 118.46 141.714 7.73031 
v 117.96 141.854 7.55885 
v 118.46 141.854 7.55885 
v 117.96 141.985 7.29057 
v 118.46 141.985 7.29057 
v 117.96 142.043 6.93481 
v 118.46 142.043 6.93481 
v 117.96 141.985 6.57906 
v 118.46 141.985 6.57906 
v 117.96 141.854 6.31078 
v 118.46 141.854 6.31078 
v 117.96 141.714 6.13932 
v 118.46 141.714 6.13932 
v 118.46 141.714 7.73031 
v 117.96 141.714 7.73031 
v 118.46 141.542 7.87087 
v 117.96 141.542 7.87087 
v 118.46 141.274 8.00208 
v 117.96 141.274 8.00208 
v 118.46 140.918 8.05981 
v 117.96 140.918 8.05981 
v 118.46 140.562 8.00208 
v 117.96 140.562 8.00208 
v 118.46 140.294 7.87087 
v 117.96 140.294 7.87087 
v 118.46 140.123 7.73031 
v 117.96 140.123 7.73031 
v 117.96 140.918 6.93481 
v 117.96 141.714 7.73031 
v 117.96 141.542 7.87087 
v 117.96 141.274 8.00208 
v 117.96 140.918 8.05981 
v 117.96 140.562 8.00208 
v 117.96 140.294 7.87087 
v 117.96 140.123 7.73031 
v 117.96 140.123 7.73031 
v 117.96 139.982 7.55885 
v 117.96 139.851 7.29057 
v 117.96 139.793 6.93481 
v 117.96 139.851 6.57906 
v 117.96 139.982 6.31078 
v 117.96 140.123 6.13932 
v 117.96 140.123 6.13932 
v 117.96 140.294 5.99876 
v 117.96 140.562 5.86755 
v 117.96 140.918 5.80981 
v 117.96 141.274 5.86755 
v 117.96 141.542 5.99876 
v 117.96 141.714 6.13932 
v 117.96 141.714 6.13932 
v 117.96 141.854 6.31078 
v 117.96 141.985 6.57906 
v 117.96 142.043 6.93481 
v 117.96 141.985 7.29057 
v 117.96 141.854 7.55885 
v 117.96 141.714 7.73031 
v 117.96 140.123 6.13932 
v 118.46 140.123 6.13932 
v 117.96 139.982 6.31078 
v 118.46 139.982 6.31078 
v 117.96 139.851 6.57906 
v 118.46 139.851 6.57906 
v 117.96 139.793 6.93481 
v 118.46 139.793 6.93481 
v 117.96 139.851 7.29057 
v 118.46 139.851 7.29057 
v 117.96 139.982 7.55885 
v 118.46 139.982 7.55885 
v 117.96 140.123 7.73031 
v 118.46 140.123 7.73031 
v 117.96 141.714 6.13932 
v 118.46 141.714 6.13932 
v 117.96 141.542 5.99876 
v 118.46 141.542 5.99876 
v 117.96 141.274 5.86755 
v 118.46 141.274 5.86755 
v 117.96 140.918 5.80981 
v 118.46 140.918 5.80981 
v 117.96 140.562 5.86755 
v 118.46 140.562 5.86755 
v 117.96 140.294 5.99876 
v 118.46 140.294 5.99876 
v 117.96 140.123 6.13932 
v 118.46 140.123 6.13932 

vn 1 0 0 
vn 1 0 0 
vn 1 0 0 
vn 1 0 0 
vn 1 0 0 
vn 1 0 0 
vn 1 0 0 
vn 1 0 0 
vn 1 0 0 
vn 1 0 0 
vn 1 0 0 
vn 1 0 0 
vn 1 0 0 
vn 1 0 0 
vn 1 0 0 
vn 1 0 0 
vn 1 0 0 
vn 1 0 0 
vn 1 0 0 
vn 1 0 0 
vn 1 0 0 
vn 1 0 0 
vn 1 0 0 
vn 1 0 0 
vn 1 0 0 
vn 1 0 0 
vn 1 0 0 
vn 1 0 0 
vn 1 0 0 
vn 0 0.708661 0.708661 
vn 0 0.708661 0.708661 
vn 0 0.834646 0.551181 
vn 0 0.834646 0.551181 
vn 0 0.944882 0.314961 
vn 0 0.944882 0.314961 
vn 0 1 0 
vn 0 1 0 
vn 0 0.944882 -0.314961 
vn 0 0.944882 -0.314961 
vn 0 0.834646 -0.551181 
vn 0 0.834646 -0.551181 
vn 0 0.708661 -0.708661 
vn 0 0.708661 -0.708661 
vn 0 0.708661 0.708661 
vn 0 0.708661 0.708661 
vn 0 0.551181 0.834646 
vn 0 0.551181 0.834646 
vn 0 0.314961 0.944882 
vn 0 0.314961 0.944882 
vn 0 0 1 
vn 0 0 1 
vn 0 -0.314961 0.944882 
vn 0 -0.314961 0.944882 
vn 0 -0.551181 0.834646 
vn 0 -0.551181 0.834646 
vn 0 -0.708661 0.708661 
vn 0 -0.708661 0.708661 
vn -1 0 0 
vn -1 0 0 
vn -1 0 0 
vn -1 0 0 
vn -1 0 0 
vn -1 0 0 
vn -1 0 0 
vn -1 0 0 
vn -1 0 0 
vn -1 0 0 
vn -1 0 0 
vn -1 0 0 
vn -1 0 0 
vn -1 0 0 
vn -1 0 0 
vn -1 0 0 
vn -1 0 0 
vn -1 0 0 
vn -1 0 0 
vn -1 0 0 
vn -1 0 0 
vn -1 0 0 
vn -1 0 0 
vn -1 0 0 
vn -1 0 0 
vn -1 0 0 
vn -1 0 0 
vn -1 0 0 
vn -1 0 0 
vn 0 -0.708661 -0.708661 
vn 0 -0.708661 -0.708661 
vn 0 -0.834646 -0.551181 
vn 0 -0.834646 -0.551181 
vn 0 -0.944882 -0.314961 
vn 0 -0.944882 -0.314961 
vn 0 -1 0 
vn 0 -1 0 
vn 0 -0.944882 0.314961 
vn 0 -0.944882 0.314961 
vn 0 -0.834646 0.551181 
vn 0 -0.834646 0.551181 
vn 0 -0.708661 0.708661 
vn 0 -0.708661 0.708661 
vn 0 0.708661 -0.708661 
vn 0 0.708661 -0.708661 
vn 0 0.551181 -0.834646 
vn 0 0.551181 -0.834646 
vn 0 0.314961 -0.944882 
vn 0 0.314961 -0.944882 
vn 0 0 -1 
vn 0 0 -1 
vn 0 -0.314961 -0.944882 
vn 0 -0.314961 -0.944882 
vn 0 -0.551181 -0.834646 
vn 0 -0.551181 -0.834646 
vn 0 -0.708661 -0.708661 
vn 0 -0.708661 -0.708661 

vt 5.89062 0.359375 
vt 5.99006 0.458812 
vt 6.00763 0.43738 
vt 6.02403 0.403845 
vt 6.03125 0.359375 
vt 6.02403 0.314905 
vt 6.00763 0.28137 
vt 5.99006 0.259938 
vt 5.99006 0.259938 
vt 5.96863 0.242368 
vt 5.93509 0.225966 
vt 5.89062 0.21875 
vt 5.84616 0.225966 
vt 5.81262 0.242368 
vt 5.79119 0.259938 
vt 5.79119 0.259938 
vt 5.77362 0.28137 
vt 5.75722 0.314905 
vt 5.75 0.359375 
vt 5.75722 0.403845 
vt 5.77362 0.43738 
vt 5.79119 0.458812 
vt 5.79119 0.458812 
vt 5.81262 0.476382 
vt 5.84616 0.492784 
vt 5.89062 0.5 
vt 5.93509 0.492784 
vt 5.96863 0.476382 
vt 5.99006 0.458812 
vt 5.8125 0.5 
vt 5.75 0.5 
vt 5.8125 0.453125 
vt 5.75 0.453125 
vt 5.8125 0.40625 
vt 5.75 0.40625 
vt 5.8125 0.359375 
vt 5.75 0.359375 
vt 5.8125 0.3125 
vt 5.75 0.3125 
vt 5.8125 0.265625 
vt 5.75 0.265625 
vt 5.8125 0.21875 
vt 5.75 0.21875 
vt 5.8125 0.5 
vt 5.75 0.5 
vt 5.8125 0.453125 
vt 5.75 0.453125 
vt 5.8125 0.40625 
vt 5.75 0.40625 
vt 5.8125 0.359375 
vt 5.75 0.359375 
vt 5.8125 0.3125 
vt 5.75 0.3125 
vt 5.8125 0.265625 
vt 5.75 0.265625 
vt 5.8125 0.21875 
vt 5.75 0.21875 
vt 5.89062 0.359375 
vt 5.99006 0.458812 
vt 6.00763 0.43738 
vt 6.02403 0.403845 
vt 6.03125 0.359375 
vt 6.02403 0.314905 
vt 6.00763 0.28137 
vt 5.99006 0.259938 
vt 5.99006 0.259938 
vt 5.96863 0.242368 
vt 5.93509 0.225966 
vt 5.89062 0.21875 
vt 5.84616 0.225966 
vt 5.81262 0.242368 
vt 5.79119 0.259938 
vt 5.79119 0.259938 
vt 5.77362 0.28137 
vt 5.75722 0.314905 
vt 5.75 0.359375 
vt 5.75722 0.403845 
vt 5.77362 0.43738 
vt 5.79119 0.458812 
vt 5.79119 0.458812 
vt 5.81262 0.476382 
vt 5.84616 0.492784 
vt 5.89062 0.5 
vt 5.93509 0.492784 
vt 5.96863 0.476382 
vt 5.99006 0.458812 
vt 5.8125 0.5 
vt 5.75 0.5 
vt 5.8125 0.453125 
vt 5.75 0.453125 
vt 5.8125 0.40625 
vt 5.75 0.40625 
vt 5.8125 0.359375 
vt 5.75 0.359375 
vt 5.8125 0.3125 
vt 5.75 0.3125 
vt 5.8125 0.265625 
vt 5.75 0.265625 
vt 5.8125 0.21875 
vt 5.75 0.21875 
vt 5.8125 0.5 
vt 5.75 0.5 
vt 5.8125 0.453125 
vt 5.75 0.453125 
vt 5.8125 0.40625 
vt 5.75 0.40625 
vt 5.8125 0.359375 
vt 5.75 0.359375 
vt 5.8125 0.3125 
vt 5.75 0.3125 
vt 5.8125 0.265625 
vt 5.75 0.265625 
vt 5.8125 0.21875 
vt 5.75 0.21875 

usemtl Part51Mtl

f 3159/3159/3159 3161/3161/3161 3160/3160/3160 
f 3159/3159/3159 3162/3162/3162 3161/3161/3161 
f 3159/3159/3159 3163/3163/3163 3162/3162/3162 
f 3159/3159/3159 3164/3164/3164 3163/3163/3163 
f 3159/3159/3159 3165/3165/3165 3164/3164/3164 
f 3159/3159/3159 3166/3166/3166 3165/3165/3165 
f 3159/3159/3159 3168/3168/3168 3167/3167/3167 
f 3159/3159/3159 3169/3169/3169 3168/3168/3168 
f 3159/3159/3159 3170/3170/3170 3169/3169/3169 
f 3159/3159/3159 3171/3171/3171 3170/3170/3170 
f 3159/3159/3159 3172/3172/3172 3171/3171/3171 
f 3159/3159/3159 3173/3173/3173 3172/3172/3172 
f 3159/3159/3159 3175/3175/3175 3174/3174/3174 
f 3159/3159/3159 3176/3176/3176 3175/3175/3175 
f 3159/3159/3159 3177/3177/3177 3176/3176/3176 
f 3159/3159/3159 3178/3178/3178 3177/3177/3177 
f 3159/3159/3159 3179/3179/3179 3178/3178/3178 
f 3159/3159/3159 3180/3180/3180 3179/3179/3179 
f 3159/3159/3159 3182/3182/3182 3181/3181/3181 
f 3159/3159/3159 3183/3183/3183 3182/3182/3182 
f 3159/3159/3159 3184/3184/3184 3183/3183/3183 
f 3159/3159/3159 3185/3185/3185 3184/3184/3184 
f 3159/3159/3159 3186/3186/3186 3185/3185/3185 
f 3159/3159/3159 3187/3187/3187 3186/3186/3186 
f 3188/3188/3188 3189/3189/3189 3190/3190/3190 
f 3190/3190/3190 3189/3189/3189 3191/3191/3191 
f 3190/3190/3190 3191/3191/3191 3192/3192/3192 
f 3192/3192/3192 3191/3191/3191 3193/3193/3193 
f 3192/3192/3192 3193/3193/3193 3194/3194/3194 
f 3194/3194/3194 3193/3193/3193 3195/3195/3195 
f 3194/3194/3194 3195/3195/3195 3196/3196/3196 
f 3196/3196/3196 3195/3195/3195 3197/3197/3197 
f 3196/3196/3196 3197/3197/3197 3198/3198/3198 
f 3198/3198/3198 3197/3197/3197 3199/3199/3199 
f 3198/3198/3198 3199/3199/3199 3200/3200/3200 
f 3200/3200/3200 3199/3199/3199 3201/3201/3201 
f 3202/3202/3202 3203/3203/3203 3204/3204/3204 
f 3204/3204/3204 3203/3203/3203 3205/3205/3205 
f 3204/3204/3204 3205/3205/3205 3206/3206/3206 
f 3206/3206/3206 3205/3205/3205 3207/3207/3207 
f 3206/3206/3206 3207/3207/3207 3208/3208/3208 
f 3208/3208/3208 3207/3207/3207 3209/3209/3209 
f 3208/3208/3208 3209/3209/3209 3210/3210/3210 
f 3210/3210/3210 3209/3209/3209 3211/3211/3211 
f 3210/3210/3210 3211/3211/3211 3212/3212/3212 
f 3212/3212/3212 3211/3211/3211 3213/3213/3213 
f 3212/3212/3212 3213/3213/3213 3214/3214/3214 
f 3214/3214/3214 3213/3213/3213 3215/3215/3215 
f 3216/3216/3216 3218/3218/3218 3217/3217/3217 
f 3216/3216/3216 3219/3219/3219 3218/3218/3218 
f 3216/3216/3216 3220/3220/3220 3219/3219/3219 
f 3216/3216/3216 3221/3221/3221 3220/3220/3220 
f 3216/3216/3216 3222/3222/3222 3221/3221/3221 
f 3216/3216/3216 3223/3223/3223 3222/3222/3222 
f 3216/3216/3216 3225/3225/3225 3224/3224/3224 
f 3216/3216/3216 3226/3226/3226 3225/3225/3225 
f 3216/3216/3216 3227/3227/3227 3226/3226/3226 
f 3216/3216/3216 3228/3228/3228 3227/3227/3227 
f 3216/3216/3216 3229/3229/3229 3228/3228/3228 
f 3216/3216/3216 3230/3230/3230 3229/3229/3229 
f 3216/3216/3216 3232/3232/3232 3231/3231/3231 
f 3216/3216/3216 3233/3233/3233 3232/3232/3232 
f 3216/3216/3216 3234/3234/3234 3233/3233/3233 
f 3216/3216/3216 3235/3235/3235 3234/3234/3234 
f 3216/3216/3216 3236/3236/3236 3235/3235/3235 
f 3216/3216/3216 3237/3237/3237 3236/3236/3236 
f 3216/3216/3216 3239/3239/3239 3238/3238/3238 
f 3216/3216/3216 3240/3240/3240 3239/3239/3239 
f 3216/3216/3216 3241/3241/3241 3240/3240/3240 
f 3216/3216/3216 3242/3242/3242 3241/3241/3241 
f 3216/3216/3216 3243/3243/3243 3242/3242/3242 
f 3216/3216/3216 3244/3244/3244 3243/3243/3243 
f 3245/3245/3245 3246/3246/3246 3247/3247/3247 
f 3247/3247/3247 3246/3246/3246 3248/3248/3248 
f 3247/3247/3247 3248/3248/3248 3249/3249/3249 
f 3249/3249/3249 3248/3248/3248 3250/3250/3250 
f 3249/3249/3249 3250/3250/3250 3251/3251/3251 
f 3251/3251/3251 3250/3250/3250 3252/3252/3252 
f 3251/3251/3251 3252/3252/3252 3253/3253/3253 
f 3253/3253/3253 3252/3252/3252 3254/3254/3254 
f 3253/3253/3253 3254/3254/3254 3255/3255/3255 
f 3255/3255/3255 3254/3254/3254 3256/3256/3256 
f 3255/3255/3255 3256/3256/3256 3257/3257/3257 
f 3257/3257/3257 3256/3256/3256 3258/3258/3258 
f 3259/3259/3259 3260/3260/3260 3261/3261/3261 
f 3261/3261/3261 3260/3260/3260 3262/3262/3262 
f 3261/3261/3261 3262/3262/3262 3263/3263/3263 
f 3263/3263/3263 3262/3262/3262 3264/3264/3264 
f 3263/3263/3263 3264/3264/3264 3265/3265/3265 
f 3265/3265/3265 3264/3264/3264 3266/3266/3266 
f 3265/3265/3265 3266/3266/3266 3267/3267/3267 
f 3267/3267/3267 3266/3266/3266 3268/3268/3268 
f 3267/3267/3267 3268/3268/3268 3269/3269/3269 
f 3269/3269/3269 3268/3268/3268 3270/3270/3270 
f 3269/3269/3269 3270/3270/3270 3271/3271/3271 
f 3271/3271/3271 3270/3270/3270 3272/3272/3272 

g Part73

v 113.345 142.193 5.31977 
v 111.96 142.193 5.31977 
v 113.345 139.793 5.31972 
v 111.96 139.793 5.31972 
v 111.96 142.193 3.93516 
v 111.96 142.193 5.31977 
v 113.345 142.193 3.93516 
v 113.345 142.193 5.31977 
v 111.96 142.193 5.31977 
v 111.96 142.193 3.93516 
v 111.96 139.793 5.31972 
v 111.96 139.793 3.93512 
v 111.96 142.193 3.93516 
v 113.345 142.193 3.93516 
v 111.96 139.793 3.93512 
v 113.345 139.793 3.93512 
v 113.345 139.793 3.93512 
v 113.345 139.793 5.31972 
v 111.96 139.793 3.93512 
v 111.96 139.793 5.31972 
v 113.345 142.193 3.93516 
v 113.345 142.193 5.31977 
v 113.345 139.793 3.93512 
v 113.345 139.793 5.31972 

vn 0 0 1 
vn 0 0 1 
vn 0 0 1 
vn 0 0 1 
vn 0 1 0 
vn 0 1 0 
vn 0 1 0 
vn 0 1 0 
vn -1 0 0 
vn -1 0 0 
vn -1 0 0 
vn -1 0 0 
vn 0 0 -1 
vn 0 0 -1 
vn 0 0 -1 
vn 0 0 -1 
vn 0 -1 0 
vn 0 -1 0 
vn 0 -1 0 
vn 0 -1 0 
vn 1 0 0 
vn 1 0 0 
vn 1 0 0 
vn 1 0 0 

vt 2.42308 -4 
vt 2.25 -4 
vt 2.42308 -4.3 
vt 2.25 -4.3 
vt 2.42308 -4 
vt 2.25 -4 
vt 2.42308 -4.17308 
vt 2.25 -4.17308 
vt 2.42308 -4 
vt 2.25 -4 
vt 2.42308 -4.3 
vt 2.25 -4.3 
vt 2.42308 -4 
vt 2.25 -4 
vt 2.42308 -4.3 
vt 2.25 -4.3 
vt 2.42308 -4 
vt 2.25 -4 
vt 2.42308 -4.17308 
vt 2.25 -4.17308 
vt 2.42308 -4 
vt 2.25 -4 
vt 2.42308 -4.3 
vt 2.25 -4.3 

usemtl Part10Mtl

f 3273/3273/3273 3274/3274/3274 3275/3275/3275 
f 3275/3275/3275 3274/3274/3274 3276/3276/3276 
f 3277/3277/3277 3278/3278/3278 3279/3279/3279 
f 3279/3279/3279 3278/3278/3278 3280/3280/3280 
f 3281/3281/3281 3282/3282/3282 3283/3283/3283 
f 3283/3283/3283 3282/3282/3282 3284/3284/3284 
f 3285/3285/3285 3286/3286/3286 3287/3287/3287 
f 3287/3287/3287 3286/3286/3286 3288/3288/3288 
f 3289/3289/3289 3290/3290/3290 3291/3291/3291 
f 3291/3291/3291 3290/3290/3290 3292/3292/3292 
f 3293/3293/3293 3294/3294/3294 3295/3295/3295 
f 3295/3295/3295 3294/3294/3294 3296/3296/3296 

g Part74

v 115.653 142.193 8.55039 
v 115.653 142.193 9.935 
v 115.653 139.793 8.55035 
v 115.653 139.793 9.93496 
v 114.268 142.193 9.935 
v 115.653 142.193 9.935 
v 114.268 142.193 8.55039 
v 115.653 142.193 8.55039 
v 115.653 142.193 9.935 
v 114.268 142.193 9.935 
v 115.653 139.793 9.93496 
v 114.268 139.793 9.93496 
v 114.268 142.193 9.935 
v 114.268 142.193 8.55039 
v 114.268 139.793 9.93496 
v 114.268 139.793 8.55035 
v 114.268 139.793 8.55035 
v 115.653 139.793 8.55035 
v 114.268 139.793 9.93496 
v 115.653 139.793 9.93496 
v 114.268 142.193 8.55039 
v 115.653 142.193 8.55039 
v 114.268 139.793 8.55035 
v 115.653 139.793 8.55035 

vn 1 0 0 
vn 1 0 0 
vn 1 0 0 
vn 1 0 0 
vn 0 1 0 
vn 0 1 0 
vn 0 1 0 
vn 0 1 0 
vn 0 0 1 
vn 0 0 1 
vn 0 0 1 
vn 0 0 1 
vn -1 0 0 
vn -1 0 0 
vn -1 0 0 
vn -1 0 0 
vn 0 -1 0 
vn 0 -1 0 
vn 0 -1 0 
vn 0 -1 0 
vn 0 0 -1 
vn 0 0 -1 
vn 0 0 -1 
vn 0 0 -1 

vt 6.17308 -6.5 
vt 6 -6.5 
vt 6.17308 -6.8 
vt 6 -6.8 
vt 6.17308 -6.5 
vt 6 -6.5 
vt 6.17308 -6.67308 
vt 6 -6.67308 
vt 6.17308 -6.5 
vt 6 -6.5 
vt 6.17308 -6.8 
vt 6 -6.8 
vt 6.17308 -6.5 
vt 6 -6.5 
vt 6.17308 -6.8 
vt 6 -6.8 
vt 6.17308 -6.5 
vt 6 -6.5 
vt 6.17308 -6.67308 
vt 6 -6.67308 
vt 6.17308 -6.5 
vt 6 -6.5 
vt 6.17308 -6.8 
vt 6 -6.8 

usemtl Part10Mtl

f 3297/3297/3297 3298/3298/3298 3299/3299/3299 
f 3299/3299/3299 3298/3298/3298 3300/3300/3300 
f 3301/3301/3301 3302/3302/3302 3303/3303/3303 
f 3303/3303/3303 3302/3302/3302 3304/3304/3304 
f 3305/3305/3305 3306/3306/3306 3307/3307/3307 
f 3307/3307/3307 3306/3306/3306 3308/3308/3308 
f 3309/3309/3309 3310/3310/3310 3311/3311/3311 
f 3311/3311/3311 3310/3310/3310 3312/3312/3312 
f 3313/3313/3313 3314/3314/3314 3315/3315/3315 
f 3315/3315/3315 3314/3314/3314 3316/3316/3316 
f 3317/3317/3317 3318/3318/3318 3319/3319/3319 
f 3319/3319/3319 3318/3318/3318 3320/3320/3320 

g Part75

v 113.345 142.193 9.935 
v 111.96 142.193 9.935 
v 113.345 139.793 9.93496 
v 111.96 139.793 9.93496 
v 111.96 142.193 8.55039 
v 111.96 142.193 9.935 
v 113.345 142.193 8.55039 
v 113.345 142.193 9.935 
v 111.96 142.193 9.935 
v 111.96 142.193 8.55039 
v 111.96 139.793 9.93496 
v 111.96 139.793 8.55035 
v 111.96 142.193 8.55039 
v 113.345 142.193 8.55039 
v 111.96 139.793 8.55035 
v 113.345 139.793 8.55035 
v 113.345 139.793 8.55035 
v 113.345 139.793 9.93496 
v 111.96 139.793 8.55035 
v 111.96 139.793 9.93496 
v 113.345 142.193 8.55039 
v 113.345 142.193 9.935 
v 113.345 139.793 8.55035 
v 113.345 139.793 9.93496 

vn 0 0 1 
vn 0 0 1 
vn 0 0 1 
vn 0 0 1 
vn 0 1 0 
vn 0 1 0 
vn 0 1 0 
vn 0 1 0 
vn -1 0 0 
vn -1 0 0 
vn -1 0 0 
vn -1 0 0 
vn 0 0 -1 
vn 0 0 -1 
vn 0 0 -1 
vn 0 0 -1 
vn 0 -1 0 
vn 0 -1 0 
vn 0 -1 0 
vn 0 -1 0 
vn 1 0 0 
vn 1 0 0 
vn 1 0 0 
vn 1 0 0 

vt 3.67308 -5.25 
vt 3.5 -5.25 
vt 3.67308 -5.55 
vt 3.5 -5.55 
vt 3.67308 -5.25 
vt 3.5 -5.25 
vt 3.67308 -5.42308 
vt 3.5 -5.42308 
vt 3.67308 -5.25 
vt 3.5 -5.25 
vt 3.67308 -5.55 
vt 3.5 -5.55 
vt 3.67308 -5.25 
vt 3.5 -5.25 
vt 3.67308 -5.55 
vt 3.5 -5.55 
vt 3.67308 -5.25 
vt 3.5 -5.25 
vt 3.67308 -5.42308 
vt 3.5 -5.42308 
vt 3.67308 -5.25 
vt 3.5 -5.25 
vt 3.67308 -5.55 
vt 3.5 -5.55 

usemtl Part10Mtl

f 3321/3321/3321 3322/3322/3322 3323/3323/3323 
f 3323/3323/3323 3322/3322/3322 3324/3324/3324 
f 3325/3325/3325 3326/3326/3326 3327/3327/3327 
f 3327/3327/3327 3326/3326/3326 3328/3328/3328 
f 3329/3329/3329 3330/3330/3330 3331/3331/3331 
f 3331/3331/3331 3330/3330/3330 3332/3332/3332 
f 3333/3333/3333 3334/3334/3334 3335/3335/3335 
f 3335/3335/3335 3334/3334/3334 3336/3336/3336 
f 3337/3337/3337 3338/3338/3338 3339/3339/3339 
f 3339/3339/3339 3338/3338/3338 3340/3340/3340 
f 3341/3341/3341 3342/3342/3342 3343/3343/3343 
f 3343/3343/3343 3342/3342/3342 3344/3344/3344 

g Part76

v 117.961 142.193 9.935 
v 116.576 142.193 9.935 
v 117.961 139.793 9.93496 
v 116.576 139.793 9.93496 
v 116.576 142.193 8.55039 
v 116.576 142.193 9.935 
v 117.961 142.193 8.55039 
v 117.961 142.193 9.935 
v 116.576 142.193 9.935 
v 116.576 142.193 8.55039 
v 116.576 139.793 9.93496 
v 116.576 139.793 8.55035 
v 116.576 142.193 8.55039 
v 117.961 142.193 8.55039 
v 116.576 139.793 8.55035 
v 117.961 139.793 8.55035 
v 117.961 139.793 8.55035 
v 117.961 139.793 9.93496 
v 116.576 139.793 8.55035 
v 116.576 139.793 9.93496 
v 117.961 142.193 8.55039 
v 117.961 142.193 9.935 
v 117.961 139.793 8.55035 
v 117.961 139.793 9.93496 

vn 0 0 1 
vn 0 0 1 
vn 0 0 1 
vn 0 0 1 
vn 0 1 0 
vn 0 1 0 
vn 0 1 0 
vn 0 1 0 
vn -1 0 0 
vn -1 0 0 
vn -1 0 0 
vn -1 0 0 
vn 0 0 -1 
vn 0 0 -1 
vn 0 0 -1 
vn 0 0 -1 
vn 0 -1 0 
vn 0 -1 0 
vn 0 -1 0 
vn 0 -1 0 
vn 1 0 0 
vn 1 0 0 
vn 1 0 0 
vn 1 0 0 

vt 7.17308 -0.5 
vt 7 -0.5 
vt 7.17308 -0.799999 
vt 7 -0.799999 
vt 7.17308 -0.5 
vt 7 -0.5 
vt 7.17308 -0.673077 
vt 7 -0.673077 
vt 7.17308 -0.5 
vt 7 -0.5 
vt 7.17308 -0.799999 
vt 7 -0.799999 
vt 7.17308 -0.5 
vt 7 -0.5 
vt 7.17308 -0.799999 
vt 7 -0.799999 
vt 7.17308 -0.5 
vt 7 -0.5 
vt 7.17308 -0.673077 
vt 7 -0.673077 
vt 7.17308 -0.5 
vt 7 -0.5 
vt 7.17308 -0.799999 
vt 7 -0.799999 

usemtl Part10Mtl

f 3345/3345/3345 3346/3346/3346 3347/3347/3347 
f 3347/3347/3347 3346/3346/3346 3348/3348/3348 
f 3349/3349/3349 3350/3350/3350 3351/3351/3351 
f 3351/3351/3351 3350/3350/3350 3352/3352/3352 
f 3353/3353/3353 3354/3354/3354 3355/3355/3355 
f 3355/3355/3355 3354/3354/3354 3356/3356/3356 
f 3357/3357/3357 3358/3358/3358 3359/3359/3359 
f 3359/3359/3359 3358/3358/3358 3360/3360/3360 
f 3361/3361/3361 3362/3362/3362 3363/3363/3363 
f 3363/3363/3363 3362/3362/3362 3364/3364/3364 
f 3365/3365/3365 3366/3366/3366 3367/3367/3367 
f 3367/3367/3367 3366/3366/3366 3368/3368/3368 

g Part77

v 117.961 142.193 5.31977 
v 116.576 142.193 5.31977 
v 117.961 139.793 5.31972 
v 116.576 139.793 5.31972 
v 116.576 142.193 3.93516 
v 116.576 142.193 5.31977 
v 117.961 142.193 3.93516 
v 117.961 142.193 5.31977 
v 116.576 142.193 5.31977 
v 116.576 142.193 3.93516 
v 116.576 139.793 5.31972 
v 116.576 139.793 3.93512 
v 116.576 142.193 3.93516 
v 117.961 142.193 3.93516 
v 116.576 139.793 3.93512 
v 117.961 139.793 3.93512 
v 117.961 139.793 3.93512 
v 117.961 139.793 5.31972 
v 116.576 139.793 3.93512 
v 116.576 139.793 5.31972 
v 117.961 142.193 3.93516 
v 117.961 142.193 5.31977 
v 117.961 139.793 3.93512 
v 117.961 139.793 5.31972 

vn 0 0 1 
vn 0 0 1 
vn 0 0 1 
vn 0 0 1 
vn 0 1 0 
vn 0 1 0 
vn 0 1 0 
vn 0 1 0 
vn -1 0 0 
vn -1 0 0 
vn -1 0 0 
vn -1 0 0 
vn 0 0 -1 
vn 0 0 -1 
vn 0 0 -1 
vn 0 0 -1 
vn 0 -1 0 
vn 0 -1 0 
vn 0 -1 0 
vn 0 -1 0 
vn 1 0 0 
vn 1 0 0 
vn 1 0 0 
vn 1 0 0 

vt 2.92308 -3 
vt 2.75 -3 
vt 2.92308 -3.3 
vt 2.75 -3.3 
vt 2.92308 -3 
vt 2.75 -3 
vt 2.92308 -3.17308 
vt 2.75 -3.17308 
vt 2.92308 -3 
vt 2.75 -3 
vt 2.92308 -3.3 
vt 2.75 -3.3 
vt 2.92308 -3 
vt 2.75 -3 
vt 2.92308 -3.3 
vt 2.75 -3.3 
vt 2.92308 -3 
vt 2.75 -3 
vt 2.92308 -3.17308 
vt 2.75 -3.17308 
vt 2.92308 -3 
vt 2.75 -3 
vt 2.92308 -3.3 
vt 2.75 -3.3 

usemtl Part10Mtl

f 3369/3369/3369 3370/3370/3370 3371/3371/3371 
f 3371/3371/3371 3370/3370/3370 3372/3372/3372 
f 3373/3373/3373 3374/3374/3374 3375/3375/3375 
f 3375/3375/3375 3374/3374/3374 3376/3376/3376 
f 3377/3377/3377 3378/3378/3378 3379/3379/3379 
f 3379/3379/3379 3378/3378/3378 3380/3380/3380 
f 3381/3381/3381 3382/3382/3382 3383/3383/3383 
f 3383/3383/3383 3382/3382/3382 3384/3384/3384 
f 3385/3385/3385 3386/3386/3386 3387/3387/3387 
f 3387/3387/3387 3386/3386/3386 3388/3388/3388 
f 3389/3389/3389 3390/3390/3390 3391/3391/3391 
f 3391/3391/3391 3390/3390/3390 3392/3392/3392 

g Part78

v 117.96 141.293 9.93505 
v 111.96 141.293 9.93505 
v 117.96 139.793 9.93502 
v 111.96 139.793 9.93502 
v 111.96 141.293 3.93509 
v 111.96 141.293 9.93505 
v 117.96 141.293 3.93509 
v 117.96 141.293 9.93505 
v 111.96 141.293 9.93505 
v 111.96 141.293 3.93509 
v 111.96 139.793 9.93502 
v 111.96 139.793 3.93507 
v 111.96 141.293 3.93509 
v 117.96 141.293 3.93509 
v 111.96 139.793 3.93507 
v 117.96 139.793 3.93507 
v 117.96 139.793 3.93507 
v 117.96 139.793 9.93502 
v 111.96 139.793 3.93507 
v 111.96 139.793 9.93502 
v 117.96 141.293 3.93509 
v 117.96 141.293 9.93505 
v 117.96 139.793 3.93507 
v 117.96 139.793 9.93502 

vn 0 0 1 
vn 0 0 1 
vn 0 0 1 
vn 0 0 1 
vn 0 1 0 
vn 0 1 0 
vn 0 1 0 
vn 0 1 0 
vn -1 0 0 
vn -1 0 0 
vn -1 0 0 
vn -1 0 0 
vn 0 0 -1 
vn 0 0 -1 
vn 0 0 -1 
vn 0 0 -1 
vn 0 -1 0 
vn 0 -1 0 
vn 0 -1 0 
vn 0 -1 0 
vn 1 0 0 
vn 1 0 0 
vn 1 0 0 
vn 1 0 0 

vt 7.75 -2 
vt 7 -2 
vt 7.75 -2.1875 
vt 7 -2.1875 
vt 7.74999 -2 
vt 7 -2 
vt 7.74999 -2.75 
vt 7 -2.75 
vt 7.74999 -2 
vt 7 -2 
vt 7.74999 -2.1875 
vt 7 -2.1875 
vt 7.75 -2 
vt 7 -2 
vt 7.75 -2.1875 
vt 7 -2.1875 
vt 7.74999 -2 
vt 7 -2 
vt 7.74999 -2.75 
vt 7 -2.75 
vt 7.74999 -2 
vt 7 -2 
vt 7.74999 -2.1875 
vt 7 -2.1875 

usemtl Part10Mtl

f 3393/3393/3393 3394/3394/3394 3395/3395/3395 
f 3395/3395/3395 3394/3394/3394 3396/3396/3396 
f 3397/3397/3397 3398/3398/3398 3399/3399/3399 
f 3399/3399/3399 3398/3398/3398 3400/3400/3400 
f 3401/3401/3401 3402/3402/3402 3403/3403/3403 
f 3403/3403/3403 3402/3402/3402 3404/3404/3404 
f 3405/3405/3405 3406/3406/3406 3407/3407/3407 
f 3407/3407/3407 3406/3406/3406 3408/3408/3408 
f 3409/3409/3409 3410/3410/3410 3411/3411/3411 
f 3411/3411/3411 3410/3410/3410 3412/3412/3412 
f 3413/3413/3413 3414/3414/3414 3415/3415/3415 
f 3415/3415/3415 3414/3414/3414 3416/3416/3416 

g Part79

v 113.946 128.305 10.935 
v 113.946 128.305 10.935 
v 113.295 128.841 10.935 
v 113.901 128.887 10.935 
v 113.946 128.305 10.935 
v 113.946 128.305 2.93508 
v 113.901 128.887 10.935 
v 113.901 128.887 2.93508 
v 113.946 128.305 2.93508 
v 113.946 128.305 2.93508 
v 113.901 128.887 2.93508 
v 113.295 128.841 2.93508 
v 113.295 128.841 2.93508 
v 113.295 128.841 10.935 
v 113.901 128.887 2.93508 
v 113.901 128.887 10.935 
v 113.946 128.305 2.93508 
v 113.946 128.305 10.935 
v 113.295 128.841 2.93508 
v 113.295 128.841 10.935 

vn 0 0 1 
vn 0 0 1 
vn 0 0 1 
vn 0 0 1 
vn 1 0.0787402 0 
vn 1 0.0787402 0 
vn 1 0.0787402 0 
vn 1 0.0787402 0 
vn 0 0 -1 
vn 0 0 -1 
vn 0 0 -1 
vn 0 0 -1 
vn -0.0787402 1 0 
vn -0.0787402 1 0 
vn -0.0787402 1 0 
vn -0.0787402 1 0 
vn -0.637795 -0.771654 0 
vn -0.637795 -0.771654 0 
vn -0.637795 -0.771654 0 
vn -0.637795 -0.771654 0 

vt 7.25 -3.5 
vt 7.25 -3.5 
vt 7.32599 -3.57297 
vt 7.25 -3.57297 
vt 8.25 -3.5 
vt 7.25 -3.5 
vt 8.25 -3.57297 
vt 7.25 -3.57297 
vt 7.32599 -3.5 
vt 7.32599 -3.5 
vt 7.32599 -3.57297 
vt 7.25 -3.57297 
vt 8.25 -3.5 
vt 7.25 -3.5 
vt 8.25 -3.57599 
vt 7.25 -3.57599 
vt 8.25 -3.5 
vt 7.25 -3.5 
vt 8.25 -3.60535 
vt 7.25 -3.60535 

usemtl Part79Mtl

f 3417/3417/3417 3418/3418/3418 3419/3419/3419 
f 3419/3419/3419 3418/3418/3418 3420/3420/3420 
f 3421/3421/3421 3422/3422/3422 3423/3423/3423 
f 3423/3423/3423 3422/3422/3422 3424/3424/3424 
f 3425/3425/3425 3426/3426/3426 3427/3427/3427 
f 3427/3427/3427 3426/3426/3426 3428/3428/3428 
f 3429/3429/3429 3430/3430/3430 3431/3431/3431 
f 3431/3431/3431 3430/3430/3430 3432/3432/3432 
f 3433/3433/3433 3434/3434/3434 3435/3435/3435 
f 3435/3435/3435 3434/3434/3434 3436/3436/3436 

g Part80

v 116.761 128.522 2.93508 
v 116.761 128.522 2.93508 
v 117.323 129.15 2.93508 
v 116.717 129.104 2.93508 
v 116.761 128.522 2.93508 
v 116.761 128.522 10.935 
v 116.717 129.104 2.93508 
v 116.717 129.104 10.935 
v 116.761 128.522 10.935 
v 116.761 128.522 10.935 
v 116.717 129.104 10.935 
v 117.323 129.15 10.935 
v 117.323 129.15 10.935 
v 117.323 129.15 2.93508 
v 116.717 129.104 10.935 
v 116.717 129.104 2.93508 
v 116.761 128.522 10.935 
v 116.761 128.522 2.93508 
v 117.323 129.15 10.935 
v 117.323 129.15 2.93508 

vn 0 0 -1 
vn 0 0 -1 
vn 0 0 -1 
vn 0 0 -1 
vn -1 -0.0787402 0 
vn -1 -0.0787402 0 
vn -1 -0.0787402 0 
vn -1 -0.0787402 0 
vn 0 0 1 
vn 0 0 1 
vn 0 0 1 
vn 0 0 1 
vn -0.0787402 1 0 
vn -0.0787402 1 0 
vn -0.0787402 1 0 
vn -0.0787402 1 0 
vn 0.748031 -0.669291 0 
vn 0.748031 -0.669291 0 
vn 0.748031 -0.669291 0 
vn 0.748031 -0.669291 0 

vt 3.75 -4.25 
vt 3.75 -4.25 
vt 3.82599 -4.32297 
vt 3.75 -4.32297 
vt 4.75 -4.25 
vt 3.75 -4.25 
vt 4.75 -4.32297 
vt 3.75 -4.32297 
vt 3.82599 -4.25 
vt 3.82599 -4.25 
vt 3.82599 -4.32297 
vt 3.75 -4.32297 
vt 4.75 -4.25 
vt 3.75 -4.25 
vt 4.75 -4.32599 
vt 3.75 -4.32599 
vt 4.75 -4.25 
vt 3.75 -4.25 
vt 4.75 -4.35535 
vt 3.75 -4.35535 

usemtl Part79Mtl

f 3437/3437/3437 3438/3438/3438 3439/3439/3439 
f 3439/3439/3439 3438/3438/3438 3440/3440/3440 
f 3441/3441/3441 3442/3442/3442 3443/3443/3443 
f 3443/3443/3443 3442/3442/3442 3444/3444/3444 
f 3445/3445/3445 3446/3446/3446 3447/3447/3447 
f 3447/3447/3447 3446/3446/3446 3448/3448/3448 
f 3449/3449/3449 3450/3450/3450 3451/3451/3451 
f 3451/3451/3451 3450/3450/3450 3452/3452/3452 
f 3453/3453/3453 3454/3454/3454 3455/3455/3455 
f 3455/3455/3455 3454/3454/3454 3456/3456/3456 

g Part81

v 116.149 136.482 10.935 
v 116.149 136.482 10.935 
v 116.8 135.947 10.935 
v 116.194 135.9 10.935 
v 116.149 136.482 10.935 
v 116.149 136.482 2.93508 
v 116.194 135.9 10.935 
v 116.194 135.9 2.93508 
v 116.149 136.482 2.93508 
v 116.149 136.482 2.93508 
v 116.194 135.9 2.93508 
v 116.8 135.947 2.93508 
v 116.8 135.947 2.93508 
v 116.8 135.947 10.935 
v 116.194 135.9 2.93508 
v 116.194 135.9 10.935 
v 116.149 136.482 2.93508 
v 116.149 136.482 10.935 
v 116.8 135.947 2.93508 
v 116.8 135.947 10.935 

vn 0 0 1 
vn 0 0 1 
vn 0 0 1 
vn 0 0 1 
vn -1 -0.0787402 0 
vn -1 -0.0787402 0 
vn -1 -0.0787402 0 
vn -1 -0.0787402 0 
vn 0 0 -1 
vn 0 0 -1 
vn 0 0 -1 
vn 0 0 -1 
vn 0.0787402 -1 0 
vn 0.0787402 -1 0 
vn 0.0787402 -1 0 
vn 0.0787402 -1 0 
vn 0.637795 0.771654 0 
vn 0.637795 0.771654 0 
vn 0.637795 0.771654 0 
vn 0.637795 0.771654 0 

vt 7.75 -5.25 
vt 7.75 -5.25 
vt 7.82599 -5.32297 
vt 7.75 -5.32297 
vt 8.75 -5.25 
vt 7.75 -5.25 
vt 8.75 -5.32297 
vt 7.75 -5.32297 
vt 7.82599 -5.25 
vt 7.82599 -5.25 
vt 7.82599 -5.32297 
vt 7.75 -5.32297 
vt 8.75 -5.25 
vt 7.75 -5.25 
vt 8.75 -5.32599 
vt 7.75 -5.32599 
vt 8.75 -5.25 
vt 7.75 -5.25 
vt 8.75 -5.35535 
vt 7.75 -5.35535 

usemtl Part79Mtl

f 3457/3457/3457 3458/3458/3458 3459/3459/3459 
f 3459/3459/3459 3458/3458/3458 3460/3460/3460 
f 3461/3461/3461 3462/3462/3462 3463/3463/3463 
f 3463/3463/3463 3462/3462/3462 3464/3464/3464 
f 3465/3465/3465 3466/3466/3466 3467/3467/3467 
f 3467/3467/3467 3466/3466/3466 3468/3468/3468 
f 3469/3469/3469 3470/3470/3470 3471/3471/3471 
f 3471/3471/3471 3470/3470/3470 3472/3472/3472 
f 3473/3473/3473 3474/3474/3474 3475/3475/3475 
f 3475/3475/3475 3474/3474/3474 3476/3476/3476 

g Part82

v 113.334 136.266 2.93508 
v 113.334 136.266 2.93508 
v 112.772 135.637 2.93508 
v 113.379 135.684 2.93508 
v 113.334 136.266 2.93508 
v 113.334 136.266 10.935 
v 113.379 135.684 2.93508 
v 113.379 135.684 10.935 
v 113.334 136.266 10.935 
v 113.334 136.266 10.935 
v 113.379 135.684 10.935 
v 112.772 135.637 10.935 
v 112.772 135.637 10.935 
v 112.772 135.637 2.93508 
v 113.379 135.684 10.935 
v 113.379 135.684 2.93508 
v 113.334 136.266 10.935 
v 113.334 136.266 2.93508 
v 112.772 135.637 10.935 
v 112.772 135.637 2.93508 

vn 0 0 -1 
vn 0 0 -1 
vn 0 0 -1 
vn 0 0 -1 
vn 1 0.0787402 0 
vn 1 0.0787402 0 
vn 1 0.0787402 0 
vn 1 0.0787402 0 
vn 0 0 1 
vn 0 0 1 
vn 0 0 1 
vn 0 0 1 
vn 0.0787402 -1 0 
vn 0.0787402 -1 0 
vn 0.0787402 -1 0 
vn 0.0787402 -1 0 
vn -0.748031 0.669291 0 
vn -0.748031 0.669291 0 
vn -0.748031 0.669291 0 
vn -0.748031 0.669291 0 

vt 5.5 -1 
vt 5.5 -1 
vt 5.57599 -1.07297 
vt 5.5 -1.07297 
vt 6.5 -1 
vt 5.5 -1 
vt 6.5 -1.07297 
vt 5.5 -1.07297 
vt 5.57599 -1 
vt 5.57599 -1 
vt 5.57599 -1.07297 
vt 5.5 -1.07297 
vt 6.5 -1 
vt 5.5 -1 
vt 6.5 -1.07599 
vt 5.5 -1.07599 
vt 6.5 -1 
vt 5.5 -1 
vt 6.5 -1.10535 
vt 5.5 -1.10535 

usemtl Part79Mtl

f 3477/3477/3477 3478/3478/3478 3479/3479/3479 
f 3479/3479/3479 3478/3478/3478 3480/3480/3480 
f 3481/3481/3481 3482/3482/3482 3483/3483/3483 
f 3483/3483/3483 3482/3482/3482 3484/3484/3484 
f 3485/3485/3485 3486/3486/3486 3487/3487/3487 
f 3487/3487/3487 3486/3486/3486 3488/3488/3488 
f 3489/3489/3489 3490/3490/3490 3491/3491/3491 
f 3491/3491/3491 3490/3490/3490 3492/3492/3492 
f 3493/3493/3493 3494/3494/3494 3495/3495/3495 
f 3495/3495/3495 3494/3494/3494 3496/3496/3496 

g Part83

v 116.8 135.947 2.93508 
v 116.8 135.947 10.935 
v 117.323 129.15 2.93508 
v 117.323 129.15 10.935 
v 112.781 135.638 10.935 
v 116.8 135.947 10.935 
v 112.781 135.638 2.93508 
v 116.8 135.947 2.93508 
v 116.8 135.947 10.935 
v 112.781 135.638 10.935 
v 117.323 129.15 10.935 
v 113.304 128.841 10.935 
v 112.781 135.638 10.935 
v 112.781 135.638 2.93508 
v 113.304 128.841 10.935 
v 113.304 128.841 2.93508 
v 113.304 128.841 2.93508 
v 117.323 129.15 2.93508 
v 113.304 128.841 10.935 
v 117.323 129.15 10.935 
v 112.781 135.638 2.93508 
v 116.8 135.947 2.93508 
v 113.304 128.841 2.93508 
v 117.323 129.15 2.93508 

vn 1 0.0787402 0 
vn 1 0.0787402 0 
vn 1 0.0787402 0 
vn 1 0.0787402 0 
vn -0.0787402 1 0 
vn -0.0787402 1 0 
vn -0.0787402 1 0 
vn -0.0787402 1 0 
vn 0 0 1 
vn 0 0 1 
vn 0 0 1 
vn 0 0 1 
vn -1 -0.0787402 0 
vn -1 -0.0787402 0 
vn -1 -0.0787402 0 
vn -1 -0.0787402 0 
vn 0.0787402 -1 0 
vn 0.0787402 -1 0 
vn 0.0787402 -1 0 
vn 0.0787402 -1 0 
vn 0 0 -1 
vn 0 0 -1 
vn 0 0 -1 
vn 0 0 -1 

vt 4.25 -0.75 
vt 3.25 -0.75 
vt 4.25 -1.60203 
vt 3.25 -1.60203 
vt 3.75388 -0.75 
vt 3.25 -0.75 
vt 3.75388 -1.75 
vt 3.25 -1.75 
vt 3.75388 -0.75 
vt 3.25 -0.75 
vt 3.75388 -1.60203 
vt 3.25 -1.60203 
vt 4.25 -0.75 
vt 3.25 -0.75 
vt 4.25 -1.60203 
vt 3.25 -1.60203 
vt 3.75388 -0.75 
vt 3.25 -0.75 
vt 3.75388 -1.75 
vt 3.25 -1.75 
vt 3.75388 -0.75 
vt 3.25 -0.75 
vt 3.75388 -1.60203 
vt 3.25 -1.60203 

usemtl Part79Mtl

f 3497/3497/3497 3498/3498/3498 3499/3499/3499 
f 3499/3499/3499 3498/3498/3498 3500/3500/3500 
f 3501/3501/3501 3502/3502/3502 3503/3503/3503 
f 3503/3503/3503 3502/3502/3502 3504/3504/3504 
f 3505/3505/3505 3506/3506/3506 3507/3507/3507 
f 3507/3507/3507 3506/3506/3506 3508/3508/3508 
f 3509/3509/3509 3510/3510/3510 3511/3511/3511 
f 3511/3511/3511 3510/3510/3510 3512/3512/3512 
f 3513/3513/3513 3514/3514/3514 3515/3515/3515 
f 3515/3515/3515 3514/3514/3514 3516/3516/3516 
f 3517/3517/3517 3518/3518/3518 3519/3519/3519 
f 3519/3519/3519 3518/3518/3518 3520/3520/3520 

g Part84

v 116.149 136.482 2.93508 
v 116.149 136.482 10.935 
v 116.762 128.517 2.93508 
v 116.762 128.517 10.935 
v 113.334 136.266 10.935 
v 116.149 136.482 10.935 
v 113.334 136.266 2.93508 
v 116.149 136.482 2.93508 
v 116.149 136.482 10.935 
v 113.334 136.266 10.935 
v 116.762 128.517 10.935 
v 113.946 128.3 10.935 
v 113.334 136.266 10.935 
v 113.334 136.266 2.93508 
v 113.946 128.3 10.935 
v 113.946 128.3 2.93508 
v 113.946 128.3 2.93508 
v 116.762 128.517 2.93508 
v 113.946 128.3 10.935 
v 116.762 128.517 10.935 
v 113.334 136.266 2.93508 
v 116.149 136.482 2.93508 
v 113.946 128.3 2.93508 
v 116.762 128.517 2.93508 

vn 1 0.0787402 0 
vn 1 0.0787402 0 
vn 1 0.0787402 0 
vn 1 0.0787402 0 
vn -0.0787402 1 0 
vn -0.0787402 1 0 
vn -0.0787402 1 0 
vn -0.0787402 1 0 
vn 0 0 1 
vn 0 0 1 
vn 0 0 1 
vn 0 0 1 
vn -1 -0.0787402 0 
vn -1 -0.0787402 0 
vn -1 -0.0787402 0 
vn -1 -0.0787402 0 
vn 0.0787402 -1 0 
vn 0.0787402 -1 0 
vn 0.0787402 -1 0 
vn 0.0787402 -1 0 
vn 0 0 -1 
vn 0 0 -1 
vn 0 0 -1 
vn 0 0 -1 

vt 7 -1.25 
vt 6 -1.25 
vt 7 -2.24863 
vt 6 -2.24863 
vt 6.35301 -1.25 
vt 6 -1.25 
vt 6.35301 -2.25 
vt 6 -2.25 
vt 6.35301 -1.25 
vt 6 -1.25 
vt 6.35301 -2.24863 
vt 6 -2.24863 
vt 7 -1.25 
vt 6 -1.25 
vt 7 -2.24863 
vt 6 -2.24863 
vt 6.35301 -1.25 
vt 6 -1.25 
vt 6.35301 -2.25 
vt 6 -2.25 
vt 6.35301 -1.25 
vt 6 -1.25 
vt 6.35301 -2.24863 
vt 6 -2.24863 

usemtl Part79Mtl

f 3521/3521/3521 3522/3522/3522 3523/3523/3523 
f 3523/3523/3523 3522/3522/3522 3524/3524/3524 
f 3525/3525/3525 3526/3526/3526 3527/3527/3527 
f 3527/3527/3527 3526/3526/3526 3528/3528/3528 
f 3529/3529/3529 3530/3530/3530 3531/3531/3531 
f 3531/3531/3531 3530/3530/3530 3532/3532/3532 
f 3533/3533/3533 3534/3534/3534 3535/3535/3535 
f 3535/3535/3535 3534/3534/3534 3536/3536/3536 
f 3537/3537/3537 3538/3538/3538 3539/3539/3539 
f 3539/3539/3539 3538/3538/3538 3540/3540/3540 
f 3541/3541/3541 3542/3542/3542 3543/3543/3543 
f 3543/3543/3543 3542/3542/3542 3544/3544/3544 

g Part85

v 121.065 124.821 2.06733 
v 121.065 124.821 2.06733 
v 120.372 124.911 1.59569 
v 120.492 124.8 2.18105 
v 121.065 124.821 2.06733 
v 121.065 128.792 2.82179 
v 120.492 124.8 2.18105 
v 120.492 128.77 2.93551 
v 121.065 128.792 2.82179 
v 121.065 128.792 2.82179 
v 120.492 128.77 2.93551 
v 120.372 128.882 2.35015 
v 120.372 128.882 2.35015 
v 120.372 124.911 1.59569 
v 120.492 128.77 2.93551 
v 120.492 124.8 2.18105 
v 121.065 128.792 2.82179 
v 121.065 124.821 2.06733 
v 120.372 128.882 2.35015 
v 120.372 124.911 1.59569 

vn 0 -0.984252 -0.188976 
vn 0 -0.984252 -0.188976 
vn 0 -0.984252 -0.188976 
vn 0 -0.984252 -0.188976 
vn 0.19685 -0.181102 0.96063 
vn 0.19685 -0.181102 0.96063 
vn 0.19685 -0.181102 0.96063 
vn 0.19685 -0.181102 0.96063 
vn 0 0.984252 0.188976 
vn 0 0.984252 0.188976 
vn 0 0.984252 0.188976 
vn 0 0.984252 0.188976 
vn -0.976378 -0.0393701 0.19685 
vn -0.976378 -0.0393701 0.19685 
vn -0.976378 -0.0393701 0.19685 
vn -0.976378 -0.0393701 0.19685 
vn 0.566929 0.149606 -0.811024 
vn 0.566929 0.149606 -0.811024 
vn 0.566929 0.149606 -0.811024 
vn 0.566929 0.149606 -0.811024 

vt 0.5 -1.75 
vt 0.5 -1.75 
vt 0.575989 -1.82297 
vt 0.5 -1.82297 
vt 1.00522 -1.75 
vt 0.5 -1.75 
vt 1.00522 -1.82297 
vt 0.5 -1.82297 
vt 0.575989 -1.75 
vt 0.575989 -1.75 
vt 0.575989 -1.82297 
vt 0.5 -1.82297 
vt 1.00522 -1.75 
vt 0.5 -1.75 
vt 1.00522 -1.82599 
vt 0.5 -1.82599 
vt 1.00522 -1.75 
vt 0.5 -1.75 
vt 1.00522 -1.85535 
vt 0.5 -1.85535 

usemtl Part10Mtl

f 3545/3545/3545 3546/3546/3546 3547/3547/3547 
f 3547/3547/3547 3546/3546/3546 3548/3548/3548 
f 3549/3549/3549 3550/3550/3550 3551/3551/3551 
f 3551/3551/3551 3550/3550/3550 3552/3552/3552 
f 3553/3553/3553 3554/3554/3554 3555/3555/3555 
f 3555/3555/3555 3554/3554/3554 3556/3556/3556 
f 3557/3557/3557 3558/3558/3558 3559/3559/3559 
f 3559/3559/3559 3558/3558/3558 3560/3560/3560 
f 3561/3561/3561 3562/3562/3562 3563/3563/3563 
f 3563/3563/3563 3562/3562/3562 3564/3564/3564 

g Part86

v 113.239 128.497 4.37741 
v 113.239 128.497 4.37741 
v 113.691 128.629 3.67832 
v 113.812 128.518 4.26368 
v 113.239 128.497 4.37741 
v 113.239 124.526 3.62295 
v 113.812 128.518 4.26368 
v 113.812 124.548 3.50923 
v 113.239 124.526 3.62295 
v 113.239 124.526 3.62295 
v 113.812 124.548 3.50923 
v 113.691 124.659 2.92386 
v 113.691 124.659 2.92386 
v 113.691 128.629 3.67832 
v 113.812 124.548 3.50923 
v 113.812 128.518 4.26368 
v 113.239 124.526 3.62295 
v 113.239 128.497 4.37741 
v 113.691 124.659 2.92386 
v 113.691 128.629 3.67832 

vn 0 0.984252 0.188976 
vn 0 0.984252 0.188976 
vn 0 0.984252 0.188976 
vn 0 0.984252 0.188976 
vn 0.19685 -0.181102 0.96063 
vn 0.19685 -0.181102 0.96063 
vn 0.19685 -0.181102 0.96063 
vn 0.19685 -0.181102 0.96063 
vn 0 -0.984252 -0.188976 
vn 0 -0.984252 -0.188976 
vn 0 -0.984252 -0.188976 
vn 0 -0.984252 -0.188976 
vn 0.976378 0.0393701 -0.19685 
vn 0.976378 0.0393701 -0.19685 
vn 0.976378 0.0393701 -0.19685 
vn 0.976378 0.0393701 -0.19685 
vn -0.84252 0.102362 -0.527559 
vn -0.84252 0.102362 -0.527559 
vn -0.84252 0.102362 -0.527559 
vn -0.84252 0.102362 -0.527559 

vt 6.25 0.75 
vt 6.25 0.75 
vt 6.32599 0.677033 
vt 6.25 0.677033 
vt 6.75522 0.75 
vt 6.25 0.75 
vt 6.75522 0.677033 
vt 6.25 0.677033 
vt 6.32599 0.75 
vt 6.32599 0.75 
vt 6.32599 0.677033 
vt 6.25 0.677033 
vt 6.75522 0.75 
vt 6.25 0.75 
vt 6.75522 0.674011 
vt 6.25 0.674011 
vt 6.75522 0.75 
vt 6.25 0.75 
vt 6.75522 0.64465 
vt 6.25 0.64465 

usemtl Part10Mtl

f 3565/3565/3565 3566/3566/3566 3567/3567/3567 
f 3567/3567/3567 3566/3566/3566 3568/3568/3568 
f 3569/3569/3569 3570/3570/3570 3571/3571/3571 
f 3571/3571/3571 3570/3570/3570 3572/3572/3572 
f 3573/3573/3573 3574/3574/3574 3575/3575/3575 
f 3575/3575/3575 3574/3574/3574 3576/3576/3576 
f 3577/3577/3577 3578/3578/3578 3579/3579/3579 
f 3579/3579/3579 3578/3578/3578 3580/3580/3580 
f 3581/3581/3581 3582/3582/3582 3583/3583/3583 
f 3583/3583/3583 3582/3582/3582 3584/3584/3584 

g Part87

v 113.691 124.659 2.92385 
v 113.691 128.629 3.67831 
v 120.372 124.911 1.59592 
v 120.372 128.882 2.35038 
v 114.49 127.892 7.55984 
v 113.691 128.629 3.67831 
v 114.49 123.921 6.80539 
v 113.691 124.659 2.92385 
v 113.691 128.629 3.67831 
v 114.49 127.892 7.55984 
v 120.372 128.882 2.35038 
v 121.171 128.144 6.23191 
v 114.49 127.892 7.55984 
v 114.49 123.921 6.80539 
v 121.171 128.144 6.23191 
v 121.171 124.173 5.47745 
v 121.171 124.173 5.47745 
v 120.372 124.911 1.59592 
v 121.171 128.144 6.23191 
v 120.372 128.882 2.35038 
v 114.49 123.921 6.80539 
v 113.691 124.659 2.92385 
v 121.171 124.173 5.47745 
v 120.372 124.911 1.59592 

vn -0.19685 0.181102 -0.96063 
vn -0.19685 0.181102 -0.96063 
vn -0.19685 0.181102 -0.96063 
vn -0.19685 0.181102 -0.96063 
vn -0.976378 -0.0393701 0.19685 
vn -0.976378 -0.0393701 0.19685 
vn -0.976378 -0.0393701 0.19685 
vn -0.976378 -0.0393701 0.19685 
vn 0 0.984252 0.188976 
vn 0 0.984252 0.188976 
vn 0 0.984252 0.188976 
vn 0 0.984252 0.188976 
vn 0.19685 -0.181102 0.96063 
vn 0.19685 -0.181102 0.96063 
vn 0.19685 -0.181102 0.96063 
vn 0.19685 -0.181102 0.96063 
vn 0.976378 0.0393701 -0.19685 
vn 0.976378 0.0393701 -0.19685 
vn 0.976378 0.0393701 -0.19685 
vn 0.976378 0.0393701 -0.19685 
vn 0 -0.984252 -0.188976 
vn 0 -0.984252 -0.188976 
vn 0 -0.984252 -0.188976 
vn 0 -0.984252 -0.188976 

vt 0.75522 -5.75 
vt 0.25 -5.75 
vt 0.75522 -6.60203 
vt 0.25 -6.60203 
vt 0.753881 -5.75 
vt 0.25 -5.75 
vt 0.753881 -6.25522 
vt 0.25 -6.25522 
vt 0.753881 -5.75 
vt 0.25 -5.75 
vt 0.753881 -6.60203 
vt 0.25 -6.60203 
vt 0.75522 -5.75 
vt 0.25 -5.75 
vt 0.75522 -6.60203 
vt 0.25 -6.60203 
vt 0.753881 -5.75 
vt 0.25 -5.75 
vt 0.753881 -6.25522 
vt 0.25 -6.25522 
vt 0.753881 -5.75 
vt 0.25 -5.75 
vt 0.753881 -6.60203 
vt 0.25 -6.60203 

usemtl Part10Mtl

f 3585/3585/3585 3586/3586/3586 3587/3587/3587 
f 3587/3587/3587 3586/3586/3586 3588/3588/3588 
f 3589/3589/3589 3590/3590/3590 3591/3591/3591 
f 3591/3591/3591 3590/3590/3590 3592/3592/3592 
f 3593/3593/3593 3594/3594/3594 3595/3595/3595 
f 3595/3595/3595 3594/3594/3594 3596/3596/3596 
f 3597/3597/3597 3598/3598/3598 3599/3599/3599 
f 3599/3599/3599 3598/3598/3598 3600/3600/3600 
f 3601/3601/3601 3602/3602/3602 3603/3603/3603 
f 3603/3603/3603 3602/3602/3602 3604/3604/3604 
f 3605/3605/3605 3606/3606/3606 3607/3607/3607 
f 3607/3607/3607 3606/3606/3606 3608/3608/3608 

g Part88

v 113.799 124.009 6.34227 
v 113.799 124.009 6.34227 
v 114.492 123.92 6.81391 
v 114.371 124.031 6.22855 
v 113.799 124.009 6.34227 
v 113.799 127.98 7.09673 
v 114.371 124.031 6.22855 
v 114.371 128.002 6.98301 
v 113.799 127.98 7.09673 
v 113.799 127.98 7.09673 
v 114.371 128.002 6.98301 
v 114.492 127.89 7.56837 
v 114.492 127.89 7.56837 
v 114.492 123.92 6.81391 
v 114.371 128.002 6.98301 
v 114.371 124.031 6.22855 
v 113.799 127.98 7.09673 
v 113.799 124.009 6.34227 
v 114.492 127.89 7.56837 
v 114.492 123.92 6.81391 

vn 0 -0.984252 -0.188976 
vn 0 -0.984252 -0.188976 
vn 0 -0.984252 -0.188976 
vn 0 -0.984252 -0.188976 
vn -0.19685 0.181102 -0.96063 
vn -0.19685 0.181102 -0.96063 
vn -0.19685 0.181102 -0.96063 
vn -0.19685 0.181102 -0.96063 
vn 0 0.984252 0.188976 
vn 0 0.984252 0.188976 
vn 0 0.984252 0.188976 
vn 0 0.984252 0.188976 
vn 0.976378 0.0393701 -0.19685 
vn 0.976378 0.0393701 -0.19685 
vn 0.976378 0.0393701 -0.19685 
vn 0.976378 0.0393701 -0.19685 
vn -0.566929 -0.149606 0.811024 
vn -0.566929 -0.149606 0.811024 
vn -0.566929 -0.149606 0.811024 
vn -0.566929 -0.149606 0.811024 

vt 1.75 -1.5 
vt 1.75 -1.5 
vt 1.82599 -1.57297 
vt 1.75 -1.57297 
vt 2.25522 -1.5 
vt 1.75 -1.5 
vt 2.25522 -1.57297 
vt 1.75 -1.57297 
vt 1.82599 -1.5 
vt 1.82599 -1.5 
vt 1.82599 -1.57297 
vt 1.75 -1.57297 
vt 2.25522 -1.5 
vt 1.75 -1.5 
vt 2.25522 -1.57599 
vt 1.75 -1.57599 
vt 2.25522 -1.5 
vt 1.75 -1.5 
vt 2.25522 -1.60535 
vt 1.75 -1.60535 

usemtl Part10Mtl

f 3609/3609/3609 3610/3610/3610 3611/3611/3611 
f 3611/3611/3611 3610/3610/3610 3612/3612/3612 
f 3613/3613/3613 3614/3614/3614 3615/3615/3615 
f 3615/3615/3615 3614/3614/3614 3616/3616/3616 
f 3617/3617/3617 3618/3618/3618 3619/3619/3619 
f 3619/3619/3619 3618/3618/3618 3620/3620/3620 
f 3621/3621/3621 3622/3622/3622 3623/3623/3623 
f 3623/3623/3623 3622/3622/3622 3624/3624/3624 
f 3625/3625/3625 3626/3626/3626 3627/3627/3627 
f 3627/3627/3627 3626/3626/3626 3628/3628/3628 

g Part89

v 121.625 128.275 5.54111 
v 121.625 128.275 5.54111 
v 121.173 128.143 6.2402 
v 121.052 128.254 5.65484 
v 121.625 128.275 5.54111 
v 121.625 124.305 4.78666 
v 121.052 128.254 5.65484 
v 121.052 124.283 4.90038 
v 121.625 124.305 4.78666 
v 121.625 124.305 4.78666 
v 121.052 124.283 4.90038 
v 121.173 124.172 5.48574 
v 121.173 124.172 5.48574 
v 121.173 128.143 6.2402 
v 121.052 124.283 4.90038 
v 121.052 128.254 5.65484 
v 121.625 124.305 4.78666 
v 121.625 128.275 5.54111 
v 121.173 124.172 5.48574 
v 121.173 128.143 6.2402 

vn 0 0.984252 0.188976 
vn 0 0.984252 0.188976 
vn 0 0.984252 0.188976 
vn 0 0.984252 0.188976 
vn -0.19685 0.181102 -0.96063 
vn -0.19685 0.181102 -0.96063 
vn -0.19685 0.181102 -0.96063 
vn -0.19685 0.181102 -0.96063 
vn 0 -0.984252 -0.188976 
vn 0 -0.984252 -0.188976 
vn 0 -0.984252 -0.188976 
vn 0 -0.984252 -0.188976 
vn -0.976378 -0.0393701 0.19685 
vn -0.976378 -0.0393701 0.19685 
vn -0.976378 -0.0393701 0.19685 
vn -0.976378 -0.0393701 0.19685 
vn 0.84252 -0.102362 0.527559 
vn 0.84252 -0.102362 0.527559 
vn 0.84252 -0.102362 0.527559 
vn 0.84252 -0.102362 0.527559 

vt 0.75 0.5 
vt 0.75 0.5 
vt 0.825989 0.427033 
vt 0.75 0.427033 
vt 1.25522 0.5 
vt 0.75 0.5 
vt 1.25522 0.427033 
vt 0.75 0.427033 
vt 0.825989 0.5 
vt 0.825989 0.5 
vt 0.825989 0.427033 
vt 0.75 0.427033 
vt 1.25522 0.5 
vt 0.75 0.5 
vt 1.25522 0.424011 
vt 0.75 0.424011 
vt 1.25522 0.5 
vt 0.75 0.5 
vt 1.25522 0.39465 
vt 0.75 0.39465 

usemtl Part10Mtl

f 3629/3629/3629 3630/3630/3630 3631/3631/3631 
f 3631/3631/3631 3630/3630/3630 3632/3632/3632 
f 3633/3633/3633 3634/3634/3634 3635/3635/3635 
f 3635/3635/3635 3634/3634/3634 3636/3636/3636 
f 3637/3637/3637 3638/3638/3638 3639/3639/3639 
f 3639/3639/3639 3638/3638/3638 3640/3640/3640 
f 3641/3641/3641 3642/3642/3642 3643/3643/3643 
f 3643/3643/3643 3642/3642/3642 3644/3644/3644 
f 3645/3645/3645 3646/3646/3646 3647/3647/3647 
f 3647/3647/3647 3646/3646/3646 3648/3648/3648 

g Part90

v 113.239 124.526 3.62286 
v 113.239 128.497 4.37732 
v 121.07 124.822 2.06645 
v 121.07 128.792 2.82091 
v 113.799 127.98 7.09663 
v 113.239 128.497 4.37732 
v 113.799 124.009 6.34217 
v 113.239 124.526 3.62286 
v 113.239 128.497 4.37732 
v 113.799 127.98 7.09663 
v 121.07 128.792 2.82091 
v 121.63 128.276 5.54022 
v 113.799 127.98 7.09663 
v 113.799 124.009 6.34217 
v 121.63 128.276 5.54022 
v 121.63 124.305 4.78576 
v 121.63 124.305 4.78576 
v 121.07 124.822 2.06645 
v 121.63 128.276 5.54022 
v 121.07 128.792 2.82091 
v 113.799 124.009 6.34217 
v 113.239 124.526 3.62286 
v 121.63 124.305 4.78576 
v 121.07 124.822 2.06645 

vn -0.19685 0.181102 -0.96063 
vn -0.19685 0.181102 -0.96063 
vn -0.19685 0.181102 -0.96063 
vn -0.19685 0.181102 -0.96063 
vn -0.976378 -0.0393701 0.19685 
vn -0.976378 -0.0393701 0.19685 
vn -0.976378 -0.0393701 0.19685 
vn -0.976378 -0.0393701 0.19685 
vn 0 0.984252 0.188976 
vn 0 0.984252 0.188976 
vn 0 0.984252 0.188976 
vn 0 0.984252 0.188976 
vn 0.19685 -0.181102 0.96063 
vn 0.19685 -0.181102 0.96063 
vn 0.19685 -0.181102 0.96063 
vn 0.19685 -0.181102 0.96063 
vn 0.976378 0.0393701 -0.19685 
vn 0.976378 0.0393701 -0.19685 
vn 0.976378 0.0393701 -0.19685 
vn 0.976378 0.0393701 -0.19685 
vn 0 -0.984252 -0.188976 
vn 0 -0.984252 -0.188976 
vn 0 -0.984252 -0.188976 
vn 0 -0.984252 -0.188976 

vt 8.00522 -4.5 
vt 7.5 -4.5 
vt 8.00522 -5.49863 
vt 7.5 -5.49863 
vt 7.85301 -4.5 
vt 7.5 -4.5 
vt 7.85301 -5.00522 
vt 7.5 -5.00522 
vt 7.85301 -4.5 
vt 7.5 -4.5 
vt 7.85301 -5.49863 
vt 7.5 -5.49863 
vt 8.00522 -4.5 
vt 7.5 -4.5 
vt 8.00522 -5.49863 
vt 7.5 -5.49863 
vt 7.85301 -4.5 
vt 7.5 -4.5 
vt 7.85301 -5.00522 
vt 7.5 -5.00522 
vt 7.85301 -4.5 
vt 7.5 -4.5 
vt 7.85301 -5.49863 
vt 7.5 -5.49863 

usemtl Part10Mtl

f 3649/3649/3649 3650/3650/3650 3651/3651/3651 
f 3651/3651/3651 3650/3650/3650 3652/3652/3652 
f 3653/3653/3653 3654/3654/3654 3655/3655/3655 
f 3655/3655/3655 3654/3654/3654 3656/3656/3656 
f 3657/3657/3657 3658/3658/3658 3659/3659/3659 
f 3659/3659/3659 3658/3658/3658 3660/3660/3660 
f 3661/3661/3661 3662/3662/3662 3663/3663/3663 
f 3663/3663/3663 3662/3662/3662 3664/3664/3664 
f 3665/3665/3665 3666/3666/3666 3667/3667/3667 
f 3667/3667/3667 3666/3666/3666 3668/3668/3668 
f 3669/3669/3669 3670/3670/3670 3671/3671/3671 
f 3671/3671/3671 3670/3670/3670 3672/3672/3672 

g Part91

v 121.615 124.103 9.5579 
v 121.615 124.103 9.5579 
v 121.143 123.96 8.87484 
v 121.04 124.103 9.45654 
v 121.615 124.103 9.5579 
v 121.781 128.031 8.61686 
v 121.04 124.103 9.45654 
v 121.206 128.031 8.5155 
v 121.781 128.031 8.61686 
v 121.781 128.031 8.61686 
v 121.206 128.031 8.5155 
v 121.309 127.887 7.9338 
v 121.309 127.887 7.9338 
v 121.143 123.96 8.87484 
v 121.206 128.031 8.5155 
v 121.04 124.103 9.45654 
v 121.781 128.031 8.61686 
v 121.615 124.103 9.5579 
v 121.309 127.887 7.9338 
v 121.143 123.96 8.87484 

vn -0.0393701 -0.968504 0.23622 
vn -0.0393701 -0.968504 0.23622 
vn -0.0393701 -0.968504 0.23622 
vn -0.0393701 -0.968504 0.23622 
vn -0.165354 0.23622 0.96063 
vn -0.165354 0.23622 0.96063 
vn -0.165354 0.23622 0.96063 
vn -0.165354 0.23622 0.96063 
vn 0.0393701 0.968504 -0.23622 
vn 0.0393701 0.968504 -0.23622 
vn 0.0393701 0.968504 -0.23622 
vn 0.0393701 0.968504 -0.23622 
vn -0.984252 0 -0.173228 
vn -0.984252 0 -0.173228 
vn -0.984252 0 -0.173228 
vn -0.984252 0 -0.173228 
vn 0.826772 -0.165354 -0.535433 
vn 0.826772 -0.165354 -0.535433 
vn 0.826772 -0.165354 -0.535433 
vn 0.826772 -0.165354 -0.535433 

vt 3.75 -3.25 
vt 3.75 -3.25 
vt 3.82599 -3.32297 
vt 3.75 -3.32297 
vt 4.25522 -3.25 
vt 3.75 -3.25 
vt 4.25522 -3.32297 
vt 3.75 -3.32297 
vt 3.82599 -3.25 
vt 3.82599 -3.25 
vt 3.82599 -3.32297 
vt 3.75 -3.32297 
vt 4.25522 -3.25 
vt 3.75 -3.25 
vt 4.25522 -3.32599 
vt 3.75 -3.32599 
vt 4.25522 -3.25 
vt 3.75 -3.25 
vt 4.25522 -3.35535 
vt 3.75 -3.35535 

usemtl Part10Mtl

f 3673/3673/3673 3674/3674/3674 3675/3675/3675 
f 3675/3675/3675 3674/3674/3674 3676/3676/3676 
f 3677/3677/3677 3678/3678/3678 3679/3679/3679 
f 3679/3679/3679 3678/3678/3678 3680/3680/3680 
f 3681/3681/3681 3682/3682/3682 3683/3683/3683 
f 3683/3683/3683 3682/3682/3682 3684/3684/3684 
f 3685/3685/3685 3686/3686/3686 3687/3687/3687 
f 3687/3687/3687 3686/3686/3686 3688/3688/3688 
f 3689/3689/3689 3690/3690/3690 3691/3691/3691 
f 3691/3691/3691 3690/3690/3690 3692/3692/3692 

g Part92

v 114.43 123.96 7.69105 
v 114.596 127.887 6.75001 
v 121.143 123.96 8.87467 
v 121.309 127.887 7.93364 
v 113.916 128.84 10.6073 
v 114.596 127.887 6.75001 
v 113.75 124.913 11.5483 
v 114.43 123.96 7.69105 
v 114.596 127.887 6.75001 
v 113.916 128.84 10.6073 
v 121.309 127.887 7.93364 
v 120.629 128.84 11.7909 
v 113.916 128.84 10.6073 
v 113.75 124.913 11.5483 
v 120.629 128.84 11.7909 
v 120.463 124.913 12.7319 
v 120.463 124.913 12.7319 
v 121.143 123.96 8.87467 
v 120.629 128.84 11.7909 
v 121.309 127.887 7.93364 
v 113.75 124.913 11.5483 
v 114.43 123.96 7.69105 
v 120.463 124.913 12.7319 
v 121.143 123.96 8.87467 

vn 0.165354 -0.23622 -0.96063 
vn 0.165354 -0.23622 -0.96063 
vn 0.165354 -0.23622 -0.96063 
vn 0.165354 -0.23622 -0.96063 
vn -0.984252 0 -0.173228 
vn -0.984252 0 -0.173228 
vn -0.984252 0 -0.173228 
vn -0.984252 0 -0.173228 
vn 0.0393701 0.968504 -0.23622 
vn 0.0393701 0.968504 -0.23622 
vn 0.0393701 0.968504 -0.23622 
vn 0.0393701 0.968504 -0.23622 
vn -0.165354 0.23622 0.96063 
vn -0.165354 0.23622 0.96063 
vn -0.165354 0.23622 0.96063 
vn -0.165354 0.23622 0.96063 
vn 0.984252 0 0.173228 
vn 0.984252 0 0.173228 
vn 0.984252 0 0.173228 
vn 0.984252 0 0.173228 
vn -0.0393701 -0.968504 0.23622 
vn -0.0393701 -0.968504 0.23622 
vn -0.0393701 -0.968504 0.23622 
vn -0.0393701 -0.968504 0.23622 

vt 1.00522 -5.75 
vt 0.5 -5.75 
vt 1.00522 -6.60203 
vt 0.5 -6.60203 
vt 1.00388 -5.75 
vt 0.5 -5.75 
vt 1.00388 -6.25522 
vt 0.5 -6.25522 
vt 1.00388 -5.75 
vt 0.5 -5.75 
vt 1.00388 -6.60203 
vt 0.5 -6.60203 
vt 1.00522 -5.75 
vt 0.5 -5.75 
vt 1.00522 -6.60203 
vt 0.5 -6.60203 
vt 1.00388 -5.75 
vt 0.5 -5.75 
vt 1.00388 -6.25522 
vt 0.5 -6.25522 
vt 1.00388 -5.75 
vt 0.5 -5.75 
vt 1.00388 -6.60203 
vt 0.5 -6.60203 

usemtl Part10Mtl

f 3693/3693/3693 3694/3694/3694 3695/3695/3695 
f 3695/3695/3695 3694/3694/3694 3696/3696/3696 
f 3697/3697/3697 3698/3698/3698 3699/3699/3699 
f 3699/3699/3699 3698/3698/3698 3700/3700/3700 
f 3701/3701/3701 3702/3702/3702 3703/3703/3703 
f 3703/3703/3703 3702/3702/3702 3704/3704/3704 
f 3705/3705/3705 3706/3706/3706 3707/3707/3707 
f 3707/3707/3707 3706/3706/3706 3708/3708/3708 
f 3709/3709/3709 3710/3710/3710 3711/3711/3711 
f 3711/3711/3711 3710/3710/3710 3712/3712/3712 
f 3713/3713/3713 3714/3714/3714 3715/3715/3715 
f 3715/3715/3715 3714/3714/3714 3716/3716/3716 

g Part93

v 113.919 128.031 7.23034 
v 113.919 128.031 7.23034 
v 114.596 127.887 6.75001 
v 114.494 128.031 7.33171 
v 113.919 128.031 7.23034 
v 113.753 124.103 8.17138 
v 114.494 128.031 7.33171 
v 114.328 124.103 8.27275 
v 113.753 124.103 8.17138 
v 113.753 124.103 8.17138 
v 114.328 124.103 8.27275 
v 114.43 123.96 7.69104 
v 114.43 123.96 7.69104 
v 114.596 127.887 6.75001 
v 114.328 124.103 8.27275 
v 114.494 128.031 7.33171 
v 113.753 124.103 8.17138 
v 113.919 128.031 7.23034 
v 114.43 123.96 7.69104 
v 114.596 127.887 6.75001 

vn 0.0393701 0.968504 -0.23622 
vn 0.0393701 0.968504 -0.23622 
vn 0.0393701 0.968504 -0.23622 
vn 0.0393701 0.968504 -0.23622 
vn -0.165354 0.23622 0.96063 
vn -0.165354 0.23622 0.96063 
vn -0.165354 0.23622 0.96063 
vn -0.165354 0.23622 0.96063 
vn -0.0393701 -0.968504 0.23622 
vn -0.0393701 -0.968504 0.23622 
vn -0.0393701 -0.968504 0.23622 
vn -0.0393701 -0.968504 0.23622 
vn 0.984252 0 0.173228 
vn 0.984252 0 0.173228 
vn 0.984252 0 0.173228 
vn 0.984252 0 0.173228 
vn -0.590551 -0.165354 -0.787402 
vn -0.590551 -0.165354 -0.787402 
vn -0.590551 -0.165354 -0.787402 
vn -0.590551 -0.165354 -0.787402 

vt 3.25 -6 
vt 3.25 -6 
vt 3.32599 -6.07297 
vt 3.25 -6.07297 
vt 3.75522 -6 
vt 3.25 -6 
vt 3.75522 -6.07297 
vt 3.25 -6.07297 
vt 3.32599 -6 
vt 3.32599 -6 
vt 3.32599 -6.07297 
vt 3.25 -6.07297 
vt 3.75522 -6 
vt 3.25 -6 
vt 3.75522 -6.07599 
vt 3.25 -6.07599 
vt 3.75522 -6 
vt 3.25 -6 
vt 3.75522 -6.10535 
vt 3.25 -6.10535 

usemtl Part10Mtl

f 3717/3717/3717 3718/3718/3718 3719/3719/3719 
f 3719/3719/3719 3718/3718/3718 3720/3720/3720 
f 3721/3721/3721 3722/3722/3722 3723/3723/3723 
f 3723/3723/3723 3722/3722/3722 3724/3724/3724 
f 3725/3725/3725 3726/3726/3726 3727/3727/3727 
f 3727/3727/3727 3726/3726/3726 3728/3728/3728 
f 3729/3729/3729 3730/3730/3730 3731/3731/3731 
f 3731/3731/3731 3730/3730/3730 3732/3732/3732 
f 3733/3733/3733 3734/3734/3734 3735/3735/3735 
f 3735/3735/3735 3734/3734/3734 3736/3736/3736 

g Part94

v 113.277 124.771 10.8739 
v 113.277 124.771 10.8739 
v 113.749 124.915 11.5569 
v 113.851 124.771 10.9752 
v 113.277 124.771 10.8739 
v 113.442 128.698 9.93282 
v 113.851 124.771 10.9752 
v 114.017 128.698 10.0342 
v 113.442 128.698 9.93282 
v 113.442 128.698 9.93282 
v 114.017 128.698 10.0342 
v 113.915 128.842 10.6159 
v 113.915 128.842 10.6159 
v 113.749 124.915 11.5569 
v 114.017 128.698 10.0342 
v 113.851 124.771 10.9752 
v 113.442 128.698 9.93282 
v 113.277 124.771 10.8739 
v 113.915 128.842 10.6159 
v 113.749 124.915 11.5569 

vn -0.0393701 -0.968504 0.23622 
vn -0.0393701 -0.968504 0.23622 
vn -0.0393701 -0.968504 0.23622 
vn -0.0393701 -0.968504 0.23622 
vn 0.165354 -0.23622 -0.96063 
vn 0.165354 -0.23622 -0.96063 
vn 0.165354 -0.23622 -0.96063 
vn 0.165354 -0.23622 -0.96063 
vn 0.0393701 0.968504 -0.23622 
vn 0.0393701 0.968504 -0.23622 
vn 0.0393701 0.968504 -0.23622 
vn 0.0393701 0.968504 -0.23622 
vn 0.984252 0 0.173228 
vn 0.984252 0 0.173228 
vn 0.984252 0 0.173228 
vn 0.984252 0 0.173228 
vn -0.826772 0.165354 0.535433 
vn -0.826772 0.165354 0.535433 
vn -0.826772 0.165354 0.535433 
vn -0.826772 0.165354 0.535433 

vt 5.75 -6.75 
vt 5.75 -6.75 
vt 5.82599 -6.82297 
vt 5.75 -6.82297 
vt 6.25522 -6.75 
vt 5.75 -6.75 
vt 6.25522 -6.82297 
vt 5.75 -6.82297 
vt 5.82599 -6.75 
vt 5.82599 -6.75 
vt 5.82599 -6.82297 
vt 5.75 -6.82297 
vt 6.25522 -6.75 
vt 5.75 -6.75 
vt 6.25522 -6.82599 
vt 5.75 -6.82599 
vt 6.25522 -6.75 
vt 5.75 -6.75 
vt 6.25522 -6.85535 
vt 5.75 -6.85535 

usemtl Part10Mtl

f 3737/3737/3737 3738/3738/3738 3739/3739/3739 
f 3739/3739/3739 3738/3738/3738 3740/3740/3740 
f 3741/3741/3741 3742/3742/3742 3743/3743/3743 
f 3743/3743/3743 3742/3742/3742 3744/3744/3744 
f 3745/3745/3745 3746/3746/3746 3747/3747/3747 
f 3747/3747/3747 3746/3746/3746 3748/3748/3748 
f 3749/3749/3749 3750/3750/3750 3751/3751/3751 
f 3751/3751/3751 3750/3750/3750 3752/3752/3752 
f 3753/3753/3753 3754/3754/3754 3755/3755/3755 
f 3755/3755/3755 3754/3754/3754 3756/3756/3756 

g Part95

v 113.753 124.103 8.17159 
v 113.919 128.031 7.23055 
v 121.621 124.103 9.55886 
v 121.786 128.031 8.61782 
v 113.442 128.698 9.93284 
v 113.919 128.031 7.23055 
v 113.276 124.771 10.8739 
v 113.753 124.103 8.17159 
v 113.919 128.031 7.23055 
v 113.442 128.698 9.93284 
v 121.786 128.031 8.61782 
v 121.31 128.698 11.3201 
v 113.442 128.698 9.93284 
v 113.276 124.771 10.8739 
v 121.31 128.698 11.3201 
v 121.144 124.771 12.2612 
v 121.144 124.771 12.2612 
v 121.621 124.103 9.55886 
v 121.31 128.698 11.3201 
v 121.786 128.031 8.61782 
v 113.276 124.771 10.8739 
v 113.753 124.103 8.17159 
v 121.144 124.771 12.2612 
v 121.621 124.103 9.55886 

vn 0.165354 -0.23622 -0.96063 
vn 0.165354 -0.23622 -0.96063 
vn 0.165354 -0.23622 -0.96063 
vn 0.165354 -0.23622 -0.96063 
vn -0.984252 0 -0.173228 
vn -0.984252 0 -0.173228 
vn -0.984252 0 -0.173228 
vn -0.984252 0 -0.173228 
vn 0.0393701 0.968504 -0.23622 
vn 0.0393701 0.968504 -0.23622 
vn 0.0393701 0.968504 -0.23622 
vn 0.0393701 0.968504 -0.23622 
vn -0.165354 0.23622 0.96063 
vn -0.165354 0.23622 0.96063 
vn -0.165354 0.23622 0.96063 
vn -0.165354 0.23622 0.96063 
vn 0.984252 0 0.173228 
vn 0.984252 0 0.173228 
vn 0.984252 0 0.173228 
vn 0.984252 0 0.173228 
vn -0.0393701 -0.968504 0.23622 
vn -0.0393701 -0.968504 0.23622 
vn -0.0393701 -0.968504 0.23622 
vn -0.0393701 -0.968504 0.23622 

vt 1.75522 -0.75 
vt 1.25 -0.75 
vt 1.75522 -1.74863 
vt 1.25 -1.74863 
vt 1.60301 -0.75 
vt 1.25 -0.75 
vt 1.60301 -1.25522 
vt 1.25 -1.25522 
vt 1.60301 -0.75 
vt 1.25 -0.75 
vt 1.60301 -1.74863 
vt 1.25 -1.74863 
vt 1.75522 -0.75 
vt 1.25 -0.75 
vt 1.75522 -1.74863 
vt 1.25 -1.74863 
vt 1.60301 -0.75 
vt 1.25 -0.75 
vt 1.60301 -1.25522 
vt 1.25 -1.25522 
vt 1.60301 -0.75 
vt 1.25 -0.75 
vt 1.60301 -1.74863 
vt 1.25 -1.74863 

usemtl Part10Mtl

f 3757/3757/3757 3758/3758/3758 3759/3759/3759 
f 3759/3759/3759 3758/3758/3758 3760/3760/3760 
f 3761/3761/3761 3762/3762/3762 3763/3763/3763 
f 3763/3763/3763 3762/3762/3762 3764/3764/3764 
f 3765/3765/3765 3766/3766/3766 3767/3767/3767 
f 3767/3767/3767 3766/3766/3766 3768/3768/3768 
f 3769/3769/3769 3770/3770/3770 3771/3771/3771 
f 3771/3771/3771 3770/3770/3770 3772/3772/3772 
f 3773/3773/3773 3774/3774/3774 3775/3775/3775 
f 3775/3775/3775 3774/3774/3774 3776/3776/3776 
f 3777/3777/3777 3778/3778/3778 3779/3779/3779 
f 3779/3779/3779 3778/3778/3778 3780/3780/3780 

g Part96

v 121.305 128.698 11.3191 
v 121.305 128.698 11.3191 
v 120.627 128.842 11.7994 
v 120.73 128.698 11.2177 
v 121.305 128.698 11.3191 
v 121.139 124.771 12.2601 
v 120.73 128.698 11.2177 
v 120.564 124.771 12.1588 
v 121.139 124.771 12.2601 
v 121.139 124.771 12.2601 
v 120.564 124.771 12.1588 
v 120.462 124.915 12.7405 
v 120.462 124.915 12.7405 
v 120.627 128.842 11.7994 
v 120.564 124.771 12.1588 
v 120.73 128.698 11.2177 
v 121.139 124.771 12.2601 
v 121.305 128.698 11.3191 
v 120.462 124.915 12.7405 
v 120.627 128.842 11.7994 

vn 0.0393701 0.968504 -0.23622 
vn 0.0393701 0.968504 -0.23622 
vn 0.0393701 0.968504 -0.23622 
vn 0.0393701 0.968504 -0.23622 
vn 0.165354 -0.23622 -0.96063 
vn 0.165354 -0.23622 -0.96063 
vn 0.165354 -0.23622 -0.96063 
vn 0.165354 -0.23622 -0.96063 
vn -0.0393701 -0.968504 0.23622 
vn -0.0393701 -0.968504 0.23622 
vn -0.0393701 -0.968504 0.23622 
vn -0.0393701 -0.968504 0.23622 
vn -0.984252 0 -0.173228 
vn -0.984252 0 -0.173228 
vn -0.984252 0 -0.173228 
vn -0.984252 0 -0.173228 
vn 0.590551 0.165354 0.787402 
vn 0.590551 0.165354 0.787402 
vn 0.590551 0.165354 0.787402 
vn 0.590551 0.165354 0.787402 

vt 6 -2.75 
vt 6 -2.75 
vt 6.07599 -2.82297 
vt 6 -2.82297 
vt 6.50522 -2.75 
vt 6 -2.75 
vt 6.50522 -2.82297 
vt 6 -2.82297 
vt 6.07599 -2.75 
vt 6.07599 -2.75 
vt 6.07599 -2.82297 
vt 6 -2.82297 
vt 6.50522 -2.75 
vt 6 -2.75 
vt 6.50522 -2.82599 
vt 6 -2.82599 
vt 6.50522 -2.75 
vt 6 -2.75 
vt 6.50522 -2.85535 
vt 6 -2.85535 

usemtl Part10Mtl

f 3781/3781/3781 3782/3782/3782 3783/3783/3783 
f 3783/3783/3783 3782/3782/3782 3784/3784/3784 
f 3785/3785/3785 3786/3786/3786 3787/3787/3787 
f 3787/3787/3787 3786/3786/3786 3788/3788/3788 
f 3789/3789/3789 3790/3790/3790 3791/3791/3791 
f 3791/3791/3791 3790/3790/3790 3792/3792/3792 
f 3793/3793/3793 3794/3794/3794 3795/3795/3795 
f 3795/3795/3795 3794/3794/3794 3796/3796/3796 
f 3797/3797/3797 3798/3798/3798 3799/3799/3799 
f 3799/3799/3799 3798/3798/3798 3800/3800/3800 

g Part97

v 110.068 124.491 2.93518 
v 110.068 124.491 2.93518 
v 111.179 124.491 1.8241 
v 111.179 124.491 2.93518 
v 110.068 124.491 2.93518 
v 110.068 123.38 2.93518 
v 111.179 124.491 2.93518 
v 111.179 123.38 2.93518 
v 110.068 123.38 2.93518 
v 110.068 123.38 2.93518 
v 111.179 123.38 2.93518 
v 111.179 123.38 1.8241 
v 111.179 123.38 1.8241 
v 111.179 124.491 1.8241 
v 111.179 123.38 2.93518 
v 111.179 124.491 2.93518 
v 110.068 123.38 2.93518 
v 110.068 124.491 2.93518 
v 111.179 123.38 1.8241 
v 111.179 124.491 1.8241 

vn 0 1 0 
vn 0 1 0 
vn 0 1 0 
vn 0 1 0 
vn 0 0 1 
vn 0 0 1 
vn 0 0 1 
vn 0 0 1 
vn 0 -1 0 
vn 0 -1 0 
vn 0 -1 0 
vn 0 -1 0 
vn 1 0 0 
vn 1 0 0 
vn 1 0 0 
vn 1 0 0 
vn -0.708661 0 -0.708661 
vn -0.708661 0 -0.708661 
vn -0.708661 0 -0.708661 
vn -0.708661 0 -0.708661 

vt 0 -6.25 
vt 0 -6.25 
vt 0.138885 -6.38889 
vt 0 -6.38889 
vt 0.138889 -6.25 
vt 0 -6.25 
vt 0.138889 -6.38889 
vt 0 -6.38889 
vt 0.138885 -6.25 
vt 0.138885 -6.25 
vt 0.138885 -6.38889 
vt 0 -6.38889 
vt 0.138889 -6.25 
vt 0 -6.25 
vt 0.138889 -6.38888 
vt 0 -6.38888 
vt 0.138889 -6.25 
vt 0 -6.25 
vt 0.138889 -6.44642 
vt 0 -6.44642 

usemtl Part10Mtl

f 3801/3801/3801 3802/3802/3802 3803/3803/3803 
f 3803/3803/3803 3802/3802/3802 3804/3804/3804 
f 3805/3805/3805 3806/3806/3806 3807/3807/3807 
f 3807/3807/3807 3806/3806/3806 3808/3808/3808 
f 3809/3809/3809 3810/3810/3810 3811/3811/3811 
f 3811/3811/3811 3810/3810/3810 3812/3812/3812 
f 3813/3813/3813 3814/3814/3814 3815/3815/3815 
f 3815/3815/3815 3814/3814/3814 3816/3816/3816 
f 3817/3817/3817 3818/3818/3818 3819/3819/3819 
f 3819/3819/3819 3818/3818/3818 3820/3820/3820 

g Part98

v 111.179 124.491 10.7128 
v 110.068 124.491 10.7128 
v 111.179 123.38 10.7128 
v 110.068 123.38 10.7128 
v 110.068 124.491 2.9351 
v 110.068 124.491 10.7128 
v 111.179 124.491 2.9351 
v 111.179 124.491 10.7128 
v 110.068 124.491 10.7128 
v 110.068 124.491 2.9351 
v 110.068 123.38 10.7128 
v 110.068 123.38 2.9351 
v 110.068 124.491 2.9351 
v 111.179 124.491 2.9351 
v 110.068 123.38 2.9351 
v 111.179 123.38 2.9351 
v 111.179 123.38 2.9351 
v 111.179 123.38 10.7128 
v 110.068 123.38 2.9351 
v 110.068 123.38 10.7128 
v 111.179 124.491 2.9351 
v 111.179 124.491 10.7128 
v 111.179 123.38 2.9351 
v 111.179 123.38 10.7128 

vn 0 0 1 
vn 0 0 1 
vn 0 0 1 
vn 0 0 1 
vn 0 1 0 
vn 0 1 0 
vn 0 1 0 
vn 0 1 0 
vn -1 0 0 
vn -1 0 0 
vn -1 0 0 
vn -1 0 0 
vn 0 0 -1 
vn 0 0 -1 
vn 0 0 -1 
vn 0 0 -1 
vn 0 -1 0 
vn 0 -1 0 
vn 0 -1 0 
vn 0 -1 0 
vn 1 0 0 
vn 1 0 0 
vn 1 0 0 
vn 1 0 0 

vt 1.13889 0.75 
vt 1 0.75 
vt 1.13889 0.611111 
vt 1 0.611111 
vt 1.97222 0.75 
vt 1 0.75 
vt 1.97222 0.611112 
vt 1 0.611112 
vt 1.97222 0.75 
vt 1 0.75 
vt 1.97222 0.611111 
vt 1 0.611111 
vt 1.13889 0.75 
vt 1 0.75 
vt 1.13889 0.611111 
vt 1 0.611111 
vt 1.97222 0.75 
vt 1 0.75 
vt 1.97222 0.611112 
vt 1 0.611112 
vt 1.97222 0.75 
vt 1 0.75 
vt 1.97222 0.611111 
vt 1 0.611111 

usemtl Part10Mtl

f 3821/3821/3821 3822/3822/3822 3823/3823/3823 
f 3823/3823/3823 3822/3822/3822 3824/3824/3824 
f 3825/3825/3825 3826/3826/3826 3827/3827/3827 
f 3827/3827/3827 3826/3826/3826 3828/3828/3828 
f 3829/3829/3829 3830/3830/3830 3831/3831/3831 
f 3831/3831/3831 3830/3830/3830 3832/3832/3832 
f 3833/3833/3833 3834/3834/3834 3835/3835/3835 
f 3835/3835/3835 3834/3834/3834 3836/3836/3836 
f 3837/3837/3837 3838/3838/3838 3839/3839/3839 
f 3839/3839/3839 3838/3838/3838 3840/3840/3840 
f 3841/3841/3841 3842/3842/3842 3843/3843/3843 
f 3843/3843/3843 3842/3842/3842 3844/3844/3844 

g Part99

v 111.179 124.491 2.9351 
v 120.068 124.491 2.9351 
v 111.179 123.38 2.9351 
v 120.068 123.38 2.9351 
v 120.068 124.491 10.7128 
v 120.068 124.491 2.9351 
v 111.179 124.491 10.7128 
v 111.179 124.491 2.9351 
v 120.068 124.491 2.9351 
v 120.068 124.491 10.7128 
v 120.068 123.38 2.9351 
v 120.068 123.38 10.7128 
v 120.068 124.491 10.7128 
v 111.179 124.491 10.7128 
v 120.068 123.38 10.7128 
v 111.179 123.38 10.7128 
v 111.179 123.38 10.7128 
v 111.179 123.38 2.9351 
v 120.068 123.38 10.7128 
v 120.068 123.38 2.9351 
v 111.179 124.491 10.7128 
v 111.179 124.491 2.9351 
v 111.179 123.38 10.7128 
v 111.179 123.38 2.9351 

vn 0 0 -1 
vn 0 0 -1 
vn 0 0 -1 
vn 0 0 -1 
vn 0 1 0 
vn 0 1 0 
vn 0 1 0 
vn 0 1 0 
vn 1 0 0 
vn 1 0 0 
vn 1 0 0 
vn 1 0 0 
vn 0 0 1 
vn 0 0 1 
vn 0 0 1 
vn 0 0 1 
vn 0 -1 0 
vn 0 -1 0 
vn 0 -1 0 
vn 0 -1 0 
vn -1 0 0 
vn -1 0 0 
vn -1 0 0 
vn -1 0 0 

vt 8.36111 -3.25 
vt 7.25 -3.25 
vt 8.36111 -3.38889 
vt 7.25 -3.38889 
vt 8.22222 -3.25 
vt 7.25 -3.25 
vt 8.22222 -4.36111 
vt 7.25 -4.36111 
vt 8.22222 -3.25 
vt 7.25 -3.25 
vt 8.22222 -3.38889 
vt 7.25 -3.38889 
vt 8.36111 -3.25 
vt 7.25 -3.25 
vt 8.36111 -3.38889 
vt 7.25 -3.38889 
vt 8.22222 -3.25 
vt 7.25 -3.25 
vt 8.22222 -4.36111 
vt 7.25 -4.36111 
vt 8.22222 -3.25 
vt 7.25 -3.25 
vt 8.22222 -3.38889 
vt 7.25 -3.38889 

usemtl Part10Mtl

f 3845/3845/3845 3846/3846/3846 3847/3847/3847 
f 3847/3847/3847 3846/3846/3846 3848/3848/3848 
f 3849/3849/3849 3850/3850/3850 3851/3851/3851 
f 3851/3851/3851 3850/3850/3850 3852/3852/3852 
f 3853/3853/3853 3854/3854/3854 3855/3855/3855 
f 3855/3855/3855 3854/3854/3854 3856/3856/3856 
f 3857/3857/3857 3858/3858/3858 3859/3859/3859 
f 3859/3859/3859 3858/3858/3858 3860/3860/3860 
f 3861/3861/3861 3862/3862/3862 3863/3863/3863 
f 3863/3863/3863 3862/3862/3862 3864/3864/3864 
f 3865/3865/3865 3866/3866/3866 3867/3867/3867 
f 3867/3867/3867 3866/3866/3866 3868/3868/3868 

g Part100

v 111.179 124.491 2.93519 
v 111.179 124.491 1.82409 
v 111.179 123.38 2.93519 
v 111.179 123.38 1.82409 
v 118.957 124.491 1.82409 
v 111.179 124.491 1.82409 
v 118.957 124.491 2.93519 
v 111.179 124.491 2.93519 
v 111.179 124.491 1.82409 
v 118.957 124.491 1.82409 
v 111.179 123.38 1.82409 
v 118.957 123.38 1.82409 
v 118.957 124.491 1.82409 
v 118.957 124.491 2.93519 
v 118.957 123.38 1.82409 
v 118.957 123.38 2.93519 
v 118.957 123.38 2.93519 
v 111.179 123.38 2.93519 
v 118.957 123.38 1.82409 
v 111.179 123.38 1.82409 
v 118.957 124.491 2.93519 
v 111.179 124.491 2.93519 
v 118.957 123.38 2.93519 
v 111.179 123.38 2.93519 

vn -1 0 0 
vn -1 0 0 
vn -1 0 0 
vn -1 0 0 
vn 0 1 0 
vn 0 1 0 
vn 0 1 0 
vn 0 1 0 
vn 0 0 -1 
vn 0 0 -1 
vn 0 0 -1 
vn 0 0 -1 
vn 1 0 0 
vn 1 0 0 
vn 1 0 0 
vn 1 0 0 
vn 0 -1 0 
vn 0 -1 0 
vn 0 -1 0 
vn 0 -1 0 
vn 0 0 1 
vn 0 0 1 
vn 0 0 1 
vn 0 0 1 

vt 0.638888 -2 
vt 0.5 -2 
vt 0.638888 -2.13889 
vt 0.5 -2.13889 
vt 1.47222 -2 
vt 0.5 -2 
vt 1.47222 -2.13889 
vt 0.5 -2.13889 
vt 1.47222 -2 
vt 0.5 -2 
vt 1.47222 -2.13889 
vt 0.5 -2.13889 
vt 0.638888 -2 
vt 0.5 -2 
vt 0.638888 -2.13889 
vt 0.5 -2.13889 
vt 1.47222 -2 
vt 0.5 -2 
vt 1.47222 -2.13889 
vt 0.5 -2.13889 
vt 1.47222 -2 
vt 0.5 -2 
vt 1.47222 -2.13889 
vt 0.5 -2.13889 

usemtl Part10Mtl

f 3869/3869/3869 3870/3870/3870 3871/3871/3871 
f 3871/3871/3871 3870/3870/3870 3872/3872/3872 
f 3873/3873/3873 3874/3874/3874 3875/3875/3875 
f 3875/3875/3875 3874/3874/3874 3876/3876/3876 
f 3877/3877/3877 3878/3878/3878 3879/3879/3879 
f 3879/3879/3879 3878/3878/3878 3880/3880/3880 
f 3881/3881/3881 3882/3882/3882 3883/3883/3883 
f 3883/3883/3883 3882/3882/3882 3884/3884/3884 
f 3885/3885/3885 3886/3886/3886 3887/3887/3887 
f 3887/3887/3887 3886/3886/3886 3888/3888/3888 
f 3889/3889/3889 3890/3890/3890 3891/3891/3891 
f 3891/3891/3891 3890/3890/3890 3892/3892/3892 

g Part101

v 118.957 124.491 10.7128 
v 118.957 124.491 11.8239 
v 118.957 123.38 10.7128 
v 118.957 123.38 11.8239 
v 111.179 124.491 11.8239 
v 118.957 124.491 11.8239 
v 111.179 124.491 10.7128 
v 118.957 124.491 10.7128 
v 118.957 124.491 11.8239 
v 111.179 124.491 11.8239 
v 118.957 123.38 11.8239 
v 111.179 123.38 11.8239 
v 111.179 124.491 11.8239 
v 111.179 124.491 10.7128 
v 111.179 123.38 11.8239 
v 111.179 123.38 10.7128 
v 111.179 123.38 10.7128 
v 118.957 123.38 10.7128 
v 111.179 123.38 11.8239 
v 118.957 123.38 11.8239 
v 111.179 124.491 10.7128 
v 118.957 124.491 10.7128 
v 111.179 123.38 10.7128 
v 118.957 123.38 10.7128 

vn 1 0 0 
vn 1 0 0 
vn 1 0 0 
vn 1 0 0 
vn 0 1 0 
vn 0 1 0 
vn 0 1 0 
vn 0 1 0 
vn 0 0 1 
vn 0 0 1 
vn 0 0 1 
vn 0 0 1 
vn -1 0 0 
vn -1 0 0 
vn -1 0 0 
vn -1 0 0 
vn 0 -1 0 
vn 0 -1 0 
vn 0 -1 0 
vn 0 -1 0 
vn 0 0 -1 
vn 0 0 -1 
vn 0 0 -1 
vn 0 0 -1 

vt 1.13889 -6.75 
vt 1 -6.75 
vt 1.13889 -6.88889 
vt 1 -6.88889 
vt 1.97222 -6.75 
vt 1 -6.75 
vt 1.97222 -6.88889 
vt 1 -6.88889 
vt 1.97222 -6.75 
vt 1 -6.75 
vt 1.97222 -6.88889 
vt 1 -6.88889 
vt 1.13889 -6.75 
vt 1 -6.75 
vt 1.13889 -6.88889 
vt 1 -6.88889 
vt 1.97222 -6.75 
vt 1 -6.75 
vt 1.97222 -6.88889 
vt 1 -6.88889 
vt 1.97222 -6.75 
vt 1 -6.75 
vt 1.97222 -6.88889 
vt 1 -6.88889 

usemtl Part10Mtl

f 3893/3893/3893 3894/3894/3894 3895/3895/3895 
f 3895/3895/3895 3894/3894/3894 3896/3896/3896 
f 3897/3897/3897 3898/3898/3898 3899/3899/3899 
f 3899/3899/3899 3898/3898/3898 3900/3900/3900 
f 3901/3901/3901 3902/3902/3902 3903/3903/3903 
f 3903/3903/3903 3902/3902/3902 3904/3904/3904 
f 3905/3905/3905 3906/3906/3906 3907/3907/3907 
f 3907/3907/3907 3906/3906/3906 3908/3908/3908 
f 3909/3909/3909 3910/3910/3910 3911/3911/3911 
f 3911/3911/3911 3910/3910/3910 3912/3912/3912 
f 3913/3913/3913 3914/3914/3914 3915/3915/3915 
f 3915/3915/3915 3914/3914/3914 3916/3916/3916 

g Part102

v 120.068 124.491 10.7128 
v 120.068 124.491 10.7128 
v 118.957 124.491 11.8238 
v 118.957 124.491 10.7128 
v 120.068 124.491 10.7128 
v 120.068 123.38 10.7128 
v 118.957 124.491 10.7128 
v 118.957 123.38 10.7128 
v 120.068 123.38 10.7128 
v 120.068 123.38 10.7128 
v 118.957 123.38 10.7128 
v 118.957 123.38 11.8238 
v 118.957 123.38 11.8238 
v 118.957 124.491 11.8238 
v 118.957 123.38 10.7128 
v 118.957 124.491 10.7128 
v 120.068 123.38 10.7128 
v 120.068 124.491 10.7128 
v 118.957 123.38 11.8238 
v 118.957 124.491 11.8238 

vn 0 1 0 
vn 0 1 0 
vn 0 1 0 
vn 0 1 0 
vn 0 0 -1 
vn 0 0 -1 
vn 0 0 -1 
vn 0 0 -1 
vn 0 -1 0 
vn 0 -1 0 
vn 0 -1 0 
vn 0 -1 0 
vn -1 0 0 
vn -1 0 0 
vn -1 0 0 
vn -1 0 0 
vn 0.708661 0 0.708661 
vn 0.708661 0 0.708661 
vn 0.708661 0 0.708661 
vn 0.708661 0 0.708661 

vt 3.5 -1 
vt 3.5 -1 
vt 3.63888 -1.13889 
vt 3.5 -1.13889 
vt 3.63889 -1 
vt 3.5 -1 
vt 3.63889 -1.13889 
vt 3.5 -1.13889 
vt 3.63888 -1 
vt 3.63888 -1 
vt 3.63888 -1.13889 
vt 3.5 -1.13889 
vt 3.63889 -1 
vt 3.5 -1 
vt 3.63889 -1.13888 
vt 3.5 -1.13888 
vt 3.63889 -1 
vt 3.5 -1 
vt 3.63889 -1.19642 
vt 3.5 -1.19642 

usemtl Part10Mtl

f 3917/3917/3917 3918/3918/3918 3919/3919/3919 
f 3919/3919/3919 3918/3918/3918 3920/3920/3920 
f 3921/3921/3921 3922/3922/3922 3923/3923/3923 
f 3923/3923/3923 3922/3922/3922 3924/3924/3924 
f 3925/3925/3925 3926/3926/3926 3927/3927/3927 
f 3927/3927/3927 3926/3926/3926 3928/3928/3928 
f 3929/3929/3929 3930/3930/3930 3931/3931/3931 
f 3931/3931/3931 3930/3930/3930 3932/3932/3932 
f 3933/3933/3933 3934/3934/3934 3935/3935/3935 
f 3935/3935/3935 3934/3934/3934 3936/3936/3936 

g Part103

v 118.957 124.491 1.82409 
v 118.957 124.491 1.82409 
v 120.068 124.491 2.93519 
v 118.957 124.491 2.93519 
v 118.957 124.491 1.82409 
v 118.957 123.38 1.82409 
v 118.957 124.491 2.93519 
v 118.957 123.38 2.93519 
v 118.957 123.38 1.82409 
v 118.957 123.38 1.82409 
v 118.957 123.38 2.93519 
v 120.068 123.38 2.93519 
v 120.068 123.38 2.93519 
v 120.068 124.491 2.93519 
v 118.957 123.38 2.93519 
v 118.957 124.491 2.93519 
v 118.957 123.38 1.82409 
v 118.957 124.491 1.82409 
v 120.068 123.38 2.93519 
v 120.068 124.491 2.93519 

vn 0 1 0 
vn 0 1 0 
vn 0 1 0 
vn 0 1 0 
vn -1 0 0 
vn -1 0 0 
vn -1 0 0 
vn -1 0 0 
vn 0 -1 0 
vn 0 -1 0 
vn 0 -1 0 
vn 0 -1 0 
vn 0 0 1 
vn 0 0 1 
vn 0 0 1 
vn 0 0 1 
vn 0.708661 0 -0.708661 
vn 0.708661 0 -0.708661 
vn 0.708661 0 -0.708661 
vn 0.708661 0 -0.708661 

vt 1.5 -6.75 
vt 1.5 -6.75 
vt 1.63888 -6.88889 
vt 1.5 -6.88889 
vt 1.63889 -6.75 
vt 1.5 -6.75 
vt 1.63889 -6.88889 
vt 1.5 -6.88889 
vt 1.63888 -6.75 
vt 1.63888 -6.75 
vt 1.63888 -6.88889 
vt 1.5 -6.88889 
vt 1.63889 -6.75 
vt 1.5 -6.75 
vt 1.63889 -6.88888 
vt 1.5 -6.88888 
vt 1.63889 -6.75 
vt 1.5 -6.75 
vt 1.63889 -6.94642 
vt 1.5 -6.94642 

usemtl Part10Mtl

f 3937/3937/3937 3938/3938/3938 3939/3939/3939 
f 3939/3939/3939 3938/3938/3938 3940/3940/3940 
f 3941/3941/3941 3942/3942/3942 3943/3943/3943 
f 3943/3943/3943 3942/3942/3942 3944/3944/3944 
f 3945/3945/3945 3946/3946/3946 3947/3947/3947 
f 3947/3947/3947 3946/3946/3946 3948/3948/3948 
f 3949/3949/3949 3950/3950/3950 3951/3951/3951 
f 3951/3951/3951 3950/3950/3950 3952/3952/3952 
f 3953/3953/3953 3954/3954/3954 3955/3955/3955 
f 3955/3955/3955 3954/3954/3954 3956/3956/3956 

g Part104

v 111.179 124.491 11.8239 
v 111.179 124.491 11.8239 
v 110.068 124.491 10.7128 
v 111.179 124.491 10.7128 
v 111.179 124.491 11.8239 
v 111.179 123.38 11.8239 
v 111.179 124.491 10.7128 
v 111.179 123.38 10.7128 
v 111.179 123.38 11.8239 
v 111.179 123.38 11.8239 
v 111.179 123.38 10.7128 
v 110.068 123.38 10.7128 
v 110.068 123.38 10.7128 
v 110.068 124.491 10.7128 
v 111.179 123.38 10.7128 
v 111.179 124.491 10.7128 
v 111.179 123.38 11.8239 
v 111.179 124.491 11.8239 
v 110.068 123.38 10.7128 
v 110.068 124.491 10.7128 

vn 0 1 0 
vn 0 1 0 
vn 0 1 0 
vn 0 1 0 
vn 1 0 0 
vn 1 0 0 
vn 1 0 0 
vn 1 0 0 
vn 0 -1 0 
vn 0 -1 0 
vn 0 -1 0 
vn 0 -1 0 
vn 0 0 -1 
vn 0 0 -1 
vn 0 0 -1 
vn 0 0 -1 
vn -0.708661 0 0.708661 
vn -0.708661 0 0.708661 
vn -0.708661 0 0.708661 
vn -0.708661 0 0.708661 

vt 6.75 -3.5 
vt 6.75 -3.5 
vt 6.88888 -3.63889 
vt 6.75 -3.63889 
vt 6.88889 -3.5 
vt 6.75 -3.5 
vt 6.88889 -3.63889 
vt 6.75 -3.63889 
vt 6.88888 -3.5 
vt 6.88888 -3.5 
vt 6.88888 -3.63889 
vt 6.75 -3.63889 
vt 6.88889 -3.5 
vt 6.75 -3.5 
vt 6.88889 -3.63888 
vt 6.75 -3.63888 
vt 6.88889 -3.5 
vt 6.75 -3.5 
vt 6.88889 -3.69642 
vt 6.75 -3.69642 

usemtl Part10Mtl

f 3957/3957/3957 3958/3958/3958 3959/3959/3959 
f 3959/3959/3959 3958/3958/3958 3960/3960/3960 
f 3961/3961/3961 3962/3962/3962 3963/3963/3963 
f 3963/3963/3963 3962/3962/3962 3964/3964/3964 
f 3965/3965/3965 3966/3966/3966 3967/3967/3967 
f 3967/3967/3967 3966/3966/3966 3968/3968/3968 
f 3969/3969/3969 3970/3970/3970 3971/3971/3971 
f 3971/3971/3971 3970/3970/3970 3972/3972/3972 
f 3973/3973/3973 3974/3974/3974 3975/3975/3975 
f 3975/3975/3975 3974/3974/3974 3976/3976/3976 

g Part105

v 116.734 127.931 14.9016 
v 116.734 127.931 14.9016 
v 116.59 128.546 15.4604 
v 116.673 128.51 14.8592 
v 116.734 127.931 14.9016 
v 112.752 127.475 14.3799 
v 116.673 128.51 14.8592 
v 112.691 128.054 14.3375 
v 112.752 127.475 14.3799 
v 112.752 127.475 14.3799 
v 112.691 128.054 14.3375 
v 112.608 128.089 14.9388 
v 112.608 128.089 14.9388 
v 116.59 128.546 15.4604 
v 112.691 128.054 14.3375 
v 116.673 128.51 14.8592 
v 112.752 127.475 14.3799 
v 116.734 127.931 14.9016 
v 112.608 128.089 14.9388 
v 116.59 128.546 15.4604 

vn 0.984252 0.110236 0.125984 
vn 0.984252 0.110236 0.125984 
vn 0.984252 0.110236 0.125984 
vn 0.984252 0.110236 0.125984 
vn 0.133858 -0.0551181 -0.992126 
vn 0.133858 -0.0551181 -0.992126 
vn 0.133858 -0.0551181 -0.992126 
vn 0.133858 -0.0551181 -0.992126 
vn -0.984252 -0.110236 -0.125984 
vn -0.984252 -0.110236 -0.125984 
vn -0.984252 -0.110236 -0.125984 
vn -0.984252 -0.110236 -0.125984 
vn -0.102362 0.992126 -0.0708661 
vn -0.102362 0.992126 -0.0708661 
vn -0.102362 0.992126 -0.0708661 
vn -0.102362 0.992126 -0.0708661 
vn -0.015748 -0.677165 0.740157 
vn -0.015748 -0.677165 0.740157 
vn -0.015748 -0.677165 0.740157 
vn -0.015748 -0.677165 0.740157 

vt 6.25 0.25 
vt 6.25 0.25 
vt 6.32599 0.177033 
vt 6.25 0.177033 
vt 6.75522 0.25 
vt 6.25 0.25 
vt 6.75522 0.177033 
vt 6.25 0.177033 
vt 6.32599 0.25 
vt 6.32599 0.25 
vt 6.32599 0.177033 
vt 6.25 0.177033 
vt 6.75522 0.25 
vt 6.25 0.25 
vt 6.75522 0.174011 
vt 6.25 0.174011 
vt 6.75522 0.25 
vt 6.25 0.25 
vt 6.75522 0.14465 
vt 6.25 0.14465 

usemtl Part51Mtl

f 3977/3977/3977 3978/3978/3978 3979/3979/3979 
f 3979/3979/3979 3978/3978/3978 3980/3980/3980 
f 3981/3981/3981 3982/3982/3982 3983/3983/3983 
f 3983/3983/3983 3982/3982/3982 3984/3984/3984 
f 3985/3985/3985 3986/3986/3986 3987/3987/3987 
f 3987/3987/3987 3986/3986/3986 3988/3988/3988 
f 3989/3989/3989 3990/3990/3990 3991/3991/3991 
f 3991/3991/3991 3990/3990/3990 3992/3992/3992 
f 3993/3993/3993 3994/3994/3994 3995/3995/3995 
f 3995/3995/3995 3994/3994/3994 3996/3996/3996 

g Part106

v 113.136 127.311 11.5871 
v 113.136 127.311 11.5871 
v 113.158 127.855 10.9435 
v 113.075 127.89 11.5447 
v 113.136 127.311 11.5871 
v 117.118 127.767 12.1087 
v 113.075 127.89 11.5447 
v 117.057 128.346 12.0664 
v 117.118 127.767 12.1087 
v 117.118 127.767 12.1087 
v 117.057 128.346 12.0664 
v 117.14 128.311 11.4652 
v 117.14 128.311 11.4652 
v 113.158 127.855 10.9435 
v 117.057 128.346 12.0664 
v 113.075 127.89 11.5447 
v 117.118 127.767 12.1087 
v 113.136 127.311 11.5871 
v 117.14 128.311 11.4652 
v 113.158 127.855 10.9435 

vn -0.984252 -0.110236 -0.125984 
vn -0.984252 -0.110236 -0.125984 
vn -0.984252 -0.110236 -0.125984 
vn -0.984252 -0.110236 -0.125984 
vn -0.133858 0.0551181 0.992126 
vn -0.133858 0.0551181 0.992126 
vn -0.133858 0.0551181 0.992126 
vn -0.133858 0.0551181 0.992126 
vn 0.984252 0.110236 0.125984 
vn 0.984252 0.110236 0.125984 
vn 0.984252 0.110236 0.125984 
vn 0.984252 0.110236 0.125984 
vn -0.102362 0.992126 -0.0708661 
vn -0.102362 0.992126 -0.0708661 
vn -0.102362 0.992126 -0.0708661 
vn -0.102362 0.992126 -0.0708661 
vn 0.173228 -0.755906 -0.629921 
vn 0.173228 -0.755906 -0.629921 
vn 0.173228 -0.755906 -0.629921 
vn 0.173228 -0.755906 -0.629921 

vt 1 -4.25 
vt 1 -4.25 
vt 1.07599 -4.32297 
vt 1 -4.32297 
vt 1.50522 -4.25 
vt 1 -4.25 
vt 1.50522 -4.32297 
vt 1 -4.32297 
vt 1.07599 -4.25 
vt 1.07599 -4.25 
vt 1.07599 -4.32297 
vt 1 -4.32297 
vt 1.50522 -4.25 
vt 1 -4.25 
vt 1.50522 -4.32599 
vt 1 -4.32599 
vt 1.50522 -4.25 
vt 1 -4.25 
vt 1.50522 -4.35535 
vt 1 -4.35535 

usemtl Part51Mtl

f 3997/3997/3997 3998/3998/3998 3999/3999/3999 
f 3999/3999/3999 3998/3998/3998 4000/4000/4000 
f 4001/4001/4001 4002/4002/4002 4003/4003/4003 
f 4003/4003/4003 4002/4002/4002 4004/4004/4004 
f 4005/4005/4005 4006/4006/4006 4007/4007/4007 
f 4007/4007/4007 4006/4006/4006 4008/4008/4008 
f 4009/4009/4009 4010/4010/4010 4011/4011/4011 
f 4011/4011/4011 4010/4010/4010 4012/4012/4012 
f 4013/4013/4013 4014/4014/4014 4015/4015/4015 
f 4015/4015/4015 4014/4014/4014 4016/4016/4016 

g Part107

v 112.305 135.23 11.008 
v 116.287 135.687 11.5297 
v 113.137 127.306 11.5875 
v 117.119 127.762 12.1092 
v 115.902 135.85 14.3226 
v 116.287 135.687 11.5297 
v 111.92 135.394 13.8009 
v 112.305 135.23 11.008 
v 116.287 135.687 11.5297 
v 115.902 135.85 14.3226 
v 117.119 127.762 12.1092 
v 116.734 127.926 14.9022 
v 115.902 135.85 14.3226 
v 111.92 135.394 13.8009 
v 116.734 127.926 14.9022 
v 112.752 127.47 14.3805 
v 112.752 127.47 14.3805 
v 113.137 127.306 11.5875 
v 116.734 127.926 14.9022 
v 117.119 127.762 12.1092 
v 111.92 135.394 13.8009 
v 112.305 135.23 11.008 
v 112.752 127.47 14.3805 
v 113.137 127.306 11.5875 

vn 0.133858 -0.0551181 -0.992126 
vn 0.133858 -0.0551181 -0.992126 
vn 0.133858 -0.0551181 -0.992126 
vn 0.133858 -0.0551181 -0.992126 
vn -0.102362 0.992126 -0.0708661 
vn -0.102362 0.992126 -0.0708661 
vn -0.102362 0.992126 -0.0708661 
vn -0.102362 0.992126 -0.0708661 
vn 0.984252 0.110236 0.125984 
vn 0.984252 0.110236 0.125984 
vn 0.984252 0.110236 0.125984 
vn 0.984252 0.110236 0.125984 
vn -0.133858 0.0551181 0.992126 
vn -0.133858 0.0551181 0.992126 
vn -0.133858 0.0551181 0.992126 
vn -0.133858 0.0551181 0.992126 
vn 0.102362 -0.992126 0.0708661 
vn 0.102362 -0.992126 0.0708661 
vn 0.102362 -0.992126 0.0708661 
vn 0.102362 -0.992126 0.0708661 
vn -0.984252 -0.110236 -0.125984 
vn -0.984252 -0.110236 -0.125984 
vn -0.984252 -0.110236 -0.125984 
vn -0.984252 -0.110236 -0.125984 

vt 5.25522 -6.75 
vt 4.75 -6.75 
vt 5.25522 -7.74863 
vt 4.75 -7.74863 
vt 5.10301 -6.75 
vt 4.75 -6.75 
vt 5.10301 -7.25522 
vt 4.75 -7.25522 
vt 5.10301 -6.75 
vt 4.75 -6.75 
vt 5.10301 -7.74863 
vt 4.75 -7.74863 
vt 5.25522 -6.75 
vt 4.75 -6.75 
vt 5.25522 -7.74863 
vt 4.75 -7.74863 
vt 5.10301 -6.75 
vt 4.75 -6.75 
vt 5.10301 -7.25522 
vt 4.75 -7.25522 
vt 5.10301 -6.75 
vt 4.75 -6.75 
vt 5.10301 -7.74863 
vt 4.75 -7.74863 

usemtl Part51Mtl

f 4017/4017/4017 4018/4018/4018 4019/4019/4019 
f 4019/4019/4019 4018/4018/4018 4020/4020/4020 
f 4021/4021/4021 4022/4022/4022 4023/4023/4023 
f 4023/4023/4023 4022/4022/4022 4024/4024/4024 
f 4025/4025/4025 4026/4026/4026 4027/4027/4027 
f 4027/4027/4027 4026/4026/4026 4028/4028/4028 
f 4029/4029/4029 4030/4030/4030 4031/4031/4031 
f 4031/4031/4031 4030/4030/4030 4032/4032/4032 
f 4033/4033/4033 4034/4034/4034 4035/4035/4035 
f 4035/4035/4035 4034/4034/4034 4036/4036/4036 
f 4037/4037/4037 4038/4038/4038 4039/4039/4039 
f 4039/4039/4039 4038/4038/4038 4040/4040/4040 

g Part108

v 112.448 134.616 10.4491 
v 116.43 135.072 10.9708 
v 113.158 127.855 10.9435 
v 117.14 128.311 11.4652 
v 115.881 135.306 14.9574 
v 116.43 135.072 10.9708 
v 111.899 134.85 14.4357 
v 112.448 134.616 10.4491 
v 116.43 135.072 10.9708 
v 115.881 135.306 14.9574 
v 117.14 128.311 11.4652 
v 116.591 128.545 15.4518 
v 115.881 135.306 14.9574 
v 111.899 134.85 14.4357 
v 116.591 128.545 15.4518 
v 112.609 128.089 14.9301 
v 112.609 128.089 14.9301 
v 113.158 127.855 10.9435 
v 116.591 128.545 15.4518 
v 117.14 128.311 11.4652 
v 111.899 134.85 14.4357 
v 112.448 134.616 10.4491 
v 112.609 128.089 14.9301 
v 113.158 127.855 10.9435 

vn 0.133858 -0.0551181 -0.992126 
vn 0.133858 -0.0551181 -0.992126 
vn 0.133858 -0.0551181 -0.992126 
vn 0.133858 -0.0551181 -0.992126 
vn -0.102362 0.992126 -0.0708661 
vn -0.102362 0.992126 -0.0708661 
vn -0.102362 0.992126 -0.0708661 
vn -0.102362 0.992126 -0.0708661 
vn 0.984252 0.110236 0.125984 
vn 0.984252 0.110236 0.125984 
vn 0.984252 0.110236 0.125984 
vn 0.984252 0.110236 0.125984 
vn -0.133858 0.0551181 0.992126 
vn -0.133858 0.0551181 0.992126 
vn -0.133858 0.0551181 0.992126 
vn -0.133858 0.0551181 0.992126 
vn 0.102362 -0.992126 0.0708661 
vn 0.102362 -0.992126 0.0708661 
vn 0.102362 -0.992126 0.0708661 
vn 0.102362 -0.992126 0.0708661 
vn -0.984252 -0.110236 -0.125984 
vn -0.984252 -0.110236 -0.125984 
vn -0.984252 -0.110236 -0.125984 
vn -0.984252 -0.110236 -0.125984 

vt 4.50522 -4.75 
vt 4 -4.75 
vt 4.50522 -5.60203 
vt 4 -5.60203 
vt 4.50388 -4.75 
vt 4 -4.75 
vt 4.50388 -5.25522 
vt 4 -5.25522 
vt 4.50388 -4.75 
vt 4 -4.75 
vt 4.50388 -5.60203 
vt 4 -5.60203 
vt 4.50522 -4.75 
vt 4 -4.75 
vt 4.50522 -5.60203 
vt 4 -5.60203 
vt 4.50388 -4.75 
vt 4 -4.75 
vt 4.50388 -5.25522 
vt 4 -5.25522 
vt 4.50388 -4.75 
vt 4 -4.75 
vt 4.50388 -5.60203 
vt 4 -5.60203 

usemtl Part51Mtl

f 4041/4041/4041 4042/4042/4042 4043/4043/4043 
f 4043/4043/4043 4042/4042/4042 4044/4044/4044 
f 4045/4045/4045 4046/4046/4046 4047/4047/4047 
f 4047/4047/4047 4046/4046/4046 4048/4048/4048 
f 4049/4049/4049 4050/4050/4050 4051/4051/4051 
f 4051/4051/4051 4050/4050/4050 4052/4052/4052 
f 4053/4053/4053 4054/4054/4054 4055/4055/4055 
f 4055/4055/4055 4054/4054/4054 4056/4056/4056 
f 4057/4057/4057 4058/4058/4058 4059/4059/4059 
f 4059/4059/4059 4058/4058/4058 4060/4060/4060 
f 4061/4061/4061 4062/4062/4062 4063/4063/4063 
f 4063/4063/4063 4062/4062/4062 4064/4064/4064 

g Part109

v 116.286 135.687 11.5298 
v 116.286 135.687 11.5298 
v 116.43 135.072 10.9709 
v 116.347 135.108 11.5721 
v 116.286 135.687 11.5298 
v 112.305 135.23 11.0081 
v 116.347 135.108 11.5721 
v 112.365 134.651 11.0504 
v 112.305 135.23 11.0081 
v 112.305 135.23 11.0081 
v 112.365 134.651 11.0504 
v 112.448 134.616 10.4492 
v 112.448 134.616 10.4492 
v 116.43 135.072 10.9709 
v 112.365 134.651 11.0504 
v 116.347 135.108 11.5721 
v 112.305 135.23 11.0081 
v 116.286 135.687 11.5298 
v 112.448 134.616 10.4492 
v 116.43 135.072 10.9709 

vn 0.984252 0.110236 0.125984 
vn 0.984252 0.110236 0.125984 
vn 0.984252 0.110236 0.125984 
vn 0.984252 0.110236 0.125984 
vn -0.133858 0.0551181 0.992126 
vn -0.133858 0.0551181 0.992126 
vn -0.133858 0.0551181 0.992126 
vn -0.133858 0.0551181 0.992126 
vn -0.984252 -0.110236 -0.125984 
vn -0.984252 -0.110236 -0.125984 
vn -0.984252 -0.110236 -0.125984 
vn -0.984252 -0.110236 -0.125984 
vn 0.102362 -0.992126 0.0708661 
vn 0.102362 -0.992126 0.0708661 
vn 0.102362 -0.992126 0.0708661 
vn 0.102362 -0.992126 0.0708661 
vn 0.015748 0.677165 -0.740157 
vn 0.015748 0.677165 -0.740157 
vn 0.015748 0.677165 -0.740157 
vn 0.015748 0.677165 -0.740157 

vt 4.25 -4.25 
vt 4.25 -4.25 
vt 4.32599 -4.32297 
vt 4.25 -4.32297 
vt 4.75522 -4.25 
vt 4.25 -4.25 
vt 4.75522 -4.32297 
vt 4.25 -4.32297 
vt 4.32599 -4.25 
vt 4.32599 -4.25 
vt 4.32599 -4.32297 
vt 4.25 -4.32297 
vt 4.75522 -4.25 
vt 4.25 -4.25 
vt 4.75522 -4.32599 
vt 4.25 -4.32599 
vt 4.75522 -4.25 
vt 4.25 -4.25 
vt 4.75522 -4.35535 
vt 4.25 -4.35535 

usemtl Part51Mtl

f 4065/4065/4065 4066/4066/4066 4067/4067/4067 
f 4067/4067/4067 4066/4066/4066 4068/4068/4068 
f 4069/4069/4069 4070/4070/4070 4071/4071/4071 
f 4071/4071/4071 4070/4070/4070 4072/4072/4072 
f 4073/4073/4073 4074/4074/4074 4075/4075/4075 
f 4075/4075/4075 4074/4074/4074 4076/4076/4076 
f 4077/4077/4077 4078/4078/4078 4079/4079/4079 
f 4079/4079/4079 4078/4078/4078 4080/4080/4080 
f 4081/4081/4081 4082/4082/4082 4083/4083/4083 
f 4083/4083/4083 4082/4082/4082 4084/4084/4084 

g Part110

v 111.92 135.394 13.8009 
v 111.92 135.394 13.8009 
v 111.898 134.85 14.4445 
v 111.981 134.815 13.8433 
v 111.92 135.394 13.8009 
v 115.902 135.85 14.3226 
v 111.981 134.815 13.8433 
v 115.963 135.271 14.365 
v 115.902 135.85 14.3226 
v 115.902 135.85 14.3226 
v 115.963 135.271 14.365 
v 115.88 135.307 14.9662 
v 115.88 135.307 14.9662 
v 111.898 134.85 14.4445 
v 115.963 135.271 14.365 
v 111.981 134.815 13.8433 
v 115.902 135.85 14.3226 
v 111.92 135.394 13.8009 
v 115.88 135.307 14.9662 
v 111.898 134.85 14.4445 

vn -0.984252 -0.110236 -0.125984 
vn -0.984252 -0.110236 -0.125984 
vn -0.984252 -0.110236 -0.125984 
vn -0.984252 -0.110236 -0.125984 
vn 0.133858 -0.0551181 -0.992126 
vn 0.133858 -0.0551181 -0.992126 
vn 0.133858 -0.0551181 -0.992126 
vn 0.133858 -0.0551181 -0.992126 
vn 0.984252 0.110236 0.125984 
vn 0.984252 0.110236 0.125984 
vn 0.984252 0.110236 0.125984 
vn 0.984252 0.110236 0.125984 
vn 0.102362 -0.992126 0.0708661 
vn 0.102362 -0.992126 0.0708661 
vn 0.102362 -0.992126 0.0708661 
vn 0.102362 -0.992126 0.0708661 
vn -0.173228 0.755906 0.629921 
vn -0.173228 0.755906 0.629921 
vn -0.173228 0.755906 0.629921 
vn -0.173228 0.755906 0.629921 

vt 1 -6.25 
vt 1 -6.25 
vt 1.07599 -6.32297 
vt 1 -6.32297 
vt 1.50522 -6.25 
vt 1 -6.25 
vt 1.50522 -6.32297 
vt 1 -6.32297 
vt 1.07599 -6.25 
vt 1.07599 -6.25 
vt 1.07599 -6.32297 
vt 1 -6.32297 
vt 1.50522 -6.25 
vt 1 -6.25 
vt 1.50522 -6.32599 
vt 1 -6.32599 
vt 1.50522 -6.25 
vt 1 -6.25 
vt 1.50522 -6.35535 
vt 1 -6.35535 

usemtl Part51Mtl

f 4085/4085/4085 4086/4086/4086 4087/4087/4087 
f 4087/4087/4087 4086/4086/4086 4088/4088/4088 
f 4089/4089/4089 4090/4090/4090 4091/4091/4091 
f 4091/4091/4091 4090/4090/4090 4092/4092/4092 
f 4093/4093/4093 4094/4094/4094 4095/4095/4095 
f 4095/4095/4095 4094/4094/4094 4096/4096/4096 
f 4097/4097/4097 4098/4098/4098 4099/4099/4099 
f 4099/4099/4099 4098/4098/4098 4100/4100/4100 
f 4101/4101/4101 4102/4102/4102 4103/4103/4103 
f 4103/4103/4103 4102/4102/4102 4104/4104/4104 

